Specified Values,Specified Attribute Names,above_77k,Fitness,Accuracy,Numerosity,Avg Match Set Size,TimeStamp GA,Iteration Initialized,Specificity,Deletion Probability,Correct Count,Match Count
"[40.339916,125.196464], [54.41538857999999,121.25918142], [0.0004420667560822711,1.0187078196225898], [-10.919489000000002,51.472249000000005], [-7.070839350000014,110.11540935000001], [461.70217773588803,958.6301777358881], [0.23266060315518572,0.9461566917059103], [94.88463768115906,520.515362318841], [-134.18026147906414,230.58026147906418], [-30.1319213276563,113.6167702524761], [102.75,220.25], [45.200696818301196,189.2993031816988], [-1.0375000000000014,74.0375], [3203.157902948974,12012.990267556484], [-1272.081115,4519.081115], [26.146,181.954], [-12.916000000000011,204.56600000000003], [-7.622577000316014,213.10542299968404], [0.027789772254748768,1.2173236003848071], [-61.330000000000005,127.13], [-35.501395,106.65139500000001], [-23.79595100209945,52.28818678660745], [15.048119881436197,43.338179881436204], [0.39451315195206527,0.9844921251507448], [0.063271467422637,1.129041973648199], [-21.732750000000003,46.03275], [-14.539549999999998,19.53955], [-8.429435365808544,12.759562384730742], [-62.69043119999999,176.69043119999998], [-41.614686533533764,155.45668229959537], [-61.121811880756916,172.0043422574337], [0.37313594774388775,1.0103870499609482], [-114.39276760000001,126.39276760000001], [-30.701600000000006,81.70160000000001], [-34.72950288120078,39.925655303907426], [3.88,5.62], [2.5821359549995795,6.36213595499958], [0.2677689999999999,5.2322310000000005], [-0.385,1.385]","mean_atomic_mass, wtd_mean_atomic_mass, wtd_entropy_atomic_mass, range_atomic_mass, wtd_range_atomic_mass, gmean_fie, wtd_entropy_fie, wtd_range_fie, std_fie, wtd_std_fie, mean_atomic_radius, wtd_range_atomic_radius, std_atomic_radius, wtd_gmean_Density, std_Density, mean_ElectronAffinity, wtd_mean_ElectronAffinity, gmean_ElectronAffinity, wtd_entropy_ElectronAffinity, range_ElectronAffinity, wtd_range_ElectronAffinity, wtd_std_ElectronAffinity, gmean_FusionHeat, entropy_FusionHeat, wtd_entropy_FusionHeat, wtd_range_FusionHeat, std_FusionHeat, wtd_std_FusionHeat, mean_ThermalConductivity, gmean_ThermalConductivity, wtd_gmean_ThermalConductivity, entropy_ThermalConductivity, range_ThermalConductivity, wtd_range_ThermalConductivity, wtd_std_ThermalConductivity, wtd_mean_Valence, gmean_Valence, wtd_range_Valence, std_Valence",0.0,1.0,1.0,1,1.0,30,0,0.48148148148148145,,3,3
"[33.006091500000004,119.88303350000001], [26.766374039999995,136.14712596], [-12.942566049684608,131.6559109987696], [0.6341585035344534,1.7649229869621466], [-29.866063607142905,103.7673778928571], [10.991951622878595,76.65475662287861], [568.976,1019.024], [0.8237629312520942,1.7411150451030257], [601.88,1019.32], [129.5,199.5], [95.32142857142901,247.821428571429], [83.255987081769,223.255987081769], [-15.026483790992273,145.88362664813508], [42.875802156443406,112.17580215644341], [39.74060072219035,96.08221302680346], [1190.0899385714301,9773.746918571429], [1391.3997149999996,16525.742285], [84.87034091628993,6305.00755091629], [1193.78190601612,5358.15470799192], [2.5794999999999817,151.89550000000003], [-16.780000000000015,177.98000000000002], [-9.769035350561303,116.8249646494387], [-57.174070606024216,170.04592939397583], [0.7271924165626489,1.1795503512036571], [3.232108571428604,90.71074857142861], [9.220062523426058,100.44144793033334], [24.752777885275666,80.54781226366073], [-22.584287387482334,35.04361261251768], [0.704337795256549,1.245958872190851], [-20.59955357142857,31.76469642857143], [-13.382269712420598,23.2785802875794], [-12.694909057407676,21.414209272728733], [77.27044214285701,280.737152142857], [0.03397613652436221,0.6385476950379838], [-0.2254758295270385,0.6294080824504645], [322.5780694,477.36877059999995], [91.13677428571398,251.712774285714], [127.48551932391139,255.4657904983826], [0.27,4.23], 1.0, [-0.7570894285714291,1.899946571428571]","mean_atomic_mass, wtd_mean_atomic_mass, gmean_atomic_mass, entropy_atomic_mass, wtd_range_atomic_mass, std_atomic_mass, mean_fie, wtd_entropy_fie, range_fie, mean_atomic_radius, wtd_mean_atomic_radius, wtd_gmean_atomic_radius, wtd_range_atomic_radius, std_atomic_radius, wtd_std_atomic_radius, wtd_mean_Density, range_Density, std_Density, wtd_std_Density, mean_ElectronAffinity, wtd_mean_ElectronAffinity, gmean_ElectronAffinity, wtd_gmean_ElectronAffinity, wtd_entropy_ElectronAffinity, wtd_range_ElectronAffinity, std_ElectronAffinity, wtd_std_ElectronAffinity, wtd_gmean_FusionHeat, wtd_entropy_FusionHeat, wtd_range_FusionHeat, std_FusionHeat, wtd_std_FusionHeat, wtd_mean_ThermalConductivity, entropy_ThermalConductivity, wtd_entropy_ThermalConductivity, range_ThermalConductivity, wtd_range_ThermalConductivity, wtd_std_ThermalConductivity, mean_Valence, range_Valence, wtd_range_Valence",1.0,0.048282842081079885,0.5454545454545454,1,5.2821504,75,1,0.5061728395061729,,6,11
"5.0, [39.437091,138.436397], [-24.868424536697198,127.04928646330279], [-36.63775372791813,106.20573638317634], [24.763099722954802,68.2015707229548], [30.118475159399303,58.403991159399304], [647.0055835527463,1237.3034799432276], [0.9127713505544324,2.1642817625478474], [0.3525521655896321,1.514531509800812], [575.79,1045.41], [508.55731418694336,871.5952852014366], [263.4377419363447,416.7696796218193], [50.9580691314587,125.9580691314587], [0.8429899633368493,2.171005600642931], [152.51999999999998,257.48], [-58.25476808507062,109.86027267222661], [46.72874972259209,94.0837497225921], [43.44906130165363,108.53333758456877], [-5209.651249862391,11280.00558013761], [-7162.374709154854,7294.786094303627], [4666.74251,13250.39949], [437.7934844040997,5478.249499404101], [53.86969418960199,167.47969418960201], [-43.0600325225555,148.4539674774445], [9.752258532110105,140.9702185321101], [-4.288444288408108,104.8514275377131], [19.37617885252507,75.17121323091013], [-8.43619,24.044990000000002], [-18.115712627915123,26.93882737208488], [0.585279949312065,1.7209370461097953], [-2.7396687250488005,11.718131274951201], [-7.81468207767194,19.059168727890082], [2.0236762746177135,189.2130494746177], [-0.130421545044283,1.046042028279521], [-0.3549633700072351,0.774128589208335], [346.22664875,453.72019124999997], [-46.7680680733945,230.22553192660553], [1.3621580450493502,3.3421580450493504], [0.65519257999396,3.53519257999396], [-0.1101020514433641,1.089897948556636]","number_of_elements, mean_atomic_mass, wtd_mean_atomic_mass, wtd_gmean_atomic_mass, std_atomic_mass, wtd_std_atomic_mass, wtd_gmean_fie, entropy_fie, wtd_entropy_fie, range_fie, wtd_range_fie, wtd_std_fie, wtd_gmean_atomic_radius, entropy_atomic_radius, range_atomic_radius, wtd_range_atomic_radius, std_atomic_radius, wtd_std_atomic_radius, wtd_mean_Density, wtd_gmean_Density, range_Density, std_Density, wtd_mean_ElectronAffinity, gmean_ElectronAffinity, wtd_range_ElectronAffinity, std_ElectronAffinity, wtd_std_ElectronAffinity, mean_FusionHeat, gmean_FusionHeat, wtd_entropy_FusionHeat, std_FusionHeat, wtd_std_FusionHeat, wtd_mean_ThermalConductivity, entropy_ThermalConductivity, wtd_entropy_ThermalConductivity, range_ThermalConductivity, wtd_range_ThermalConductivity, gmean_Valence, wtd_gmean_Valence, std_Valence",0.0,0.13168724279835387,0.6666666666666666,1,6.39627753472,95,2,0.49382716049382713,,10,15
"4.0, [0.6994463413193721,1.3848175211333678], [15.448478612711199,88.1826626127112], [420.12362417127304,1048.3156241712732], [0.03801292290187275,1.5669331126534254], [562.519565217391,900.520434782609], [224.3120531154478,483.0596979596861], [58.0,245.5], [47.55219655162301,215.052196551623], [26.736451759572205,141.73645175957222], [0.9646896882520235,1.5858582927984164], [86.52,255.48000000000002], [1497.8430199999998,7370.87148], [-1714.3890550000006,7546.925055000001], [-3956.1723035547325,5305.141806445268], [-7062.786714159626,7168.480951744817], [0.30220749637432753,1.6897580627624944], [2520.828264999999,15396.313735], [-5297.955371428569,8386.88222857143], [1955.0656383864302,4850.646753386431], [-16.149500000000003,175.36450000000002], [0.6370614984058639,1.5562820391445564], [0.21271005159487189,1.335227889407744], [6.431554100184265,80.82493327136433], [-32.668935150636734,39.62788484936328], [-16.24596199750157,18.33077800249843], [0.40704790732789453,1.7701027764420854], [-10.83036473684917,20.17792465418393], [-15.690732657142888,138.9439669428571], [-90.19586607046294,106.87550276266619], [-0.02931073305704479,0.8366971750840888], [-0.001920729433291024,0.611014905569447], [0.24142857142856977,4.261428571428571], [0.024646270506159862,4.404646270506159], [0.8976904277500146,1.8401542937304252], [0.7181534337791962,1.439556724106664], 1.0, [-0.8485692857142901,2.9971407142857105]","number_of_elements, wtd_entropy_atomic_mass, wtd_std_atomic_mass, gmean_fie, wtd_entropy_fie, wtd_range_fie, wtd_std_fie, mean_atomic_radius, gmean_atomic_radius, wtd_gmean_atomic_radius, entropy_atomic_radius, range_atomic_radius, mean_Density, wtd_mean_Density, gmean_Density, wtd_gmean_Density, entropy_Density, range_Density, wtd_range_Density, std_Density, mean_ElectronAffinity, entropy_ElectronAffinity, wtd_entropy_ElectronAffinity, wtd_std_ElectronAffinity, gmean_FusionHeat, wtd_gmean_FusionHeat, entropy_FusionHeat, wtd_std_FusionHeat, wtd_mean_ThermalConductivity, gmean_ThermalConductivity, entropy_ThermalConductivity, wtd_entropy_ThermalConductivity, wtd_mean_Valence, wtd_gmean_Valence, entropy_Valence, wtd_entropy_Valence, range_Valence, wtd_range_Valence",0.0,0.3276800000000001,0.8,1,3.4000000000000004,79,3,0.4691358024691358,,4,5
"3.0, [36.726322381340566,140.23609782416264], [0.41560442641878603,1.7249106703876937], [398.62800000000004,1045.5720000000001], [516.175275661315,891.215275661315], [0.7167564743981675,1.4288227432909726], [18.562554713769295,65.9175547137693], [-1262.1059420214197,15453.43659797858], [0.7632135208142434,1.3299595268037765], [265.62867000000006,10656.37133], [-2876.25926157965,10359.89513842035], [502.4006201561101,4148.687950156111], [-964.1289141342677,6219.414169273988], [44.79266666666699,168.14066666666702], [55.040253012047984,220.58625301204802], [1.734073503333292,177.0180735033333], [59.64703968811699,182.995039688117], [0.0016564604509488046,1.2414522813188973], [2.8027499999999996,28.99725], [-14.9715504850264,36.3696695149736], [-0.08148267299576495,1.176475957303259], [4.103060583611416,25.808863157334585], [7.618455400000002,94.0615446], [-79.4030169851406,193.2423744148594], [-59.79466550752816,71.80880860274078], [4.251244979919679,7.37124497991968], [3.1422031559045998,6.3822031559046], [4.5139538614309895,6.97395386143099], [0.6479471349491446,1.4618932010231354], [0.35554999097091194,1.2524297573239802], [0.47194338554216975,5.5762493855421695], [0.2784480782014881,1.178448078201488]","number_of_elements, wtd_gmean_atomic_mass, entropy_atomic_mass, mean_fie, gmean_fie, entropy_fie, std_atomic_radius, wtd_mean_Density, entropy_Density, range_Density, wtd_range_Density, std_Density, wtd_std_Density, mean_ElectronAffinity, wtd_mean_ElectronAffinity, gmean_ElectronAffinity, wtd_gmean_ElectronAffinity, wtd_entropy_ElectronAffinity, mean_FusionHeat, gmean_FusionHeat, wtd_entropy_FusionHeat, wtd_std_FusionHeat, mean_ThermalConductivity, wtd_mean_ThermalConductivity, wtd_gmean_ThermalConductivity, wtd_mean_Valence, gmean_Valence, wtd_gmean_Valence, entropy_Valence, wtd_entropy_Valence, wtd_range_Valence, wtd_std_Valence",0.0,1.0,1.0,1,1.25,52,4,0.3950617283950617,,4,4
"5.0, [3.645770143076895,98.84753570307691], [30.984545659707234,90.04589544006177], [-5.634662146153804,47.8187144538462], [16.4120030641059,71.9728380641059], [448.41902214641607,1095.363022146416], [709.1554491022272,1166.1602721142126], [0.8728067434054615,2.2322059840189987], [172.4674303303088,392.32308800370123], [280.05981900122896,404.642018370677], [2.184181151662088,177.18418115166213], [0.8372097662242991,2.1652254035303806], [-50.01419187281312,127.70742264204392], [30.65281458865909,109.1928145886591], [-2072.8283549999996,11706.199955], [-4798.124971589101,6947.9319484109], [0.677295198359689,1.9671309361289708], [0.3880684627661136,1.2568128414177724], [-3322.10016923077,7446.29663076923], [-6.127523076922998,224.338476923077], [-0.9073314615384902,154.36725453846148], [15.692956313850303,83.3233010149231], [-22.51895846153846,33.013381538461545], [-23.740375414551863,32.839744585448145], [0.5597707134094838,1.538182981419836], [-16.49618461538462,22.52031538461538], [-6.146960331915549,15.02338966808445], [-10.633523658167158,21.9251802024176], [45.3814809615385,147.1148359615385], [-74.10640028691941,76.2975701248165], [-0.3797954353516155,0.7976861792589074], [281.73052325,518.21631675], [69.980392823704,231.22000532370402], [120.43245380975682,212.15164815146116], [0.1299999999999999,4.2700000000000005], [0.06692307692307997,4.08692307692308], [0.32336223306145007,3.8033622330614496], [0.8230598996795022,2.3652734985565376], 1.0, [-0.4624378461538503,2.6141301538461503], [-0.07999999999999996,0.88]","number_of_elements, wtd_mean_atomic_mass, gmean_atomic_mass, wtd_range_atomic_mass, wtd_std_atomic_mass, gmean_fie, wtd_gmean_fie, entropy_fie, std_fie, wtd_std_fie, wtd_gmean_atomic_radius, entropy_atomic_radius, wtd_range_atomic_radius, std_atomic_radius, mean_Density, gmean_Density, entropy_Density, wtd_entropy_Density, wtd_range_Density, wtd_mean_ElectronAffinity, wtd_range_ElectronAffinity, wtd_std_ElectronAffinity, wtd_mean_FusionHeat, gmean_FusionHeat, wtd_entropy_FusionHeat, wtd_range_FusionHeat, std_FusionHeat, wtd_std_FusionHeat, wtd_mean_ThermalConductivity, wtd_gmean_ThermalConductivity, wtd_entropy_ThermalConductivity, range_ThermalConductivity, std_ThermalConductivity, wtd_std_ThermalConductivity, mean_Valence, wtd_mean_Valence, wtd_gmean_Valence, entropy_Valence, range_Valence, wtd_range_Valence, std_Valence",1.0,0.019403791345598595,0.45454545454545453,1,6.9812096,68,6,0.5061728395061729,,5,11
"5.0, [-6.252847715805885,142.8012289218579], [0.7415763370580054,2.150072447994255], [518.396,968.444], [618.9967339544507,862.1289803312632], [576.8684709798961,833.933683924138], [-168.56138716356207,745.29281573499], [234.15616037238027,359.07414768680775], [104.35,236.85], [133.257142857143,203.257142857143], [79.98735241931601,217.487352419316], [114.74250757725,187.24250757725], [1.1964134797166937,1.8175820842630865], [-17.964410615679476,128.53583918710808], [45.790322721033476,84.64660706904252], [-3626.942615,12862.714215], [-1482.8528650000007,12747.946865], [-4712.920389135565,8388.881588998684], [0.8066597133704495,1.8424368967306304], [0.4309752401115713,1.4870958572959405], [-3339.13534285714,11018.72705714286], [-902.7533280958996,6818.7963119041], [-557.7252659591873,7042.255097646646], [10.015999999999991,133.364], [33.85571428571429,131.2357142857143], [-5.731032522555502,111.1249674774445], [0.9032803503432982,1.804823572990862], [0.5202660554156971,1.575767902911383], [79.935,174.165], [-27.986667142857108,125.10095285714291], [6.299752232036489,94.26323101726851], [17.833678959134012,83.77326504267998], [0.558275796674291,1.5891030076137689], [-4.934260000000002,30.690260000000002], [-4.632123797534449,13.456045013901528], [0.01663640162119251,0.8989840816140455], [159.7241944943012,223.71433008153681], [1.1713440654781062,2.0067097648698335]","number_of_elements, wtd_gmean_atomic_mass, entropy_atomic_mass, mean_fie, wtd_mean_fie, wtd_gmean_fie, wtd_range_fie, std_fie, mean_atomic_radius, wtd_mean_atomic_radius, gmean_atomic_radius, wtd_gmean_atomic_radius, entropy_atomic_radius, wtd_range_atomic_radius, wtd_std_atomic_radius, mean_Density, wtd_mean_Density, wtd_gmean_Density, entropy_Density, wtd_entropy_Density, wtd_range_Density, std_Density, wtd_std_Density, mean_ElectronAffinity, wtd_mean_ElectronAffinity, gmean_ElectronAffinity, entropy_ElectronAffinity, wtd_entropy_ElectronAffinity, range_ElectronAffinity, wtd_range_ElectronAffinity, std_ElectronAffinity, wtd_std_ElectronAffinity, wtd_entropy_FusionHeat, range_FusionHeat, wtd_std_FusionHeat, entropy_ThermalConductivity, wtd_std_ThermalConductivity, entropy_Valence",0.0,0.13168724279835387,0.6666666666666666,1,3.0,71,7,0.4691358024691358,,2,3
"[76.13537099999999,130.686009], [17.457257768350466,135.57995732905954], [0.6605825375908396,1.8746686275470603], [134.7487112,251.2132888], [40.61807333572129,92.1381203357213], [41.1742656967336,108.8574646967336], [603.24,931.4000000000001], [607.2047222222209,1278.2497222222232], [409.806644773863,1037.998644773863], [492.9875,1080.0125], [359.8987439613518,760.4923671497581], [200.9143345163372,474.0368485185888], [45.805555555556,193.305555555556], [105.028768390999,175.028768390999], [37.67497542320589,157.6749754232059], [1.0087864364456993,2.017772976267161], [-42.8770809594766,101.221525403921], [44.60408977801261,94.2690897780126], [37.2081489086458,104.2352394089614], [2665.7715699999994,8538.80003], [-3805.3933446668766,4100.86646972448], [1.0515493567483274,1.5401234998427524], [6164.39964,13392.74236], [-1471.1007111111098,5707.830488888891], [565.7253427313344,7853.377746188985], [-30.98400000000001,196.23600000000002], [10.961611111110983,189.491611111111], [-28.21081790455611,166.5491820954439], [1.059587701871669,1.7136484712434308], [-12.762203645122646,114.04469266938884], [-33.60252777777778,44.98097222222222], [0.9347826902041872,1.8299232012642528], [-9.082421896788837,19.34184337832484], [-8.53671,190.947342], [-63.2471163776021,79.78855454966906], [0.17257557677512847,0.9629399482260275], [240.88297709999998,559.0638629], [-45.8913688888889,134.7566311111111], [0.7288888888888896,4.7488888888888905], [1.235468478645446,1.813798578224334], [0.7781618757406024,1.9869998216947378], 3.0, [-0.9473774444444442,2.758488555555556], [0.45491106406734994,2.07491106406735], [0.7477046504065701,1.76770465040657]","mean_atomic_mass, gmean_atomic_mass, wtd_entropy_atomic_mass, range_atomic_mass, std_atomic_mass, wtd_std_atomic_mass, mean_fie, wtd_mean_fie, gmean_fie, range_fie, wtd_range_fie, wtd_std_fie, wtd_mean_atomic_radius, gmean_atomic_radius, wtd_gmean_atomic_radius, wtd_entropy_atomic_radius, wtd_range_atomic_radius, std_atomic_radius, wtd_std_atomic_radius, mean_Density, wtd_gmean_Density, entropy_Density, range_Density, wtd_range_Density, wtd_std_Density, mean_ElectronAffinity, wtd_mean_ElectronAffinity, wtd_gmean_ElectronAffinity, entropy_ElectronAffinity, wtd_std_ElectronAffinity, wtd_mean_FusionHeat, entropy_FusionHeat, wtd_std_FusionHeat, mean_ThermalConductivity, gmean_ThermalConductivity, wtd_entropy_ThermalConductivity, range_ThermalConductivity, wtd_range_ThermalConductivity, wtd_mean_Valence, entropy_Valence, wtd_entropy_Valence, range_Valence, wtd_range_Valence, std_Valence, wtd_std_Valence",0.0,1.0,1.0,1,1.0,8,8,0.5555555555555556,,1,1
"3.0, [151.4709318,262.8772532], [140.92716476605187,273.4196773328641], [-22.203201203236162,23.25566379676384], [389.88863382094405,943.072633820944], [573.3720910333755,849.4791716031166], [0.3612794407801705,1.8285675100138297], [-20.587741670553655,134.31056259933644], [110.025,197.525], [0.2946546092619938,1.9011251382612864], [-0.21933101085138534,0.6754306376695334], [-30.520000000000003,56.52], [81.48309229555602,203.96690770444397], [7601.71435,14378.28565], [3273.4827267825995,18633.7110067826], [4307.865548739499,18313.240077089904], [0.567691121530711,1.623011270614669], [-5497.171285,9637.171285], [4471.2768,16585.7232], [-36.019000000000005,136.019], [-47.46566194701011,121.32633805298991], [-0.06540098219731122,0.6717749112917393], [-13.504999999999995,157.505], [-9.026027279400637,70.79268495164324], [-29.0787598143609,41.122500185639105], [-8.24314289426989,17.95135710573011], [-27.916124999999997,36.769124999999995], [-51.25563157133965,98.13718028603245], [-35.598461528085956,103.52521110276976], [2.3248676411688596,5.50486764116886], [2.55355135161308,5.43355135161308], [-0.187600398585162,0.650787209092706], 2.0, [2.431443,5.018557], [-0.06850341907227397,1.701496580927726]","number_of_elements, wtd_mean_atomic_mass, wtd_gmean_atomic_mass, wtd_std_atomic_mass, gmean_fie, wtd_gmean_fie, entropy_fie, std_fie, wtd_mean_atomic_radius, entropy_atomic_radius, wtd_entropy_atomic_radius, range_atomic_radius, wtd_range_atomic_radius, mean_Density, gmean_Density, wtd_gmean_Density, entropy_Density, range_Density, wtd_range_Density, mean_ElectronAffinity, wtd_gmean_ElectronAffinity, wtd_entropy_ElectronAffinity, range_ElectronAffinity, std_ElectronAffinity, gmean_FusionHeat, wtd_gmean_FusionHeat, wtd_range_FusionHeat, gmean_ThermalConductivity, wtd_gmean_ThermalConductivity, gmean_Valence, wtd_gmean_Valence, wtd_entropy_Valence, range_Valence, wtd_range_Valence, std_Valence",0.0,1.0,1.0,1,1.0,10,10,0.43209876543209874,,1,1
"3.0, [-16.996865900000003,53.898065900000006], [-32.750583644118414,79.26232111172641], [0.48627968441483005,1.3988264605143719], [6.899993299999998,67.21200669999999], [-37.743699116666676,42.43636578333333], [409.8679067369103,1123.9379426931378], [0.6530810992127098,1.5377694938977102], [-301.13,585.9300000000001], [-64.15355205626365,180.68570308001426], [61.716666666666995,159.21666666666698], [50.456775808326995,210.456775808327], [51.88,126.12], [-2.9602845091736043,76.7347154908264], [9.554748931956837,59.096511475668365], [-147.79041833332985,5951.12375166667], [-3643.8369287202604,9005.76283127974], [-2030.0461191727354,7005.679382988816], [0.4378737345859971,1.357720723746577], [-5362.88556,10900.885559999999], [-93.70500000000001,147.10500000000002], [-39.454599,76.454599], [-21.346870428652103,43.8112620048531], [-9.824520000000003,61.42452], [2.9899266666666975,72.14340666666669], [-6.0830389983625,46.3059610016375], [14.147683439455896,47.6766434394559], [21.392179999999996,61.20782], [-1.570757645844786,37.18960409294659], [14.808552366666703,124.5247809666667], [-70.38239244520544,161.65325150347883], [-21.0904429,297.09044289999997], [-97.3869333333333,155.52026666666669], [27.360274370875295,100.45556537087529], [2.10449914061482,3.6644991406148204], [1.4644946264880399,4.284494626488041], [0.40408911206626724,1.2814714921942687], 2.0, [0.4462869999999999,2.7537130000000003]","number_of_elements, wtd_mean_atomic_mass, gmean_atomic_mass, entropy_atomic_mass, range_atomic_mass, wtd_range_atomic_mass, wtd_gmean_fie, entropy_fie, range_fie, std_fie, wtd_mean_atomic_radius, gmean_atomic_radius, range_atomic_radius, std_atomic_radius, wtd_std_atomic_radius, mean_Density, gmean_Density, wtd_gmean_Density, wtd_entropy_Density, range_Density, range_ElectronAffinity, wtd_range_ElectronAffinity, std_ElectronAffinity, mean_FusionHeat, wtd_mean_FusionHeat, gmean_FusionHeat, wtd_gmean_FusionHeat, range_FusionHeat, wtd_std_FusionHeat, mean_ThermalConductivity, gmean_ThermalConductivity, range_ThermalConductivity, wtd_range_ThermalConductivity, std_ThermalConductivity, gmean_Valence, wtd_gmean_Valence, wtd_entropy_Valence, range_Valence, wtd_range_Valence",0.0,1.0,1.0,1,1.0,11,11,0.48148148148148145,,1,1
"[22.31113033333331,171.82028633333329], [-15.771693792826902,109.8136139671731], [18.846656358084097,134.93275765050512], [-33.39168585237162,99.10082671444063], [0.8757847463278687,2.3636327508379913], [-59.831703301245334,75.85763729875467], [12.4220718233999,67.9829068233999], [871.1322911816162,1172.6162766888638], [468.21747668164704,965.1454766816471], [816.1938437439856,1101.8218581264764], [1.3701958019517253,2.1038398365685547], [0.5315213709859663,1.3877166772468357], [185.79036822817594,487.66262054645404], [28.580635118306006,186.08063511830602], [55.914844518031,243.414844518031], [27.3218151656012,88.53681516560121], [1196.4906633333303,13394.31900333333], [-5175.61476353051,10862.27064646949], [-4209.74878105126,7536.308138948741], [-4578.372092801428,4683.2465469141625], [1.034126566480411,1.6985874010888289], [17630.28535,24406.85665], [5100.89202957555,8425.448124575549], [7.695999999999998,114.81400000000001], [1.1423486171930808,1.7080227961091992], [0.19023643687518788,1.31275427468806], [2.5028066264010107,157.77739262640097], [16.75798718991185,86.80297955592994], [-20.0869566666667,43.8276233333333], [-22.782580210896175,34.84531978910383], [-15.047992378187901,17.433187621812102], [0.812162271060868,2.0328084225064122], [0.8232312598262069,2.098661537768273], [12.346289999999996,53.20971], [-125.13109170411008,126.79555873554756], [0.11492166211293597,0.695597526852372], [243.03284794999996,556.9139920499999], [-23.853044009962616,160.8093559900374], [102.96777130422501,180.362785304225], [1.2259526774595302,3.26595267745953], [1.0434994854780886,2.2858382179068113], [0.9650372847081392,1.9594039821865408], 5.0, [-0.5189813848069702,2.5575866151930304]","mean_atomic_mass, wtd_mean_atomic_mass, gmean_atomic_mass, wtd_gmean_atomic_mass, entropy_atomic_mass, wtd_range_atomic_mass, wtd_std_atomic_mass, wtd_mean_fie, gmean_fie, wtd_gmean_fie, entropy_fie, wtd_entropy_fie, wtd_std_fie, wtd_mean_atomic_radius, gmean_atomic_radius, std_atomic_radius, mean_Density, wtd_mean_Density, gmean_Density, wtd_gmean_Density, entropy_Density, range_Density, std_Density, mean_ElectronAffinity, entropy_ElectronAffinity, wtd_entropy_ElectronAffinity, wtd_range_ElectronAffinity, std_ElectronAffinity, mean_FusionHeat, gmean_FusionHeat, wtd_gmean_FusionHeat, entropy_FusionHeat, wtd_entropy_FusionHeat, range_FusionHeat, wtd_gmean_ThermalConductivity, wtd_entropy_ThermalConductivity, range_ThermalConductivity, wtd_range_ThermalConductivity, std_ThermalConductivity, wtd_mean_Valence, entropy_Valence, wtd_entropy_Valence, range_Valence, wtd_range_Valence",0.0,1.0,1.0,1,1.0,46,12,0.5432098765432098,,2,2
"[74.724738,131.29577], [41.61011198,189.47668402], [0.7221843284267718,2.051328545789148], [0.5197701982737241,1.753438321938916], [149.3067834,236.6552166], [8.400442316666684,125.5866910166667], [39.89122969916539,92.4214736991654], [38.15565142713919,106.8490474271392], [433.99278985507124,1085.5872101449286], [545.01399924245,910.67799924245], [424.7678793391715,1024.5867095424026], [1.1385733648019063,1.9585284623148336], [1.0919773087592868,1.8666302049000734], [203.36185541889643,363.2568791813636], [86.6880053841881,431.68486517650587], [108.75,191.25], [63.73333333333299,238.733333333333], [58.562580313073,208.562580313073], [0.7054621510485634,2.076160846655077], [137.72,204.28], [15.576170128845582,85.22382987115441], [-2462.7203116416804,4765.62240835832], [-3571.7130820588627,6593.478107872883], [0.667356658506806,1.918106464828534], [0.5273604072477173,1.7027204489529026], [-217.5329666666703,6737.05663333333], [395.0793249849403,7044.19151498494], [2341.155852943345,5464.435454425195], [10.813999999999993,153.638], [-64.91377422048501,175.290225779515], [-43.37315407496631,141.6488459250337], [6.840000000000003,265.1], [-48.47862633333328,106.79595966666669], [-8.536190000000001,23.94499], [-10.97693,27.79093], [-13.440097843151962,22.184422156848044], [0.587827048876656,1.8807289744617641], [-27.719541666666668,34.912208333333325], [-11.609448063422363,19.915646150794622], [-95.0328210281068,111.57425920017376], [-90.56135473394532,108.72390606160475], [0.05192300852886522,0.9179309166699988], [123.659790549613,186.005774049613], [87.34920570002922,200.3984452374788], [1.3599999999999999,4.24], [1.70517108469735,3.50517108469735], [0.7111623326612491,1.881005506165251], [0.25119037896905994,2.08119037896906]","mean_atomic_mass, wtd_mean_atomic_mass, entropy_atomic_mass, wtd_entropy_atomic_mass, range_atomic_mass, wtd_range_atomic_mass, std_atomic_mass, wtd_std_atomic_mass, wtd_mean_fie, gmean_fie, wtd_gmean_fie, entropy_fie, wtd_entropy_fie, std_fie, wtd_std_fie, mean_atomic_radius, wtd_mean_atomic_radius, gmean_atomic_radius, wtd_entropy_atomic_radius, range_atomic_radius, wtd_range_atomic_radius, gmean_Density, wtd_gmean_Density, entropy_Density, wtd_entropy_Density, wtd_range_Density, std_Density, wtd_std_Density, mean_ElectronAffinity, gmean_ElectronAffinity, wtd_gmean_ElectronAffinity, range_ElectronAffinity, wtd_range_ElectronAffinity, mean_FusionHeat, wtd_mean_FusionHeat, gmean_FusionHeat, wtd_entropy_FusionHeat, wtd_range_FusionHeat, wtd_std_FusionHeat, gmean_ThermalConductivity, wtd_gmean_ThermalConductivity, entropy_ThermalConductivity, std_ThermalConductivity, wtd_std_ThermalConductivity, mean_Valence, gmean_Valence, wtd_entropy_Valence, std_Valence",0.0,1.0,1.0,1,1.5,71,13,0.5925925925925926,,2,2
"5.0, [68.33778199999999,137.031178], [30.04817115628589,123.73169149753792], [0.745410449703756,2.0547166936726637], [0.942950435487194,1.7262317838460461], [648.696,1051.864], [650.4793164903975,1370.1507657657626], [509.942418352743,1100.630418352743], [629.9271236543627,1248.7878214830932], [0.6951699915966392,1.3271236700272808], [419.14891108499717,932.4094907951429], [64.24113119768,219.24113119768], [0.7216535710500045,1.9781273753559754], [-21.773977506471148,129.52955917509635], [56.557752882900424,114.84217940491399], [-1213.6283250000006,15727.799925], [-353.7952032491203,7100.43322675088], [2286.6601035147505,7434.35986351475], [2203.75612169075,6784.566203864129], [8.87599999999999,132.224], [-24.573210340775603,215.6307896592244], [-32.20347426584671,94.3905257341533], [0.8397678109950031,1.599892488913537], [11.870000000000005,270.13], [0.6869269119116969,1.419314602779023], [-0.8288183782676004,26.537731621732398], [-5.278641784054859,19.52798972877162], [-51.7745036795535,163.9002089204465], [0.26966412152833497,0.914859526794375], [238.73310624999996,561.21373375], [-27.276961198589902,121.2558388014101], [86.61007869338701,217.751630193387], [1.5099999999999998,4.09], [1.01560123107952,3.11560123107952], 4.0, [-1.4237597250293774,3.1910922749706234], [0.8800000000000001,2.3200000000000003]","number_of_elements, mean_atomic_mass, gmean_atomic_mass, entropy_atomic_mass, wtd_entropy_atomic_mass, mean_fie, wtd_mean_fie, gmean_fie, wtd_gmean_fie, wtd_entropy_fie, wtd_range_fie, gmean_atomic_radius, wtd_entropy_atomic_radius, wtd_range_atomic_radius, wtd_std_atomic_radius, mean_Density, wtd_mean_Density, std_Density, wtd_std_Density, mean_ElectronAffinity, wtd_mean_ElectronAffinity, gmean_ElectronAffinity, entropy_ElectronAffinity, range_ElectronAffinity, entropy_FusionHeat, std_FusionHeat, wtd_std_FusionHeat, wtd_mean_ThermalConductivity, wtd_entropy_ThermalConductivity, range_ThermalConductivity, wtd_range_ThermalConductivity, std_ThermalConductivity, mean_Valence, wtd_gmean_Valence, range_Valence, wtd_range_Valence, std_Valence",0.0,1.0,1.0,1,1.0,15,15,0.4567901234567901,,2,2
"6.0, [-10.802224419675397,137.86944916535498], [-16.2077859808046,93.5125759885868], [0.9747764316989361,1.9930421845654438], [150.6459703,231.75522970000003], [520.116666666667,988.916666666667], [579.367341366741,860.647341366741], [811.3403595943989,1058.8846387258911], [1.4055580166198918,2.074468754064648], [151.57689129910537,366.4358294799207], [120.75,203.25], [65.92127343329199,225.921273433292], [52.963617062895494,127.9636170628955], [1.306846003096636,2.120791071122944], [45.89447592428034,87.66498159839007], [1211.4001399999997,8439.74286], [-2113.8873550000003,9406.283855], [0.8464919617712839,1.9408980423027962], [4900.828264999999,17776.313735], [3124.0264181206726,5726.759419355547], [17.731631249999992,183.27763125], [-80.64896000687031,136.83303999312972], [-8.9409926075637,146.86700739243628], [0.8044821589386277,1.8297666082240922], [9.553381926559268,99.14581402262893], [12.991778448201217,95.83895070701539], [-8.8041275,18.4381525], [-10.490991147195839,19.89462885280416], [-35.80356204056101,38.58881795943899], [0.8237458079205678,1.9069879617891718], [-11.515875000000001,16.206375], [-7.630537074569199,16.1215629254308], [-8.510735399999987,237.5195954], [-66.15011903461874,69.21345433594357], [0.024221931804289,1.2178334315464632], [0.7203099999999978,149.25311], [104.02801065492599,183.57288615492598], [1.18,3.8200000000000003], [0.967154134673924,2.530787366868696], 2.0, [-0.22623738417402695,1.753762615825973], [0.19578397759565103,1.155783977595651]","number_of_elements, gmean_atomic_mass, wtd_gmean_atomic_mass, wtd_entropy_atomic_mass, range_atomic_mass, mean_fie, gmean_fie, wtd_gmean_fie, entropy_fie, std_fie, mean_atomic_radius, gmean_atomic_radius, wtd_gmean_atomic_radius, entropy_atomic_radius, wtd_std_atomic_radius, mean_Density, wtd_mean_Density, entropy_Density, range_Density, wtd_std_Density, wtd_mean_ElectronAffinity, gmean_ElectronAffinity, wtd_gmean_ElectronAffinity, entropy_ElectronAffinity, std_ElectronAffinity, wtd_std_ElectronAffinity, wtd_mean_FusionHeat, gmean_FusionHeat, wtd_gmean_FusionHeat, wtd_entropy_FusionHeat, wtd_range_FusionHeat, std_FusionHeat, mean_ThermalConductivity, wtd_gmean_ThermalConductivity, wtd_entropy_ThermalConductivity, wtd_range_ThermalConductivity, std_ThermalConductivity, mean_Valence, entropy_Valence, range_Valence, std_Valence, wtd_std_Valence",1.0,1.0,1.0,1,1.5,93,17,0.5185185185185185,,2,2
"[67.650683333333,168.670383333333], [73.30064817357905,147.82768649241095], [0.4762897472595474,1.5872162572937722], [0.4638740247164922,1.5996319798368277], [72.372531,134.764269], [12.153545716679897,75.7959567166799], [542.316,945.4839999999999], [598.0206521739125,889.7793478260875], [526.8908207315851,930.058820731585], [428.5654056299695,1028.3842358332006], [0.5374047118808714,1.6178416459719684], [194.89249999999998,547.1075000000001], [85.416666666667,247.916666666667], [80.3579530772,242.8579530772], [0.4591652661087888,1.6800828681482511], [2.8206744746376984,75.5856744746377], [6741.885785,14196.114215], [2111.2287300000007,18826.771269999997], [2916.2538215327277,16695.73521232909], [0.708910025585741,1.373370860194159], [-5660.80173333333,10716.13506666667], [1605.46689883908,5144.51048383908], [-45.85133333333331,168.3846666666667], [9.330666666666694,113.20266666666672], [-35.370237185994405,81.4857628140056], [-56.4692371859944,102.5847628140056], [0.10683813858053681,1.3466339594484853], [8.814999999999998,193.785], [-36.2162453333333,103.74957866666671], [-2.2920028699777433,88.92938253692955], [15.42117264428337,71.21620702266843], [-10.372300000000006,62.972300000000004], [10.564852987232502,41.998252987232505], [-10.376395148328715,12.363017071762226], [17.45477855,176.54522144999999], [-19.319614212654812,101.0726297873452], [-23.113627799890402,104.8666433745808], [3.2,6.8], [4.03242414866094,5.832424148660939], [3.4324241486609397,6.43242414866094], [0.141496580927726,1.491496580927726]","mean_atomic_mass, wtd_gmean_atomic_mass, entropy_atomic_mass, wtd_entropy_atomic_mass, range_atomic_mass, std_atomic_mass, mean_fie, wtd_mean_fie, gmean_fie, wtd_gmean_fie, wtd_entropy_fie, range_fie, mean_atomic_radius, wtd_gmean_atomic_radius, entropy_atomic_radius, std_atomic_radius, mean_Density, wtd_mean_Density, wtd_gmean_Density, entropy_Density, wtd_range_Density, std_Density, mean_ElectronAffinity, wtd_mean_ElectronAffinity, gmean_ElectronAffinity, wtd_gmean_ElectronAffinity, wtd_entropy_ElectronAffinity, range_ElectronAffinity, wtd_range_ElectronAffinity, std_ElectronAffinity, wtd_std_ElectronAffinity, wtd_mean_FusionHeat, gmean_FusionHeat, wtd_std_FusionHeat, range_ThermalConductivity, std_ThermalConductivity, wtd_std_ThermalConductivity, wtd_mean_Valence, gmean_Valence, wtd_gmean_Valence, wtd_std_Valence",0.0,1.0,1.0,1,1.0,20,20,0.5061728395061729,,1,1
"[75.301794,212.68858600000002], [59.27330643157575,209.98157828489423], [42.905468899999995,161.44977110000002], [34.925658,67.251962], [601.77,929.9300000000001], [374.3398550724625,1055.1101449275375], [487.0895177588811,1030.897517758881], [-0.048608237514139674,1.2764559269372058], [-126.17789855072527,687.5278985507252], [-45.15322503102445,249.65322503102445], [-69.57246320118684,246.67465827510443], [110.0,265.0], [109.0,276.5], [0.03828034486247012,1.344876375115228], [0.2912713835704166,0.7862459125394354], [-63.480000000000004,105.48], [-11.445,32.445], [7668.714425,22351.285575], [4448.714425,19131.285575], [0.20719211626881995,0.9889107452199], [-2187.9532,4317.9532], [2922.415939112208,8231.991261631352], [85.52599999999998,208.874], [62.217999999999996,172.58200000000002], [20.984502116542984,248.204502116543], [32.302969283726,184.864969283726], [0.2839239577479157,1.0881158415541523], [-29.73932,57.73932], [25.39198047240977,93.80801952759023], [22.872217567596664,80.35801056350854], [0.8727299999999971,45.92727], [6.5729820199952975,43.2452820199953], [-2.868125000000001,33.068125], [-11.315975,18.115975], [-8.42521973717838,14.31419248291256], [12.628987000000002,112.371013], [0.29988582051165874,1.0678550975424752], [0.26801898084215847,0.9616040415031515], [-124.8914761,158.8914761], [-18.37326875,35.37326875], [4.27,6.73], [3.7331756969605303,6.73317569696053], [0.04642023894456093,1.331598238008757], [0.013348001833256018,1.183191175337258], 1.0, [0.39706699999999984,4.102933], [-0.526987298107781,1.393012701892219]","mean_atomic_mass, gmean_atomic_mass, range_atomic_mass, std_atomic_mass, mean_fie, wtd_mean_fie, gmean_fie, wtd_entropy_fie, wtd_range_fie, std_fie, wtd_std_fie, mean_atomic_radius, wtd_mean_atomic_radius, entropy_atomic_radius, wtd_entropy_atomic_radius, range_atomic_radius, std_atomic_radius, mean_Density, wtd_mean_Density, entropy_Density, wtd_range_Density, wtd_std_Density, mean_ElectronAffinity, wtd_mean_ElectronAffinity, gmean_ElectronAffinity, wtd_gmean_ElectronAffinity, wtd_entropy_ElectronAffinity, wtd_range_ElectronAffinity, std_ElectronAffinity, wtd_std_ElectronAffinity, mean_FusionHeat, wtd_gmean_FusionHeat, wtd_range_FusionHeat, std_FusionHeat, wtd_std_FusionHeat, mean_ThermalConductivity, entropy_ThermalConductivity, wtd_entropy_ThermalConductivity, range_ThermalConductivity, std_ThermalConductivity, mean_Valence, wtd_gmean_Valence, entropy_Valence, wtd_entropy_Valence, range_Valence, wtd_range_Valence, wtd_std_Valence",0.0,1.0,1.0,1,1.0,21,21,0.5802469135802469,,1,1
"[50.440591749999996,113.07280575], [3.9367122999999964,155.8544233], [0.975350329873119,1.6498414252510412], [0.6279429339416778,1.744118855353042], [53.4057179,109.5582821], [-6.311022950000002,61.53364735], [505.4092391304338,1059.7507608695664], [423.214139987131,1023.278139987131], [525.3150146391246,1001.3617052766095], [143.66499999999996,743.735], [17.01188077108705,309.3008869840229], [136.25,201.25], [73.44,243.44], [97.96428678105701,225.464286781057], [-15.965194583223905,116.1251945832239], [13.214207085245299,89.4442070852453], [0.6970226537178276,1.9673154257633327], [-5148.974400000001,10106.2544], [-1198.1658592958502,5343.70258570415], [2.139499999999991,86.53550000000001], [-39.08300000000001,126.46300000000001], [-77.72853390429611,146.24546609570393], [-59.75486193784611,125.26713806215392], [1.5940848330289015,55.3495440906707], [-10.7515670493614,40.5896529506386], [-2.403179918986403,35.3169000810136], [0.6933677050632443,1.8936697539846958], [0.57854180912513,1.399709248348104], [-29.680190499999995,153.18019049999998], [-25.346684000000003,137.426684], [-18.290789578709138,121.56631088351153], [-33.31520973834594,132.12915771456355], [-85.55600000000001,135.23600000000002], [-49.74607145810931,111.49354104189071], [1.67,5.33], [1.80975091964687,4.80975091964687], 3.0, [-0.6072700000000004,4.28727], [0.32303398874989,1.91303398874989]","mean_atomic_mass, wtd_mean_atomic_mass, entropy_atomic_mass, wtd_entropy_atomic_mass, range_atomic_mass, wtd_range_atomic_mass, wtd_mean_fie, gmean_fie, wtd_gmean_fie, range_fie, wtd_std_fie, mean_atomic_radius, wtd_mean_atomic_radius, gmean_atomic_radius, wtd_range_atomic_radius, std_atomic_radius, entropy_Density, wtd_range_Density, std_Density, mean_ElectronAffinity, wtd_mean_ElectronAffinity, gmean_ElectronAffinity, wtd_gmean_ElectronAffinity, std_ElectronAffinity, gmean_FusionHeat, wtd_gmean_FusionHeat, entropy_FusionHeat, wtd_entropy_FusionHeat, mean_ThermalConductivity, wtd_mean_ThermalConductivity, gmean_ThermalConductivity, wtd_gmean_ThermalConductivity, wtd_range_ThermalConductivity, std_ThermalConductivity, mean_Valence, gmean_Valence, range_Valence, wtd_range_Valence, std_Valence",0.0,1.0,1.0,1,1.0,64,22,0.48148148148148145,,2,2
"[21.16630200000001,140.369548], [15.931878099999992,137.46604689999998], [10.14956740170338,142.64207996851565], [0.3278135553908188,0.8761104992420152], [-18.712373715907518,32.80767328409248], [429.86000000000007,945.54], [364.01427536231756,1083.6857246376826], [402.608879862804,965.1688798628039], [-0.024455793602478182,1.3996767441831324], [184.55681159420251,647.7431884057975], [-40.40625893881333,165.63353232604314], [86.538205960997,239.038205960997], [52.648258822618004,232.648258822618], [-2.4795819090192808,83.97958190901929], [13.386927347117453,61.95728278212876], [-3021.6355599999997,13242.135559999999], [0.005811194354923277,1.0448976080363188], [-2470.081115,3321.081115], [44.591,151.709], [25.836583236805993,145.93858323680598], [-0.31791779018148825,0.8716160379485702], [17.855000000000004,160.945], [7.234073850734511,82.16592614926549], [-15.012892016853108,53.092807983146905], [-14.700630000000004,55.50063], [4.058624999999999,37.941375], [-0.12700000000000067,20.527], [-3.8282590494039113,21.495177286606452], [-82.85279829999999,159.8527983], [-44.34468659999999,142.8446866], [-80.90181266394907,144.77669035463427], [0.135737902837329,0.920046951719865], [-25.795867200000004,111.7958672], [-29.50200000000001,111.00200000000001], [-39.77105275000001,82.77105275000001], [0.1202033921493873,0.8806014549269887], 1.0, [1.0613259999999998,3.4386740000000002], [-0.44500000000000006,1.445], [-0.6019872981077812,1.468012701892219]","mean_atomic_mass, wtd_mean_atomic_mass, wtd_gmean_atomic_mass, wtd_entropy_atomic_mass, wtd_std_atomic_mass, mean_fie, wtd_mean_fie, gmean_fie, entropy_fie, wtd_range_fie, wtd_std_fie, gmean_atomic_radius, wtd_gmean_atomic_radius, wtd_range_atomic_radius, wtd_std_atomic_radius, wtd_mean_Density, wtd_entropy_Density, std_Density, wtd_mean_ElectronAffinity, wtd_gmean_ElectronAffinity, wtd_entropy_ElectronAffinity, range_ElectronAffinity, std_ElectronAffinity, gmean_FusionHeat, range_FusionHeat, wtd_range_FusionHeat, std_FusionHeat, wtd_std_FusionHeat, mean_ThermalConductivity, wtd_mean_ThermalConductivity, gmean_ThermalConductivity, entropy_ThermalConductivity, range_ThermalConductivity, wtd_range_ThermalConductivity, std_ThermalConductivity, wtd_entropy_Valence, range_Valence, wtd_range_Valence, std_Valence, wtd_std_Valence",0.0,1.0,1.0,1,1.0,23,23,0.49382716049382713,,1,1
"[1.332351640000006,120.53559763999999], [13.410839575437201,75.0328565754372], [766.6200000000001,1329.18], [693.098878575021,1246.282878575021], [640.4123355031359,1068.8543570768722], [0.8364918000981663,2.222712772139574], [734.5050000000001,1543.295], [-163.19319565217452,550.3641956521745], [335.13258943680955,475.0407352289684], [179.6980044280852,452.8205184303368], [34.75,187.25], [60.480000000000004,195.48000000000002], [80.40591300503,145.40591300503002], [1.1886305090766212,1.7241206854097189], [-9.578620825664068,103.29862082566407], [674.6822050000005,7225.367795], [-4624.571257278039,5088.514272721961], [-7558.608513750088,9157.48366524878], [0.4454453764500591,1.7352811142193412], [-3527.94552,7464.79288], [675.8065710849801,5930.75007608498], [-578.6724441164001,6500.76131924246], [3.231280842876501,155.79328084287653], [-37.886033618165904,153.6279663818341], [0.9475587733487164,1.5309102703559634], [268.675,355.925], [9.406301087550204,129.45016293195442], [-19.779980066740695,29.465679933259313], [0.6189730142874466,1.3717048076788654], [-27.482825,41.309425], [-8.796637051704298,29.4132629482957], [-23.49865049999999,94.51204129999999], [-40.84287029278564,44.978532263577044], [-121.75389115723426,133.9328585427168], [0.33369324185260496,1.495044971331477], [-34.96973505000001,192.91657505], [-56.5248465,96.02235350000001], [1.5099999999999998,4.09], [1.0750000000000002,5.335], 4.0","mean_atomic_mass, wtd_std_atomic_mass, mean_fie, gmean_fie, wtd_gmean_fie, wtd_entropy_fie, range_fie, wtd_range_fie, std_fie, wtd_std_fie, mean_atomic_radius, wtd_mean_atomic_radius, wtd_gmean_atomic_radius, entropy_atomic_radius, wtd_range_atomic_radius, mean_Density, gmean_Density, wtd_gmean_Density, entropy_Density, wtd_range_Density, std_Density, wtd_std_Density, gmean_ElectronAffinity, wtd_gmean_ElectronAffinity, entropy_ElectronAffinity, range_ElectronAffinity, wtd_std_ElectronAffinity, wtd_gmean_FusionHeat, entropy_FusionHeat, wtd_range_FusionHeat, std_FusionHeat, wtd_mean_ThermalConductivity, gmean_ThermalConductivity, wtd_gmean_ThermalConductivity, wtd_entropy_ThermalConductivity, range_ThermalConductivity, wtd_range_ThermalConductivity, mean_Valence, wtd_mean_Valence, range_Valence",0.0,1.0,1.0,1,1.0,24,24,0.49382716049382713,,1,1
"3.0, [28.624997300000004,149.8486373], [0.5250480708544936,1.6216419585568864], [28.186923799999995,125.93398000000002], [452.578666666667,930.7546666666669], [557.5258454106271,985.438599033817], [302.549506854775,986.9975068547749], [0.6151287328351642,1.4566615960721159], [0.19818716119575241,1.6251793382972015], [212.68499999999995,917.115], [107.68888888888901,207.688888888889], [111.04894133764901,226.048941337649], [104.12,285.88], [54.028410596576805,110.6234105965768], [-4098.21986389856,12391.436966101439], [0.5450196009498467,1.1923193340628473], [-163.69222222222015,5444.84777777778], [463.5893138570302,4431.60787885703], [-31.578999999999994,205.37900000000002], [37.26666666666699,167.106666666667], [0.347762024194185,1.054854747839333], [16.320058555555505,145.3510525555555], [44.41213406845052,125.56854770973789], [-8.255701111111112,24.22547888888889], [0.45044051678247393,1.11436312721807], [-15.008390000000002,38.42839000000001], [-15.17984722222222,24.86340277777778], [-10.82204040970553,20.18624898132757], [-42.642534877057294,65.4288609346587], [-65.95415625243733,80.68971489900518], [0.320734973166712,0.9743258472354921], [-0.030688099153009962,1.033884319535956], [-116.9122666666667,176.13893333333328], [2.92777777777778,5.02777777777778], [2.3680782163743404,4.34807821637434], [0.18954448350729447,1.3398902707862295]","number_of_elements, mean_atomic_mass, wtd_entropy_atomic_mass, range_atomic_mass, mean_fie, wtd_mean_fie, gmean_fie, entropy_fie, wtd_entropy_fie, range_fie, wtd_mean_atomic_radius, gmean_atomic_radius, range_atomic_radius, std_atomic_radius, gmean_Density, wtd_entropy_Density, wtd_range_Density, std_Density, mean_ElectronAffinity, wtd_mean_ElectronAffinity, entropy_ElectronAffinity, wtd_range_ElectronAffinity, wtd_std_ElectronAffinity, wtd_mean_FusionHeat, wtd_entropy_FusionHeat, range_FusionHeat, wtd_range_FusionHeat, wtd_std_FusionHeat, gmean_ThermalConductivity, wtd_gmean_ThermalConductivity, entropy_ThermalConductivity, wtd_entropy_ThermalConductivity, wtd_range_ThermalConductivity, wtd_mean_Valence, wtd_gmean_Valence, wtd_entropy_Valence",0.0,1.0,1.0,1,1.0,26,26,0.4444444444444444,,1,1
"7.0, [26.779396692307696,77.4186336923077], [8.885539364316443,141.26442680304217], [-38.164634250422154,106.74905136952876], [1.3253101499481224,2.0791531388999176], [124.64941280000001,257.7517872], [715.4308723522813,1289.2229738015587], [662.2437376618018,1214.4578988012843], [392.3175,1135.8825000000002], [70.426923076923,147.926923076923], [7.7766065570088045,167.7766065570088], [107.0,235.0], [-32.05647060013361,88.0257013693644], [30.556123525994096,76.7561235259941], [-1851.052854285711,13509.17542571429], [-5818.24038244545,9090.21647755455], [1.1126643717448634,2.0702696922099366], [0.9707333274909031,1.9076145201544568], [9024.999625,14672.142375], [1696.1151006996497,7272.78984069965], [1.286999999999999,101.91300000000001], [-50.99688630877732,172.9771136912227], [0.4840245776206349,0.9363825122616432], [3.8210266243952162,99.92927196381538], [-16.399050000000003,30.75105], [-15.46320461538462,24.352435384615383], [1.219778411841031,1.726456193489249], [-19.07929,44.83529], [-23.25952884615385,27.05122115384615], [-14.97234834285699,224.408514057143], [-59.88156374615379,220.90249605384616], [0.40922626912184895,1.247980295967701], [337.62716535,462.31967464999997], [-87.00865076923081,210.0569492307692], [0.19230769230768985,4.09230769230769], [0.8893969867312299,4.06939698673123], [0.69921927601608,3.5192192760160803], [1.1653251581985593,1.8672310623009607], [-0.23156864091531593,1.688431359084684], [-0.1539290527944821,1.046070947205518]","number_of_elements, wtd_mean_atomic_mass, gmean_atomic_mass, wtd_gmean_atomic_mass, entropy_atomic_mass, range_atomic_mass, wtd_mean_fie, wtd_gmean_fie, range_fie, wtd_mean_atomic_radius, wtd_gmean_atomic_radius, range_atomic_radius, wtd_range_atomic_radius, std_atomic_radius, mean_Density, gmean_Density, entropy_Density, wtd_entropy_Density, range_Density, std_Density, mean_ElectronAffinity, wtd_gmean_ElectronAffinity, wtd_entropy_ElectronAffinity, std_ElectronAffinity, mean_FusionHeat, wtd_mean_FusionHeat, wtd_entropy_FusionHeat, range_FusionHeat, wtd_range_FusionHeat, mean_ThermalConductivity, wtd_mean_ThermalConductivity, wtd_entropy_ThermalConductivity, range_ThermalConductivity, wtd_range_ThermalConductivity, wtd_mean_Valence, gmean_Valence, wtd_gmean_Valence, wtd_entropy_Valence, std_Valence, wtd_std_Valence",1.0,1.0,1.0,1,1.5,92,27,0.49382716049382713,,2,2
"[69.612675333333,138.30607133333302], [1.946401985714303,153.8641129857143], [0.6455906589683064,1.2605678341658235], [0.28996284906457137,1.1515723322593086], [32.9327021,184.7525979], [18.41338605,86.25805635], [24.578447694587897,77.1086916945879], [22.6267752875058,83.2385952875058], [656.5049378881985,948.2636335403735], [517.181341372326,798.4613413723259], [139.7525,805.0474999999999], [369.5377391304345,745.0942608695656], [62.12285714285699,207.122857142857], [99.969265820836,222.469265820836], [71.202936576936,176.202936576936], [0.4206007965769707,1.620098791563109], [0.4931188651507604,1.1594307310705934], [94.72,225.28], [-17.85591469140921,162.2673432628378], [42.962494664532294,90.31749466453229], [-3461.6398628571405,10995.04557714286], [807.3985306198701,7809.85554061987], [381.3877667584352,6028.716205609404], [0.23158016106471369,1.3217691852550304], [-515.37133,9875.37133], [-3527.6644571428596,8138.09874285714], [63.373571428571,209.44357142857103], [0.5500691531913675,1.1864526044720005], [38.368244428571,189.268898428571], [-18.29938,25.70738], [-13.747191762279002,19.781768237721003], [0.24171488365246196,1.2725420945919401], [-33.59786,43.93786], [-15.806881956547777,20.36945566632418], [-62.7467853,80.2167853], [-115.93642305179695,122.45636182698827], [-0.03222702538481004,0.677487920407834], [-131.24634695000003,156.83634695], [-99.2544,109.49440000000001], [-60.857759485784875,73.5215252474099], [2.8333333333333304,5.83333333333333], [0.768740374914226,1.3470704744931141], 3.0","mean_atomic_mass, wtd_mean_atomic_mass, entropy_atomic_mass, wtd_entropy_atomic_mass, range_atomic_mass, wtd_range_atomic_mass, std_atomic_mass, wtd_std_atomic_mass, wtd_mean_fie, gmean_fie, range_fie, wtd_range_fie, wtd_mean_atomic_radius, gmean_atomic_radius, wtd_gmean_atomic_radius, entropy_atomic_radius, wtd_entropy_atomic_radius, range_atomic_radius, wtd_range_atomic_radius, std_atomic_radius, wtd_mean_Density, gmean_Density, wtd_gmean_Density, wtd_entropy_Density, range_Density, wtd_range_Density, wtd_mean_ElectronAffinity, entropy_ElectronAffinity, wtd_range_ElectronAffinity, wtd_mean_FusionHeat, wtd_gmean_FusionHeat, wtd_entropy_FusionHeat, range_FusionHeat, wtd_std_FusionHeat, mean_ThermalConductivity, gmean_ThermalConductivity, wtd_entropy_ThermalConductivity, range_ThermalConductivity, wtd_range_ThermalConductivity, wtd_std_ThermalConductivity, mean_Valence, entropy_Valence, range_Valence",0.0,1.0,1.0,1,1.5,52,28,0.5308641975308642,,2,2
"7.0, [14.746597720341299,149.1620834273551], [7.7319644034872965,83.4967394034873], [33.4165078163408,58.6714328163408], [514.925142857143,880.589142857143], [0.4320772473212665,1.4513573738223013], [342.96999999999997,1230.03], [283.51311785086097,408.095317220309], [128.107142857143,235.607142857143], [71.123529411765,146.123529411765], [75.21182503989101,252.711825039891], [29.9366149692856,139.93661496928559], [1.0681973081355038,2.674667837134796], [1.2109144039250554,2.2579759075133645], [159.32,238.68], [-56.074345717777135,109.63905160013013], [46.0274462568549,79.5224462568549], [41.75212104846618,109.75061865748201], [338.11852714286033,10728.86118714286], [-8089.37780432921,8174.92809956158], [1.3799521679156541,2.083498933971626], [3085.5425399999995,14831.599460000001], [310.29136355632,5672.47861355632], [-35.736714285714314,181.74528571428573], [67.71141176470599,152.107411764706], [1.2884915512883137,2.2077120920270064], [0.2627868749802349,1.435566705530997], [62.68000000000001,209.26], [22.00644580353179,74.41996294686321], [-13.58669987954953,25.18116012045047], [-20.37371583157489,22.585264168425113], [0.988832003175795,2.124489099973525], [0.9073899999999995,52.24861], [-6.764267569604735,21.143192882325053], [-119.70012799870305,120.94622466007438], [313.97858599999995,485.968254], [-25.21601176470589,119.3023882352941], [97.05487104410498,170.150162044105], [2.1528571428571404,4.13285714285714], [1.26471340036069,4.62471340036069], [0.62985826771597,1.61985826771597], [0.007763393375622929,1.597763393375623]","number_of_elements, gmean_atomic_mass, std_atomic_mass, wtd_std_atomic_mass, mean_fie, wtd_entropy_fie, range_fie, wtd_std_fie, mean_atomic_radius, wtd_mean_atomic_radius, gmean_atomic_radius, wtd_gmean_atomic_radius, entropy_atomic_radius, wtd_entropy_atomic_radius, range_atomic_radius, wtd_range_atomic_radius, std_atomic_radius, wtd_std_atomic_radius, mean_Density, wtd_gmean_Density, entropy_Density, range_Density, std_Density, mean_ElectronAffinity, wtd_mean_ElectronAffinity, entropy_ElectronAffinity, wtd_entropy_ElectronAffinity, range_ElectronAffinity, wtd_std_ElectronAffinity, gmean_FusionHeat, wtd_gmean_FusionHeat, wtd_entropy_FusionHeat, range_FusionHeat, wtd_std_FusionHeat, wtd_gmean_ThermalConductivity, range_ThermalConductivity, wtd_range_ThermalConductivity, std_ThermalConductivity, mean_Valence, gmean_Valence, std_Valence, wtd_std_Valence",0.0,1.0,1.0,1,1.0,29,29,0.5185185185185185,,1,1
"[40.339916,125.196464], [54.41538857999999,121.25918142], [0.0004420667560822711,1.0187078196225898], [-10.919489000000002,51.472249000000005], [-7.070839350000014,110.11540935000001], [461.70217773588803,958.6301777358881], [0.5268965133930144,0.9461566917059103], [94.88463768115906,520.515362318841], [-134.18026147906414,230.58026147906418], [-30.1319213276563,113.6167702524761], [102.75,220.25], [45.200696818301196,189.2993031816988], [-1.0375000000000014,74.0375], [3203.157902948974,21751.23919763413], [-1272.081115,4519.081115], [26.146,181.954], [-12.916000000000011,204.56600000000003], [-7.622577000316014,213.10542299968404], [0.027789772254748768,1.2173236003848071], [-61.330000000000005,127.13], [-35.501395,106.65139500000001], [-23.79595100209945,52.28818678660745], [15.048119881436197,43.338179881436204], [0.39451315195206527,0.9844921251507448], [0.063271467422637,1.129041973648199], [-21.732750000000003,46.03275], [-14.539549999999998,19.53955], [-8.429435365808544,12.759562384730742], [-62.69043119999999,176.69043119999998], [-41.614686533533764,155.45668229959537], [-61.121811880756916,172.0043422574337], [0.37313594774388775,1.0103870499609482], [-114.39276760000001,126.39276760000001], [-30.701600000000006,81.70160000000001], [-34.72950288120078,39.925655303907426], [3.88,5.62], [2.5821359549995795,6.36213595499958], [0.2677689999999999,5.2322310000000005], [-0.385,1.385]","mean_atomic_mass, wtd_mean_atomic_mass, wtd_entropy_atomic_mass, range_atomic_mass, wtd_range_atomic_mass, gmean_fie, wtd_entropy_fie, wtd_range_fie, std_fie, wtd_std_fie, mean_atomic_radius, wtd_range_atomic_radius, std_atomic_radius, wtd_gmean_Density, std_Density, mean_ElectronAffinity, wtd_mean_ElectronAffinity, gmean_ElectronAffinity, wtd_entropy_ElectronAffinity, range_ElectronAffinity, wtd_range_ElectronAffinity, wtd_std_ElectronAffinity, gmean_FusionHeat, entropy_FusionHeat, wtd_entropy_FusionHeat, wtd_range_FusionHeat, std_FusionHeat, wtd_std_FusionHeat, mean_ThermalConductivity, gmean_ThermalConductivity, wtd_gmean_ThermalConductivity, entropy_ThermalConductivity, range_ThermalConductivity, wtd_range_ThermalConductivity, wtd_std_ThermalConductivity, wtd_mean_Valence, gmean_Valence, wtd_range_Valence, std_Valence",0.0,0.1,1.0,1,1.0,30,30,0.48148148148148145,,0,0
"[40.339916,125.196464], [54.41538857999999,121.25918142], [0.0004420667560822711,1.0187078196225898], [-10.919489000000002,51.472249000000005], [-7.070839350000014,110.11540935000001], [461.70217773588803,958.6301777358881], [0.23266060315518572,0.9461566917059103], [94.88463768115906,520.515362318841], [-134.18026147906414,230.58026147906418], [-30.1319213276563,113.6167702524761], [102.75,220.25], [0.16154484923222046,0.8278567151520535], [-1.0375000000000014,74.0375], [3203.157902948974,12012.990267556484], [-1272.081115,4519.081115], [26.146,181.954], [-12.916000000000011,204.56600000000003], [-7.622577000316014,213.10542299968404], [0.027789772254748768,1.2173236003848071], [-61.330000000000005,150.28611371097765], [-23.79595100209945,52.28818678660745], [15.048119881436197,43.338179881436204], [0.39451315195206527,0.9844921251507448], [0.063271467422637,1.129041973648199], [-21.732750000000003,46.03275], [-14.539549999999998,19.53955], [-8.429435365808544,12.759562384730742], [-62.69043119999999,176.69043119999998], [-41.614686533533764,155.45668229959537], [-61.121811880756916,172.0043422574337], [0.37313594774388775,1.0103870499609482], [0.137416897691228,1.201989316380194], [-114.39276760000001,126.39276760000001], [-30.701600000000006,81.70160000000001], [-34.72950288120078,39.925655303907426], [3.88,5.62], [2.5821359549995795,6.36213595499958], [0.2677689999999999,5.2322310000000005], [-0.385,1.385]","mean_atomic_mass, wtd_mean_atomic_mass, wtd_entropy_atomic_mass, range_atomic_mass, wtd_range_atomic_mass, gmean_fie, wtd_entropy_fie, wtd_range_fie, std_fie, wtd_std_fie, mean_atomic_radius, wtd_entropy_atomic_radius, std_atomic_radius, wtd_gmean_Density, std_Density, mean_ElectronAffinity, wtd_mean_ElectronAffinity, gmean_ElectronAffinity, wtd_entropy_ElectronAffinity, range_ElectronAffinity, wtd_std_ElectronAffinity, gmean_FusionHeat, entropy_FusionHeat, wtd_entropy_FusionHeat, wtd_range_FusionHeat, std_FusionHeat, wtd_std_FusionHeat, mean_ThermalConductivity, gmean_ThermalConductivity, wtd_gmean_ThermalConductivity, entropy_ThermalConductivity, wtd_entropy_ThermalConductivity, range_ThermalConductivity, wtd_range_ThermalConductivity, wtd_std_ThermalConductivity, wtd_mean_Valence, gmean_Valence, wtd_range_Valence, std_Valence",0.0,0.1,1.0,1,1.0,30,30,0.48148148148148145,,0,0
"3.0, [-13.663772576521701,113.94710466347831], [46.568681050513696,105.16010705051369], [629.0666666666671,1097.866666666667], [756.976376811594,1029.284492753624], [0.5443073505402322,1.6016178710174276], [0.17639466744357535,1.3179884091247347], [418.5094202898548,731.4731884057973], [74.75,227.25], [54.64130434782601,202.141304347826], [107.88,182.12], [29.760078999416848,121.02252969623534], [45.2194670661561,77.5594670661561], [3820.79056833333,13533.87609833333], [-4553.005754209409,11033.620737019268], [0.10147448529615444,1.3717672573416595], [-4024.732591304348,5846.297808695652], [5527.81755754985,9603.07986754985], [63.898333333332985,209.96833333333302], [4.261521739129989,215.25152173913], [0.20165069026610039,1.0728585643895237], [55.51286344463334,104.38146276976225], [9.437706666666692,76.49562666666671], [-13.078528174280603,62.3616318257194], [0.353528203475769,0.8621307665780791], [34.675722826087004,82.932972826087], [32.55163787391301,166.83966647391298], [0.42914157450842105,0.848518587931347], [191.20671579999998,414.7932842], [14.269460869565208,130.6870608695652], [58.85590949074701,189.99746099074702], [2.29,5.71], [1.9721739130434797,5.33217391304348], [2.5589793683177398,4.65897936831774], [0.7455520106418827,1.4095606434917174], [-0.47371373913044,4.560670260869561], [0.18517820550978803,0.935178205509788]","number_of_elements, wtd_mean_atomic_mass, std_atomic_mass, mean_fie, wtd_mean_fie, entropy_fie, wtd_entropy_fie, wtd_range_fie, mean_atomic_radius, wtd_mean_atomic_radius, range_atomic_radius, wtd_range_atomic_radius, std_atomic_radius, mean_Density, wtd_gmean_Density, entropy_Density, wtd_range_Density, std_Density, mean_ElectronAffinity, wtd_mean_ElectronAffinity, wtd_entropy_ElectronAffinity, std_ElectronAffinity, mean_FusionHeat, gmean_FusionHeat, entropy_FusionHeat, wtd_range_FusionHeat, wtd_mean_ThermalConductivity, wtd_entropy_ThermalConductivity, range_ThermalConductivity, wtd_range_ThermalConductivity, std_ThermalConductivity, mean_Valence, wtd_mean_Valence, wtd_gmean_Valence, entropy_Valence, wtd_range_Valence, wtd_std_Valence",0.0,1.0,1.0,1,1.0,31,31,0.4567901234567901,,1,1
"3.0, [67.868347,166.867653], [82.6869920254868,137.6751452692652], [53.630196500000004,147.2178035], [-59.468418050000004,86.50041805000001], [27.074551324413303,56.3702643244133], [403.382666666667,1040.950666666667], [444.85352612827006,988.66152612827], [0.4727716388570711,1.5735941754781888], [11.1637953547812,161.0653801320942], [125.75,218.25], [68.25,255.75], [87.385010555317,247.385010555317], [98.19373570952001,218.19373570952], [0.3778954168508294,1.7866690762241904], [2211.914395,13732.085605], [1588.7715550000003,14916.028445], [-301.39409012000124,15284.719899880001], [0.3861389303224001,1.527430565021638], [-1431.8855599999997,14831.885559999999], [-200.69261233994985,6019.44459766005], [30.289333333333296,121.17733333333331], [1.8038781965639998,138.135878196564], [11.095969694401,137.68996969440101], [-40.83077599999999,116.630776], [6.442056566131534,56.93960920209807], [-11.54118,53.42118000000001], [1.2194633993353001,35.7962033993353], [0.5380948586828428,1.3722030621706311], [-25.783,48.143], [-3.7399913930174,23.6265586069826], [1.9628833471393792,16.950223219472043], [-90.36536539999999,210.7653654], [-6.920522318135667,124.68295179213327], [0.7023309280200113,1.4376206613473888], [0.5099984024938065,1.4616616252612156], [-127.0904429,191.0904429], [-67.7168,108.9168], [-21.1229121655067,47.6726558344933], [-60.836264739140475,84.20804259192688], [1.56666666666667,5.76666666666667], [2.2842411856642797,4.984241185664279], [1.67635004517961,5.87635004517961], [0.5866982757439698,1.5934210416775902], [0.7469018071269963,1.292828621428864], [-0.25859600000000005,2.258596], [-0.278595479208968,1.221404520791032]","number_of_elements, mean_atomic_mass, gmean_atomic_mass, range_atomic_mass, wtd_range_atomic_mass, std_atomic_mass, mean_fie, gmean_fie, wtd_entropy_fie, std_fie, mean_atomic_radius, wtd_mean_atomic_radius, gmean_atomic_radius, wtd_gmean_atomic_radius, wtd_entropy_atomic_radius, mean_Density, wtd_mean_Density, gmean_Density, wtd_entropy_Density, range_Density, std_Density, mean_ElectronAffinity, gmean_ElectronAffinity, wtd_gmean_ElectronAffinity, wtd_range_ElectronAffinity, std_ElectronAffinity, wtd_mean_FusionHeat, wtd_gmean_FusionHeat, entropy_FusionHeat, wtd_range_FusionHeat, std_FusionHeat, wtd_std_FusionHeat, wtd_mean_ThermalConductivity, wtd_gmean_ThermalConductivity, entropy_ThermalConductivity, wtd_entropy_ThermalConductivity, range_ThermalConductivity, wtd_range_ThermalConductivity, std_ThermalConductivity, wtd_std_ThermalConductivity, mean_Valence, gmean_Valence, wtd_gmean_Valence, entropy_Valence, wtd_entropy_Valence, wtd_range_Valence, std_Valence",0.0,1.0,1.0,1,1.0,32,32,0.5802469135802469,,1,1
"[33.006091500000004,119.88303350000001], [26.766374039999995,136.14712596], [-12.942566049684608,131.6559109987696], [0.6341585035344534,1.7649229869621466], [-29.866063607142905,103.7673778928571], [10.991951622878595,76.65475662287861], [568.976,1019.024], [0.8237629312520942,1.7411150451030257], [601.88,1019.32], [129.5,199.5], [95.32142857142901,247.821428571429], [83.255987081769,223.255987081769], [-15.026483790992273,145.88362664813508], [42.875802156443406,112.17580215644341], [39.74060072219035,96.08221302680346], [1190.0899385714301,9773.746918571429], [1391.3997149999996,16525.742285], [84.87034091628993,6305.00755091629], [1193.78190601612,5358.15470799192], [2.5794999999999817,151.89550000000003], [-16.780000000000015,177.98000000000002], [-9.769035350561303,116.8249646494387], [-57.174070606024216,170.04592939397583], [0.7271924165626489,1.1795503512036571], [3.232108571428604,90.71074857142861], [9.220062523426058,100.44144793033334], [24.752777885275666,80.54781226366073], [-20.37739200155159,30.96382799844841], [-22.584287387482334,35.04361261251768], [0.704337795256549,1.245958872190851], [-20.59955357142857,31.76469642857143], [-13.382269712420598,23.2785802875794], [-12.694909057407676,21.414209272728733], [77.27044214285701,280.737152142857], [0.03397613652436221,0.6385476950379838], [-0.2254758295270385,0.6294080824504645], [322.5780694,477.36877059999995], [91.13677428571398,251.712774285714], [127.48551932391139,255.4657904983826], [0.27,4.23], 1.0, [-0.7570894285714291,1.899946571428571]","mean_atomic_mass, wtd_mean_atomic_mass, gmean_atomic_mass, entropy_atomic_mass, wtd_range_atomic_mass, std_atomic_mass, mean_fie, wtd_entropy_fie, range_fie, mean_atomic_radius, wtd_mean_atomic_radius, wtd_gmean_atomic_radius, wtd_range_atomic_radius, std_atomic_radius, wtd_std_atomic_radius, wtd_mean_Density, range_Density, std_Density, wtd_std_Density, mean_ElectronAffinity, wtd_mean_ElectronAffinity, gmean_ElectronAffinity, wtd_gmean_ElectronAffinity, wtd_entropy_ElectronAffinity, wtd_range_ElectronAffinity, std_ElectronAffinity, wtd_std_ElectronAffinity, wtd_mean_FusionHeat, wtd_gmean_FusionHeat, wtd_entropy_FusionHeat, wtd_range_FusionHeat, std_FusionHeat, wtd_std_FusionHeat, wtd_mean_ThermalConductivity, entropy_ThermalConductivity, wtd_entropy_ThermalConductivity, range_ThermalConductivity, wtd_range_ThermalConductivity, wtd_std_ThermalConductivity, mean_Valence, range_Valence, wtd_range_Valence",1.0,0.03125,0.5,1,6.4,75,33,0.5185185185185185,,3,6
"[33.006091500000004,119.88303350000001], [26.766374039999995,136.14712596], [-12.942566049684608,131.6559109987696], [0.6341585035344534,1.7649229869621466], [49.577101299999995,193.0780987], [-29.866063607142905,103.7673778928571], [10.991951622878595,76.65475662287861], [568.976,1019.024], [0.8237629312520942,1.7411150451030257], [601.88,626.8854475411913], [129.5,199.5], [95.32142857142901,247.821428571429], [83.255987081769,223.255987081769], [-15.026483790992273,145.88362664813508], [42.875802156443406,112.17580215644341], [39.74060072219035,96.08221302680346], [1190.0899385714301,9773.746918571429], [1391.3997149999996,16525.742285], [84.87034091628993,6305.00755091629], [1193.78190601612,5358.15470799192], [2.5794999999999817,151.89550000000003], [-16.780000000000015,177.98000000000002], [-9.769035350561303,116.8249646494387], [-57.174070606024216,170.04592939397583], [0.7271924165626489,1.1795503512036571], [3.232108571428604,90.71074857142861], [9.220062523426058,100.44144793033334], [24.752777885275666,80.54781226366073], [-22.584287387482334,35.04361261251768], [0.41022665956152204,1.8139697337238978], [0.704337795256549,1.245958872190851], [-20.59955357142857,31.76469642857143], [-13.382269712420598,23.2785802875794], [77.27044214285701,280.737152142857], [0.03397613652436221,0.6385476950379838], [-0.2254758295270385,0.6294080824504645], [322.5780694,477.36877059999995], [91.13677428571398,251.712774285714], [127.48551932391139,255.4657904983826], [0.27,4.23], 1.0, [-0.7570894285714291,1.899946571428571]","mean_atomic_mass, wtd_mean_atomic_mass, gmean_atomic_mass, entropy_atomic_mass, range_atomic_mass, wtd_range_atomic_mass, std_atomic_mass, mean_fie, wtd_entropy_fie, range_fie, mean_atomic_radius, wtd_mean_atomic_radius, wtd_gmean_atomic_radius, wtd_range_atomic_radius, std_atomic_radius, wtd_std_atomic_radius, wtd_mean_Density, range_Density, std_Density, wtd_std_Density, mean_ElectronAffinity, wtd_mean_ElectronAffinity, gmean_ElectronAffinity, wtd_gmean_ElectronAffinity, wtd_entropy_ElectronAffinity, wtd_range_ElectronAffinity, std_ElectronAffinity, wtd_std_ElectronAffinity, wtd_gmean_FusionHeat, entropy_FusionHeat, wtd_entropy_FusionHeat, wtd_range_FusionHeat, std_FusionHeat, wtd_mean_ThermalConductivity, entropy_ThermalConductivity, wtd_entropy_ThermalConductivity, range_ThermalConductivity, wtd_range_ThermalConductivity, wtd_std_ThermalConductivity, mean_Valence, range_Valence, wtd_range_Valence",1.0,0.007775999999999998,0.6,1,1.6,33,33,0.5185185185185185,,0,0
"[3.645770143076895,98.84753570307691], [30.984545659707234,90.04589544006177], [-5.634662146153804,47.8187144538462], [16.4120030641059,71.9728380641059], [448.41902214641607,1095.363022146416], [709.1554491022272,1166.1602721142126], [0.8728067434054615,2.2322059840189987], [172.4674303303088,392.32308800370123], [280.05981900122896,404.642018370677], [2.184181151662088,177.18418115166213], [0.8372097662242991,2.1652254035303806], [-50.01419187281312,127.70742264204392], [-2072.8283549999996,11706.199955], [-4798.124971589101,6947.9319484109], [0.677295198359689,1.9671309361289708], [0.3880684627661136,1.2568128414177724], [-3322.10016923077,7446.29663076923], [-6.127523076922998,224.338476923077], [-0.9073314615384902,154.36725453846148], [15.692956313850303,83.3233010149231], [-22.51895846153846,48.30109243315107], [-23.740375414551863,32.839744585448145], [0.5597707134094838,1.538182981419836], [-16.49618461538462,22.52031538461538], [-6.146960331915549,15.02338966808445], [-10.633523658167158,21.9251802024176], [45.3814809615385,147.1148359615385], [-74.10640028691941,76.2975701248165], [-0.3797954353516155,0.7976861792589074], [281.73052325,518.21631675], [69.980392823704,231.22000532370402], [120.43245380975682,212.15164815146116], [0.1299999999999999,4.2700000000000005], [0.06692307692307997,4.08692307692308], [0.32336223306145007,3.8033622330614496], [0.8230598996795022,2.3652734985565376], 1.0, [-0.4624378461538503,2.6141301538461503], [-0.07999999999999996,0.88]","wtd_mean_atomic_mass, gmean_atomic_mass, wtd_range_atomic_mass, wtd_std_atomic_mass, gmean_fie, wtd_gmean_fie, entropy_fie, std_fie, wtd_std_fie, wtd_gmean_atomic_radius, entropy_atomic_radius, wtd_range_atomic_radius, mean_Density, gmean_Density, entropy_Density, wtd_entropy_Density, wtd_range_Density, wtd_mean_ElectronAffinity, wtd_range_ElectronAffinity, wtd_std_ElectronAffinity, wtd_mean_FusionHeat, gmean_FusionHeat, wtd_entropy_FusionHeat, wtd_range_FusionHeat, std_FusionHeat, wtd_std_FusionHeat, wtd_mean_ThermalConductivity, wtd_gmean_ThermalConductivity, wtd_entropy_ThermalConductivity, range_ThermalConductivity, std_ThermalConductivity, wtd_std_ThermalConductivity, mean_Valence, wtd_mean_Valence, wtd_gmean_Valence, entropy_Valence, range_Valence, wtd_range_Valence, std_Valence",1.0,0.02094302882090425,0.46153846153846156,1,6.9719004159999995,96,34,0.48148148148148145,,6,13
"5.0, [3.645770143076895,98.84753570307691], [30.984545659707234,90.04589544006177], [-5.634662146153804,47.8187144538462], [16.4120030641059,71.9728380641059], [448.41902214641607,1095.363022146416], [709.1554491022272,1166.1602721142126], [0.8728067434054615,2.2322059840189987], [172.4674303303088,392.32308800370123], [280.05981900122896,404.642018370677], [2.184181151662088,177.18418115166213], [0.8372097662242991,2.1652254035303806], [-50.01419187281312,127.70742264204392], [30.65281458865909,109.1928145886591], [-2072.8283549999996,11706.199955], [-4798.124971589101,6947.9319484109], [0.677295198359689,1.9671309361289708], [0.3880684627661136,1.2568128414177724], [-3322.10016923077,7446.29663076923], [-6.127523076922998,224.338476923077], [-0.9073314615384902,154.36725453846148], [15.692956313850303,83.3233010149231], [-14.98266090007765,33.013381538461545], [0.5597707134094838,1.538182981419836], [-16.49618461538462,22.52031538461538], [-10.633523658167158,21.9251802024176], [45.3814809615385,147.1148359615385], [-74.10640028691941,76.2975701248165], [-0.3797954353516155,0.7976861792589074], [281.73052325,518.21631675], [69.980392823704,231.22000532370402], [120.43245380975682,212.15164815146116], [0.1299999999999999,4.2700000000000005], [0.06692307692307997,4.08692307692308], [0.32336223306145007,3.8033622330614496], [0.8230598996795022,2.3652734985565376], 1.0, [-0.4624378461538503,2.6141301538461503], [-0.07999999999999996,0.88]","number_of_elements, wtd_mean_atomic_mass, gmean_atomic_mass, wtd_range_atomic_mass, wtd_std_atomic_mass, gmean_fie, wtd_gmean_fie, entropy_fie, std_fie, wtd_std_fie, wtd_gmean_atomic_radius, entropy_atomic_radius, wtd_range_atomic_radius, std_atomic_radius, mean_Density, gmean_Density, entropy_Density, wtd_entropy_Density, wtd_range_Density, wtd_mean_ElectronAffinity, wtd_range_ElectronAffinity, wtd_std_ElectronAffinity, wtd_mean_FusionHeat, wtd_entropy_FusionHeat, wtd_range_FusionHeat, wtd_std_FusionHeat, wtd_mean_ThermalConductivity, wtd_gmean_ThermalConductivity, wtd_entropy_ThermalConductivity, range_ThermalConductivity, std_ThermalConductivity, wtd_std_ThermalConductivity, mean_Valence, wtd_mean_Valence, wtd_gmean_Valence, entropy_Valence, range_Valence, wtd_range_Valence, std_Valence",1.0,0.007415771484375,0.375,1,7.544,68,34,0.48148148148148145,,3,8
"3.0, [10.980118413333301,128.46314825333332], [13.797996257412436,90.39523008510076], [0.5778570993993147,1.1261540432505113], [53.088935799999994,165.3940642], [-10.660578399999999,88.02257839999999], [24.236043188183494,78.78668118818351], [560.212180428657,803.9881804286571], [411.5204069466094,944.6927004605925], [0.2423492995673937,1.3635574387185323], [198.95869565217325,637.1079710144928], [-30.774548375977275,299.8474422583273], [145.166666666667,210.166666666667], [118.44999999999999,205.95], [0.6269586441950141,1.462323319274646], [11.824758962222724,134.3085743711107], [888.4552852667898,8342.68371526679], [0.724674699835119,1.4230770434570408], [-10.9436666666667,148.1103333333333], [-13.013753625251105,110.33424637474891], [-48.58626579208942,172.14173420791062], [4.116638999999992,150.643361], [-16.766183025463103,54.4828569745369], [10.098228189082699,40.4838481890827], [0.41447096464645056,1.2689232706583313], [-6.9295833333333015,64.9429166666667], [-16.750625133333287,176.08395846666667], [1.80333333333333,4.86333333333333], [1.0148021039364,5.334802103936401], [1.0748021039364,5.2748021039364], 2.0","number_of_elements, wtd_mean_atomic_mass, wtd_gmean_atomic_mass, wtd_entropy_atomic_mass, range_atomic_mass, wtd_range_atomic_mass, wtd_std_atomic_mass, gmean_fie, wtd_gmean_fie, wtd_entropy_fie, wtd_range_fie, wtd_std_fie, mean_atomic_radius, wtd_mean_atomic_radius, entropy_atomic_radius, wtd_range_atomic_radius, gmean_Density, wtd_entropy_Density, mean_ElectronAffinity, gmean_ElectronAffinity, wtd_gmean_ElectronAffinity, wtd_range_ElectronAffinity, gmean_FusionHeat, wtd_gmean_FusionHeat, entropy_FusionHeat, wtd_range_FusionHeat, mean_ThermalConductivity, wtd_mean_Valence, gmean_Valence, wtd_gmean_Valence, range_Valence",0.0,1.0,1.0,1,1.0,35,35,0.38271604938271603,,1,1
"4.0, [25.272896439999997,114.39795356], [0.5825704938889058,1.1896135388670162], [96.67891440000001,246.41908560000002], [-18.789722999999995,104.564223], [34.53680529027899,103.230201290279], [648.93076600968,1014.59476600968], [0.49163435050817506,2.109966779810005], [477.20500000000004,1285.995], [20.1031884057968,420.6968115942032], [211.66035928765027,536.4471263051618], [85.0,177.5], [0.8066387331975042,1.7491014435437557], [0.9542328963524254,1.6015072803888346], [104.64,199.36], [-35.250124901393775,111.25012490139378], [-3664.437100000001,12147.562600000001], [853.2771000000002,7629.8484], [-6932.979411943514,7749.591738056486], [0.33791301153164893,0.885116051797405], [0.2537962581020793,0.9692328052269746], [4950.9777300000005,21666.52027], [-4861.28115,11515.65565], [1345.2326818370602,9388.51355683706], [-4.572000000000017,203.17200000000003], [14.903999999999982,183.69600000000003], [-66.81452425799601,111.71547574200402], [-21.370524257996006,66.271475742004], [-4.432250000000002,21.76225], [-32.59334142531537,39.70347857468464], [0.4688586135457858,1.0995257917926502], [0.2425711257349159,1.32581327960352], [9.94719,40.33281], [-1.1933124972324087,21.00973750276759], [-5.079127369565073,24.89555237510025], [-111.3209053,165.39382030000002], [-103.71381483768823,106.85174373874204], [0.22576087887211027,0.8303324373857318], [0.12479952983764603,0.931293786420196], [1.1292068499999885,168.81913315000003], [-41.570497171200195,111.06966932879979], [-26.04104272907402,95.54021488667362], [1.81,4.6899999999999995], [0.8331576837137398,4.73315768371374], [0.6339775689995102,1.8977359347459697], [-0.08379099999999995,2.0837909999999997], [0.4440199457748999,2.5140199457749004]","number_of_elements, wtd_mean_atomic_mass, wtd_entropy_atomic_mass, range_atomic_mass, wtd_range_atomic_mass, wtd_std_atomic_mass, gmean_fie, entropy_fie, range_fie, wtd_range_fie, std_fie, wtd_mean_atomic_radius, entropy_atomic_radius, wtd_entropy_atomic_radius, range_atomic_radius, wtd_range_atomic_radius, mean_Density, wtd_mean_Density, gmean_Density, entropy_Density, wtd_entropy_Density, range_Density, wtd_range_Density, std_Density, mean_ElectronAffinity, wtd_mean_ElectronAffinity, gmean_ElectronAffinity, wtd_gmean_ElectronAffinity, mean_FusionHeat, gmean_FusionHeat, entropy_FusionHeat, wtd_entropy_FusionHeat, range_FusionHeat, std_FusionHeat, wtd_std_FusionHeat, wtd_mean_ThermalConductivity, wtd_gmean_ThermalConductivity, entropy_ThermalConductivity, wtd_entropy_ThermalConductivity, range_ThermalConductivity, std_ThermalConductivity, wtd_std_ThermalConductivity, mean_Valence, wtd_gmean_Valence, entropy_Valence, wtd_range_Valence, wtd_std_Valence",0.0,1.0,1.0,1,1.0,36,36,0.5802469135802469,,1,1
"4.0, [107.56419600000001,172.216804], [101.9224448632645,171.1667859850595], [56.720059530228994,197.493354132467], [0.3237486217490604,1.6357448802501375], [19.4939866,140.1180134], [13.194374778571401,142.71601807857138], [11.422424091596602,42.7385310915966], [338.5593093210011,1041.759309321001], [420.14250133837356,772.4170524101124], [32.00963106079293,286.84232518222507], [50.45003276152842,179.8238551836476], [113.23966613186201,213.239666131862], [0.6661506797782892,2.1012643523509906], [0.6236218752318343,1.2328212955013957], [-5.067349327868699,29.5826506721313], [3283.3072950000005,19321.192705], [4793.12865928571,14054.44276928571], [3647.4702972652267,13360.875212088893], [0.967024042339832,1.5142270826055881], [0.6924435704053535,1.3056748965124065], [2891.8985948189,10184.4732548189], [1622.5653949835305,9118.43643853997], [-59.504,177.454], [-29.095956991612603,78.02204300838741], [0.4950392649807945,1.3258732152638435], [-55.87836442857139,99.39622157142858], [19.373117429950405,94.30496972848138], [0.28267871667519984,84.8206095930162], [-18.025060000000003,38.555060000000005], [-18.78775285714286,32.55346714285714], [-21.936512056497165,31.50026794350284], [-13.408410000000007,58.88841000000001], [-18.31676019999999,187.81676019999998], [-42.293264528571385,205.93612167142857], [-24.84445686333173,159.40040689104472], [2.07,5.43], [2.0235714285714304,5.08357142857143], [2.59410161513775,4.33410161513775], [2.07633201303825,4.77633201303825], [0.5812583025010255,2.0377933681071143], [0.4740199457748999,2.4840199457749]","number_of_elements, mean_atomic_mass, gmean_atomic_mass, wtd_gmean_atomic_mass, wtd_entropy_atomic_mass, range_atomic_mass, wtd_range_atomic_mass, wtd_std_atomic_mass, gmean_fie, wtd_gmean_fie, std_fie, wtd_std_fie, wtd_gmean_atomic_radius, entropy_atomic_radius, wtd_entropy_atomic_radius, std_atomic_radius, mean_Density, wtd_mean_Density, wtd_gmean_Density, entropy_Density, wtd_entropy_Density, std_Density, wtd_std_Density, mean_ElectronAffinity, gmean_ElectronAffinity, entropy_ElectronAffinity, wtd_range_ElectronAffinity, std_ElectronAffinity, wtd_std_ElectronAffinity, mean_FusionHeat, wtd_mean_FusionHeat, wtd_gmean_FusionHeat, range_FusionHeat, mean_ThermalConductivity, wtd_mean_ThermalConductivity, wtd_gmean_ThermalConductivity, mean_Valence, wtd_mean_Valence, gmean_Valence, wtd_gmean_Valence, entropy_Valence, std_Valence",0.0,1.0,1.0,1,1.0,37,37,0.5185185185185185,,1,1
"[-5.364194348902501,139.23428269955173], [-12.377539550836083,84.92164936541667], [62.51651199999999,187.29998799999998], [36.8496849904717,72.2065799904717], [735.20974120083,1279.82597308489], [666.6553178417294,1199.8276113557126], [0.813348001758109,1.8059252250632312], [532.1225,1040.8775], [219.11827821440602,418.98705791749], [232.20379747824435,486.1598192698116], [47.385714285714,187.38571428571402], [93.542493259005,173.542493259005], [0.610624667066475,1.562498761237665], [122.2,275.8], [0.44435442900578387,1.227927790142574], [5796.17106,12120.97094], [-113.90035005591471,7590.1893335993145], [4.530428571428985,222.012428571429], [-3.9721094937790014,168.06589050622102], [-14.531679260689998,222.42632073931], [0.42894182792769187,1.2163797141546322], [-6.596473155863968,87.88281887271856], [13.600983470939688,66.0145006142711], [-11.905650000000003,24.766650000000006], [-32.73258571428572,40.612014285714295], [-20.423503551397992,22.53547644860201], [0.48898236118236793,1.362564743334468], [-26.41375,52.16975], [-21.86167857142857,25.36882142857143], [-8.58124176301121,17.752608236988788], [-12.078807385322104,21.513506121630424], [-125.34930393099312,126.57734650866452], [-87.39073142857139,201.6460685714286], [113.912586016895,225.705384016895], [1.2899999999999998,4.71], [0.976237399112106,1.6830852985974138], [0.4301935792534356,1.7365184563329046], [-0.0414920970947491,1.8485079029052511]","gmean_atomic_mass, wtd_gmean_atomic_mass, range_atomic_mass, wtd_std_atomic_mass, wtd_mean_fie, wtd_gmean_fie, entropy_fie, range_fie, std_fie, wtd_std_fie, wtd_mean_atomic_radius, gmean_atomic_radius, wtd_entropy_atomic_radius, range_atomic_radius, wtd_entropy_Density, range_Density, wtd_std_Density, wtd_mean_ElectronAffinity, gmean_ElectronAffinity, wtd_gmean_ElectronAffinity, wtd_entropy_ElectronAffinity, std_ElectronAffinity, wtd_std_ElectronAffinity, mean_FusionHeat, wtd_mean_FusionHeat, wtd_gmean_FusionHeat, wtd_entropy_FusionHeat, range_FusionHeat, wtd_range_FusionHeat, std_FusionHeat, wtd_std_FusionHeat, wtd_gmean_ThermalConductivity, wtd_range_ThermalConductivity, std_ThermalConductivity, mean_Valence, entropy_Valence, wtd_entropy_Valence, wtd_std_Valence",0.0,0.3276800000000001,0.8,1,6.1320694784,95,39,0.4691358024691358,,12,15
"[23.36107195999999,116.53726804], [32.159239006942315,100.47569079920488], [0.6514603944159385,1.9012527182044414], [-44.86970895000001,96.98732895], [-11.096241517198699,61.6379424828013], [323.38460522037207,923.448605220372], [71.125,984.2750000000001], [117.6,197.6], [3053.428625,8700.571375], [1281.669846983331,8962.03652382065], [0.9164128728122019,1.463615913077958], [0.309684505790752,1.553181361507832], [707.0749336969698,3622.13589508003], [-73.264,163.69400000000002], [-51.10005345658501,120.937946543415], [0.5731998925641841,1.7752575227609357], [-33.824553231988546,92.98234308252295], [-11.21660725074,40.12461274926], [0.35214015125256504,1.8779478405594952], [-6.063399999999998,56.803399999999996], [-26.116,47.81], [-7.09489587094264,25.95150412905736], [-15.952016899999997,142.7520169], [1.67,3.83], [1.26034731932072,3.42034731932072], [0.9515192421639559,1.5298493417428443], [0.36700305674725,1.536846230251252], 4.0, [0.46659899999999976,3.3334010000000003], [0.6690199457749,2.2890199457749]","wtd_mean_atomic_mass, wtd_gmean_atomic_mass, entropy_atomic_mass, wtd_range_atomic_mass, wtd_std_atomic_mass, gmean_fie, range_fie, wtd_mean_atomic_radius, wtd_mean_Density, wtd_gmean_Density, entropy_Density, wtd_entropy_Density, wtd_std_Density, wtd_mean_ElectronAffinity, wtd_gmean_ElectronAffinity, entropy_ElectronAffinity, wtd_std_ElectronAffinity, wtd_gmean_FusionHeat, entropy_FusionHeat, range_FusionHeat, wtd_range_FusionHeat, std_FusionHeat, wtd_mean_ThermalConductivity, mean_Valence, gmean_Valence, entropy_Valence, wtd_entropy_Valence, range_Valence, wtd_range_Valence, std_Valence",0.0,1.0,1.0,1,1.0,41,41,0.37037037037037035,,1,1
"3.0, [49.643535,140.561265], [0.0636428486096392,1.5322953767824867], [-41.1526536633949,113.0397788366051], [779.8767823371139,1341.611877289346], [0.16137911484018036,0.9564176135109876], [266.5202096395284,481.37914782034363], [130.67505635944957,480.4635392044384], [23.025404157043894,173.0254041570439], [0.21225007239129134,1.6473637449639926], [0.669815694927284,1.431314970264236], [-3907.23906726328,13034.189182736722], [-6641.987817881393,6685.707297806893], [-0.3729065391673532,0.6150772640051212], [-1948.9981866050812,10838.47301339492], [7287.690457864119,10183.27157286412], [4622.545040091995,11493.760163352064], [-2.1776666666667097,182.8443333333333], [70.604321016166,171.230321016166], [-38.0484111940752,202.15558880592482], [0.7495821297612238,1.2622243544039562], [0.01469655088008448,1.1037063935343636], [13.842939201065331,64.34049183703186], [-25.04023282433689,91.62211178501369], [-12.62070687009294,17.76491312990706], [-0.2903859494091348,0.8081955868918549], [19.585189999999997,49.97081], [-30.573794745958427,46.43245525404157], [8.463816330023601,23.4379663300236], [7.851808899999995,144.16591110000002], [-64.1376472930716,151.5370653069284], [-48.51989876151931,49.24268200610903], [0.30677236338807695,0.8296450626431009], [1.1375750577367196,4.55757505773672], [0.039428485106660194,4.53942848510666], [0.2812219816730944,1.3145834516016297], 5.0, [1.6352468994692901,2.68524689946929]","number_of_elements, mean_atomic_mass, wtd_entropy_atomic_mass, wtd_range_atomic_mass, wtd_gmean_fie, wtd_entropy_fie, std_fie, wtd_std_fie, wtd_mean_atomic_radius, entropy_atomic_radius, wtd_entropy_atomic_radius, wtd_mean_Density, wtd_gmean_Density, wtd_entropy_Density, wtd_range_Density, std_Density, wtd_std_Density, mean_ElectronAffinity, wtd_mean_ElectronAffinity, gmean_ElectronAffinity, entropy_ElectronAffinity, wtd_entropy_ElectronAffinity, std_ElectronAffinity, wtd_std_ElectronAffinity, gmean_FusionHeat, entropy_FusionHeat, range_FusionHeat, wtd_range_FusionHeat, std_FusionHeat, mean_ThermalConductivity, wtd_mean_ThermalConductivity, wtd_gmean_ThermalConductivity, entropy_ThermalConductivity, wtd_mean_Valence, gmean_Valence, wtd_entropy_Valence, range_Valence, std_Valence",0.0,1.0,1.0,1,1.0,42,42,0.4691358024691358,,1,1
"4.0, [-42.341988349999994,76.86125765], [-51.256381170000004,80.40563503000001], [-54.35029953548079,84.13838270810919], [-21.758809625935008,38.853010374064986], [-7.145704350549011,20.129614649450993], [363.306,953.9939999999999], [468.5996376811581,1052.117028985508], [413.11270015716684,1098.619934675145], [-150.185,710.7850000000001], [24.194812590996207,204.0767143237718], [-22.39517670100804,174.06136845850625], [84.25,174.25], [11.566297266695997,194.06629726669598], [3.200000000000003,156.8], [-28.355055219563674,132.55505521956368], [12.0338908980358,47.8388908980358], [-2.027863797696707,58.199376941717304], [-3337.12133,7053.62133], [-5359.88795166667,9774.45461833333], [-5116.9354643510105,9340.22533910747], [0.9014553350425654,1.6245450668223145], [0.30498035352205594,1.2077931391796621], [-5402.171285,9732.171285], [-5341.3396,8567.8396], [-2428.898482462797,4112.969962537203], [-1846.5479451283074,2838.3714570944676], [-48.63000000000001,97.44000000000001], [-44.93336874266261,81.6606312573374], [0.3368248775361027,1.1410167613423394], [-64.29499999999999,183.495], [-41.691565,78.591565], [-16.349032578453606,60.21177303091501], [1.8594100000000005,34.340590000000006], [3.043263333333293,69.0534033333333], [-11.1329037295054,32.8738562704946], [0.32460354158337024,1.5249055905048219], [-0.30053718711357397,0.9399497955424079], [18.2954583333333,48.0712083333333], [0.9553730807427069,1.3965469207391334], [-1.2557479023572,157.8340030976428], [13.707631911087596,120.3578578898136], [0.03000000000000025,4.47], [0.8733142020443296,4.29331420204433], [0.20155084856454097,1.312901863393343], 2.0, [-0.2875040000000004,4.187504000000001]","number_of_elements, mean_atomic_mass, wtd_mean_atomic_mass, gmean_atomic_mass, std_atomic_mass, wtd_std_atomic_mass, mean_fie, wtd_mean_fie, wtd_gmean_fie, range_fie, std_fie, wtd_std_fie, mean_atomic_radius, wtd_gmean_atomic_radius, range_atomic_radius, wtd_range_atomic_radius, std_atomic_radius, wtd_std_atomic_radius, mean_Density, wtd_mean_Density, wtd_gmean_Density, entropy_Density, wtd_entropy_Density, range_Density, wtd_range_Density, std_Density, wtd_std_Density, wtd_mean_ElectronAffinity, gmean_ElectronAffinity, wtd_entropy_ElectronAffinity, range_ElectronAffinity, wtd_range_ElectronAffinity, std_ElectronAffinity, mean_FusionHeat, wtd_mean_FusionHeat, gmean_FusionHeat, entropy_FusionHeat, wtd_entropy_FusionHeat, wtd_range_FusionHeat, entropy_ThermalConductivity, std_ThermalConductivity, wtd_std_ThermalConductivity, mean_Valence, wtd_gmean_Valence, wtd_entropy_Valence, range_Valence, wtd_range_Valence",0.0,1.0,1.0,1,1.0,44,44,0.5802469135802469,,1,1
"6.0, [34.002099666666695,157.2461336666667], [1.2008199456347044,2.1211755299563557], [112.4739521,264.2938479], [-17.6745091722222,41.9465647277778], [43.9459567157855,83.3436397157855], [28.736655415116,67.124141415116], [474.11438729256,980.41838729256], [1.0225192210234748,2.446651758809085], [0.2725988283664095,1.6995910054678585], [91.52433386659743,451.2881373321486], [199.93706848522112,482.64282859281485], [48.055555555556,170.555555555556], [60.58045993159999,225.5804599316], [1.2677111599482802,2.14591504913456], [1.234752646889946,1.9772144403434742], [-32.66084304788627,80.21639860344186], [29.596416765753496,93.12141676575351], [2026.457285,9480.685715], [-1778.9774561111103,7030.56523388889], [-6066.56039263763,8841.89646736237], [-3788.2110629172257,3892.155613920093], [0.967064373315772,1.9051267280570678], [1846.7006399382199,6779.91290993822], [-38.611666666666714,139.91833333333332], [1.2873333333329953,202.539333333333], [-64.98109230436572,100.5649076956343], [16.696951121964,104.33895112196402], [0.5902876010091203,1.6862813226590996], [0.09541240590678945,1.1844222485610687], [29.18808622435567,86.20145210367272], [27.281817294916443,88.14912752588197], [-27.52117888888889,36.39340111111111], [-30.275958333333328,34.40929166666667], [41.890374566667006,211.45181876666697], [0.6618522074416766,1.7566169215068832], [253.78220219999997,546.1646378], [-41.736900000000006,175.04070000000002], [97.62710309191226,202.14432455106373], [1.2366666666666701,3.0966666666666702], [0.28777777777778013,3.7677777777777797], [1.4140995393981877,2.1423670722012322], 1.0","number_of_elements, mean_atomic_mass, wtd_entropy_atomic_mass, range_atomic_mass, wtd_range_atomic_mass, std_atomic_mass, wtd_std_atomic_mass, gmean_fie, entropy_fie, wtd_entropy_fie, std_fie, wtd_std_fie, wtd_mean_atomic_radius, gmean_atomic_radius, entropy_atomic_radius, wtd_entropy_atomic_radius, wtd_range_atomic_radius, std_atomic_radius, mean_Density, wtd_mean_Density, gmean_Density, wtd_gmean_Density, entropy_Density, std_Density, mean_ElectronAffinity, wtd_mean_ElectronAffinity, gmean_ElectronAffinity, wtd_gmean_ElectronAffinity, entropy_ElectronAffinity, wtd_entropy_ElectronAffinity, std_ElectronAffinity, wtd_std_ElectronAffinity, wtd_mean_FusionHeat, wtd_range_FusionHeat, mean_ThermalConductivity, entropy_ThermalConductivity, range_ThermalConductivity, wtd_range_ThermalConductivity, wtd_std_ThermalConductivity, mean_Valence, wtd_mean_Valence, entropy_Valence, range_Valence",1.0,0.2373046875,0.75,1,2.75,96,45,0.5308641975308642,,3,4
"[22.31113033333331,171.82028633333329], [-15.771693792826902,109.8136139671731], [18.846656358084097,134.93275765050512], [-33.39168585237162,99.10082671444063], [0.8757847463278687,2.3636327508379913], [0.747215815186142,2.1962863096500183], [-59.831703301245334,75.85763729875467], [12.4220718233999,67.9829068233999], [871.1322911816162,1172.6162766888638], [468.21747668164704,965.1454766816471], [816.1938437439856,1101.8218581264764], [1.3701958019517253,2.1038398365685547], [0.5315213709859663,1.3877166772468357], [185.79036822817594,487.66262054645404], [28.580635118306006,186.08063511830602], [55.914844518031,243.414844518031], [42.83173697520044,99.17334927981355], [1196.4906633333303,13394.31900333333], [-4209.74878105126,7536.308138948741], [-4578.372092801428,4683.2465469141625], [1.034126566480411,1.6985874010888289], [17630.28535,24406.85665], [5100.89202957555,8425.448124575549], [7.695999999999998,114.81400000000001], [1.1423486171930808,1.7080227961091992], [0.19023643687518788,1.31275427468806], [2.5028066264010107,157.77739262640097], [16.75798718991185,86.80297955592994], [-20.0869566666667,43.8276233333333], [-22.782580210896175,34.84531978910383], [-15.047992378187901,17.433187621812102], [0.812162271060868,2.0328084225064122], [0.8232312598262069,2.098661537768273], [12.346289999999996,53.20971], [-125.13109170411008,126.79555873554756], [0.11492166211293597,0.695597526852372], [243.03284794999996,556.9139920499999], [-23.853044009962616,160.8093559900374], [87.34597085129965,180.362785304225], [1.2259526774595302,3.26595267745953], [1.31651802273122,4.25651802273122], [1.0434994854780886,2.2858382179068113], [0.9650372847081392,1.9594039821865408], 5.0, [-0.5189813848069702,2.5575866151930304]","mean_atomic_mass, wtd_mean_atomic_mass, gmean_atomic_mass, wtd_gmean_atomic_mass, entropy_atomic_mass, wtd_entropy_atomic_mass, wtd_range_atomic_mass, wtd_std_atomic_mass, wtd_mean_fie, gmean_fie, wtd_gmean_fie, entropy_fie, wtd_entropy_fie, wtd_std_fie, wtd_mean_atomic_radius, gmean_atomic_radius, wtd_std_atomic_radius, mean_Density, gmean_Density, wtd_gmean_Density, entropy_Density, range_Density, std_Density, mean_ElectronAffinity, entropy_ElectronAffinity, wtd_entropy_ElectronAffinity, wtd_range_ElectronAffinity, std_ElectronAffinity, mean_FusionHeat, gmean_FusionHeat, wtd_gmean_FusionHeat, entropy_FusionHeat, wtd_entropy_FusionHeat, range_FusionHeat, wtd_gmean_ThermalConductivity, wtd_entropy_ThermalConductivity, range_ThermalConductivity, wtd_range_ThermalConductivity, std_ThermalConductivity, wtd_mean_Valence, gmean_Valence, entropy_Valence, wtd_entropy_Valence, range_Valence, wtd_range_Valence",0.0,0.1,1.0,1,1.0,46,46,0.5555555555555556,,0,0
"[-15.771693792826902,109.8136139671731], [18.846656358084097,134.93275765050512], [-33.39168585237162,99.10082671444063], [0.8757847463278687,2.3636327508379913], [-59.831703301245334,75.85763729875467], [12.4220718233999,67.9829068233999], [871.1322911816162,1172.6162766888638], [468.21747668164704,965.1454766816471], [816.1938437439856,1101.8218581264764], [1.3701958019517253,2.1038398365685547], [0.5315213709859663,1.3877166772468357], [95.29248819168546,445.0628526720825], [185.79036822817594,487.66262054645404], [28.580635118306006,186.08063511830602], [55.914844518031,243.414844518031], [27.3218151656012,88.53681516560121], [1196.4906633333303,13394.31900333333], [-5175.61476353051,10862.27064646949], [-4209.74878105126,7536.308138948741], [-4578.372092801428,4683.2465469141625], [1.034126566480411,1.6985874010888289], [17630.28535,24406.85665], [5100.89202957555,8425.448124575549], [7.695999999999998,114.81400000000001], [1.1423486171930808,1.7080227961091992], [0.19023643687518788,1.31275427468806], [2.5028066264010107,157.77739262640097], [16.75798718991185,86.80297955592994], [-20.0869566666667,43.8276233333333], [-11.264256061776063,22.264703938223942], [-22.782580210896175,34.84531978910383], [-15.047992378187901,17.433187621812102], [0.812162271060868,2.0328084225064122], [0.8232312598262069,2.098661537768273], [12.346289999999996,53.20971], [-125.13109170411008,126.79555873554756], [0.11492166211293597,0.695597526852372], [243.03284794999996,556.9139920499999], [-23.853044009962616,160.8093559900374], [102.96777130422501,180.362785304225], [1.2259526774595302,3.26595267745953], [1.0434994854780886,2.2858382179068113], [0.9650372847081392,1.9594039821865408], 5.0, [-0.5189813848069702,2.5575866151930304]","wtd_mean_atomic_mass, gmean_atomic_mass, wtd_gmean_atomic_mass, entropy_atomic_mass, wtd_range_atomic_mass, wtd_std_atomic_mass, wtd_mean_fie, gmean_fie, wtd_gmean_fie, entropy_fie, wtd_entropy_fie, std_fie, wtd_std_fie, wtd_mean_atomic_radius, gmean_atomic_radius, std_atomic_radius, mean_Density, wtd_mean_Density, gmean_Density, wtd_gmean_Density, entropy_Density, range_Density, std_Density, mean_ElectronAffinity, entropy_ElectronAffinity, wtd_entropy_ElectronAffinity, wtd_range_ElectronAffinity, std_ElectronAffinity, mean_FusionHeat, wtd_mean_FusionHeat, gmean_FusionHeat, wtd_gmean_FusionHeat, entropy_FusionHeat, wtd_entropy_FusionHeat, range_FusionHeat, wtd_gmean_ThermalConductivity, wtd_entropy_ThermalConductivity, range_ThermalConductivity, wtd_range_ThermalConductivity, std_ThermalConductivity, wtd_mean_Valence, entropy_Valence, wtd_entropy_Valence, range_Valence, wtd_range_Valence",0.0,0.1,1.0,1,1.0,46,46,0.5555555555555556,,0,0
"5.0, [33.778833,136.818927], [-12.377539550836083,106.20573638317634], [36.8496849904717,58.403991159399304], [647.0055835527463,1237.3034799432276], [0.813348001758109,2.1642817625478474], [0.3525521655896321,1.514531509800812], [532.1225,1045.41], [508.55731418694336,871.5952852014366], [232.20379747824435,486.1598192698116], [47.385714285714,187.38571428571402], [98.79603670817801,178.796036708178], [50.9580691314587,125.9580691314587], [0.610624667066475,1.562498761237665], [122.2,257.48], [46.72874972259209,94.0837497225921], [-5209.651249862391,11280.00558013761], [437.7934844040997,5478.249499404101], [-113.90035005591471,7590.1893335993145], [53.86969418960199,222.012428571429], [0.42894182792769187,1.2163797141546322], [-6.596473155863968,104.8514275377131], [19.37617885252507,66.0145006142711], [-11.905650000000003,24.766650000000006], [-32.73258571428572,40.612014285714295], [-18.115712627915123,26.93882737208488], [0.48898236118236793,1.7209370461097953], [-26.41375,52.16975], [-21.86167857142857,25.36882142857143], [-12.078807385322104,21.513506121630424], [2.0236762746177135,189.2130494746177], [-125.34930393099312,126.57734650866452], [-0.130421545044283,1.046042028279521], [-46.7680680733945,201.6460685714286], [0.4301935792534356,1.7365184563329046]","number_of_elements, mean_atomic_mass, wtd_gmean_atomic_mass, wtd_std_atomic_mass, wtd_gmean_fie, entropy_fie, wtd_entropy_fie, range_fie, wtd_range_fie, wtd_std_fie, wtd_mean_atomic_radius, gmean_atomic_radius, wtd_gmean_atomic_radius, wtd_entropy_atomic_radius, range_atomic_radius, std_atomic_radius, wtd_mean_Density, std_Density, wtd_std_Density, wtd_mean_ElectronAffinity, wtd_entropy_ElectronAffinity, std_ElectronAffinity, wtd_std_ElectronAffinity, mean_FusionHeat, wtd_mean_FusionHeat, gmean_FusionHeat, wtd_entropy_FusionHeat, range_FusionHeat, wtd_range_FusionHeat, wtd_std_FusionHeat, wtd_mean_ThermalConductivity, wtd_gmean_ThermalConductivity, entropy_ThermalConductivity, wtd_range_ThermalConductivity, wtd_entropy_Valence",0.0,0.512908935546875,0.875,1,6.3856,95,47,0.43209876543209874,,7,8
"[39.437091,138.436397], [-24.868424536697198,127.04928646330279], [-5.364194348902501,139.23428269955173], [-36.63775372791813,84.92164936541667], [0.9596594922930748,1.892044241786085], [62.51651199999999,187.29998799999998], [24.763099722954802,68.2015707229548], [30.118475159399303,72.2065799904717], [735.20974120083,1279.82597308489], [219.11827821440602,418.98705791749], [93.542493259005,173.542493259005], [0.8429899633368493,2.171005600642931], [152.51999999999998,275.8], [-58.25476808507062,109.86027267222661], [0.44435442900578387,1.227927790142574], [4666.74251,9942.04786934502], [4.530428571428985,167.47969418960201], [-43.0600325225555,168.06589050622102], [-14.531679260689998,222.42632073931], [9.752258532110105,140.9702185321101], [13.600983470939688,75.17121323091013], [-20.423503551397992,22.53547644860201], [-8.58124176301121,17.752608236988788], [0.556867041095581,1.0143806529437271], [-0.3549633700072351,0.774128589208335], [-87.39073142857139,230.22553192660553], [113.912586016895,225.705384016895], [1.2899999999999998,4.665825459355573], [1.3621580450493502,3.3421580450493504], [0.65519257999396,3.53519257999396], [0.976237399112106,1.6830852985974138], [0.9250979092573396,1.5100194960093405], [-0.1101020514433641,1.089897948556636], [-0.0414920970947491,1.8485079029052511]","mean_atomic_mass, wtd_mean_atomic_mass, gmean_atomic_mass, wtd_gmean_atomic_mass, entropy_atomic_mass, range_atomic_mass, std_atomic_mass, wtd_std_atomic_mass, wtd_mean_fie, std_fie, gmean_atomic_radius, entropy_atomic_radius, range_atomic_radius, wtd_range_atomic_radius, wtd_entropy_Density, range_Density, wtd_mean_ElectronAffinity, gmean_ElectronAffinity, wtd_gmean_ElectronAffinity, wtd_range_ElectronAffinity, wtd_std_ElectronAffinity, wtd_gmean_FusionHeat, std_FusionHeat, entropy_ThermalConductivity, wtd_entropy_ThermalConductivity, wtd_range_ThermalConductivity, std_ThermalConductivity, mean_Valence, gmean_Valence, wtd_gmean_Valence, entropy_Valence, wtd_entropy_Valence, std_Valence, wtd_std_Valence",0.0,0.401877572016461,0.8333333333333334,1,7.64,95,47,0.41975308641975306,,5,6
"5.0, [41.97209363999999,124.80824763999999], [-21.07043931118703,132.12402834418964], [0.6389397439215104,1.6767875304969895], [164.90471789999998,221.0572821], [-33.816227600000005,114.2085076], [614.1501449275349,1275.469855072465], [0.7637018752714739,2.295723241677206], [0.8617834540954591,2.084919605896701], [-112.57289855072531,701.1328985507253], [295.52722910646963,535.3697647501705], [81.8,161.8], [25.8674946795294,155.8674946795294], [59.970201537291,147.47020153729102], [153.8,256.2], [12.777813568235537,77.62218643176448], [-4289.458769999999,12426.08377], [-3754.4616626846214,4151.538187315379], [-6852.711143221051,8508.022210453586], [359.4624869545396,7437.54965695454], [525.0333771553278,6667.483260069632], [93.34299999999999,219.93699999999998], [37.81681465076399,232.576814650764], [213.435,342.565], [16.719333,123.88066699999999], [70.07342508322989,123.8288843408717], [59.88853260703043,105.53901528025456], [-23.76377,31.768570000000004], [-29.73599524452209,34.178584755477914], [0.5379890513986987,1.4941618700310415], [0.5894550588677361,1.532924031592004], [-22.327070000000003,43.68307], [-4.785540951612666,12.785823036639425], [-63.9051951,72.40890710000001], [-117.17143045196592,118.04278396176885], [0.43620002055332197,1.0244318072152239], [-125.86345800000001,131.058142], [-70.97869576054147,81.66147073945852], [-57.609979356454744,68.23728729844193], [2.46,6.54], [1.1925557394776902,4.79255573947769], [2.70548494748408,5.28548494748408], [0.754122848236512,2.167818647207128], [0.897320346551796,1.5017393195288637], [1.1462869999999996,3.453713], [1.44972369909914,2.25972369909914], [0.8481943016134099,2.52819430161341]","number_of_elements, mean_atomic_mass, wtd_gmean_atomic_mass, wtd_entropy_atomic_mass, range_atomic_mass, wtd_range_atomic_mass, wtd_mean_fie, entropy_fie, wtd_entropy_fie, wtd_range_fie, std_fie, wtd_mean_atomic_radius, gmean_atomic_radius, wtd_gmean_atomic_radius, range_atomic_radius, wtd_range_atomic_radius, wtd_mean_Density, gmean_Density, wtd_gmean_Density, std_Density, wtd_std_Density, wtd_mean_ElectronAffinity, gmean_ElectronAffinity, range_ElectronAffinity, wtd_range_ElectronAffinity, std_ElectronAffinity, wtd_std_ElectronAffinity, mean_FusionHeat, wtd_gmean_FusionHeat, entropy_FusionHeat, wtd_entropy_FusionHeat, range_FusionHeat, wtd_std_FusionHeat, mean_ThermalConductivity, gmean_ThermalConductivity, entropy_ThermalConductivity, wtd_range_ThermalConductivity, std_ThermalConductivity, wtd_std_ThermalConductivity, wtd_mean_Valence, gmean_Valence, wtd_gmean_Valence, entropy_Valence, wtd_entropy_Valence, wtd_range_Valence, std_Valence, wtd_std_Valence",0.0,1.0,1.0,1,1.0,49,49,0.5802469135802469,,1,1
"4.0, [50.435373,183.781377], [0.5669391676922988,1.506876785722921], [108.615639,254.19636100000002], [15.933872655555597,94.05803845555559], [468.58141304347674,1100.7252536231892], [448.338000700864,1010.8980007008639], [-107.94917874396242,693.2380676328504], [44.767435086212146,179.67886138579385], [95.566666666667,190.566666666667], [44.310085907098,221.810085907098], [0.8108304223875245,1.8603911680003955], [0.7694385425132998,1.8736124917518802], [16598.771495,23601.228505], [2030.4067555555603,10106.704355555561], [-3.9810755353176788,101.90088966912828], [-4.816917462271604,115.2269443821326], [6.244399999999995,48.15560000000001], [-15.112393542563098,62.4233264574369], [0.487269368476007,1.4132666935572331], [12.705499999999997,65.0945], [7.1277638888889,34.8500138888889], [-19.085131867057434,120.77196859516323], [0.6667766749383411,1.4020664082657186], [0.45297109616316045,1.5659331702470798], [2.7133333333333303,5.9533333333333305], [3.25264068711928,5.2326406871192805], [2.22237000052313,5.94237000052313], [0.8905588658411596,1.7687638318683603], 3.0, [0.20481533333333002,2.8618513333333304]","number_of_elements, mean_atomic_mass, wtd_entropy_atomic_mass, range_atomic_mass, wtd_range_atomic_mass, wtd_mean_fie, gmean_fie, wtd_range_fie, std_fie, wtd_mean_atomic_radius, wtd_gmean_atomic_radius, entropy_atomic_radius, wtd_entropy_atomic_radius, range_Density, wtd_range_Density, std_ElectronAffinity, wtd_std_ElectronAffinity, mean_FusionHeat, gmean_FusionHeat, wtd_entropy_FusionHeat, range_FusionHeat, wtd_range_FusionHeat, gmean_ThermalConductivity, entropy_ThermalConductivity, wtd_entropy_ThermalConductivity, wtd_mean_Valence, gmean_Valence, wtd_gmean_Valence, entropy_Valence, range_Valence, wtd_range_Valence",0.0,1.0,1.0,1,1.0,51,51,0.38271604938271603,,1,1
"[36.726322381340566,140.23609782416264], [0.41560442641878603,1.7249106703876937], [0.28996284906457137,1.1515723322593086], [18.41338605,86.25805635], [398.62800000000004,1045.5720000000001], [0.7167564743981675,1.4288227432909726], [62.12285714285699,207.122857142857], [0.4206007965769707,1.620098791563109], [94.72,225.28], [-17.85591469140921,162.2673432628378], [18.562554713769295,90.31749466453229], [-3461.6398628571405,15453.43659797858], [381.3877667584352,6028.716205609404], [0.23158016106471369,1.3217691852550304], [265.62867000000006,9875.37133], [55.040253012047984,209.44357142857103], [1.734073503333292,177.0180735033333], [59.64703968811699,182.995039688117], [0.5500691531913675,1.1864526044720005], [0.0016564604509488046,1.2414522813188973], [38.368244428571,189.268898428571], [-18.29938,25.70738], [-14.9715504850264,36.3696695149736], [-13.747191762279002,19.781768237721003], [-15.806881956547777,25.808863157334585], [-62.7467853,94.0615446], [-79.4030169851406,193.2423744148594], [-115.93642305179695,122.45636182698827], [-59.79466550752816,71.80880860274078], [-0.20166695548636349,0.7460398119133674], [-10.056868809860902,136.1337131901391], [2.8333333333333304,5.83333333333333], [4.251244979919679,7.37124497991968], [3.1422031559045998,6.3822031559046], [0.6479471349491446,1.3470704744931141], [0.35554999097091194,1.2524297573239802], 3.0, [0.47194338554216975,5.5762493855421695]","wtd_gmean_atomic_mass, entropy_atomic_mass, wtd_entropy_atomic_mass, wtd_range_atomic_mass, mean_fie, entropy_fie, wtd_mean_atomic_radius, entropy_atomic_radius, range_atomic_radius, wtd_range_atomic_radius, std_atomic_radius, wtd_mean_Density, wtd_gmean_Density, wtd_entropy_Density, range_Density, wtd_mean_ElectronAffinity, gmean_ElectronAffinity, wtd_gmean_ElectronAffinity, entropy_ElectronAffinity, wtd_entropy_ElectronAffinity, wtd_range_ElectronAffinity, wtd_mean_FusionHeat, gmean_FusionHeat, wtd_gmean_FusionHeat, wtd_std_FusionHeat, mean_ThermalConductivity, wtd_mean_ThermalConductivity, gmean_ThermalConductivity, wtd_gmean_ThermalConductivity, entropy_ThermalConductivity, std_ThermalConductivity, mean_Valence, wtd_mean_Valence, gmean_Valence, entropy_Valence, wtd_entropy_Valence, range_Valence, wtd_range_Valence",0.0,0.1,1.0,1,1.5,52,52,0.4691358024691358,,0,0
"3.0, [69.612675333333,138.30607133333302], [1.946401985714303,153.8641129857143], [32.9327021,184.7525979], [24.578447694587897,77.1086916945879], [22.6267752875058,83.2385952875058], [656.5049378881985,948.2636335403735], [516.175275661315,891.215275661315], [139.7525,805.0474999999999], [369.5377391304345,745.0942608695656], [99.969265820836,222.469265820836], [71.202936576936,176.202936576936], [0.4931188651507604,1.1594307310705934], [42.962494664532294,65.9175547137693], [807.3985306198701,7809.85554061987], [0.7632135208142434,1.3299595268037765], [-515.37133,10656.37133], [-3527.6644571428596,10359.89513842035], [502.4006201561101,4148.687950156111], [-964.1289141342677,6219.414169273988], [44.79266666666699,168.14066666666702], [63.373571428571,220.58625301204802], [2.8027499999999996,28.99725], [-0.08148267299576495,1.2725420945919401], [-33.59786,43.93786], [4.103060583611416,20.36945566632418], [7.618455400000002,80.2167853], [-42.44721664232688,156.83634695], [-99.2544,109.49440000000001], [-60.857759485784875,73.5215252474099], [4.5139538614309895,6.97395386143099], [0.768740374914226,1.4618932010231354]","number_of_elements, mean_atomic_mass, wtd_mean_atomic_mass, range_atomic_mass, std_atomic_mass, wtd_std_atomic_mass, wtd_mean_fie, gmean_fie, range_fie, wtd_range_fie, gmean_atomic_radius, wtd_gmean_atomic_radius, wtd_entropy_atomic_radius, std_atomic_radius, gmean_Density, entropy_Density, range_Density, wtd_range_Density, std_Density, wtd_std_Density, mean_ElectronAffinity, wtd_mean_ElectronAffinity, mean_FusionHeat, wtd_entropy_FusionHeat, range_FusionHeat, wtd_std_FusionHeat, mean_ThermalConductivity, range_ThermalConductivity, wtd_range_ThermalConductivity, wtd_std_ThermalConductivity, wtd_gmean_Valence, entropy_Valence",0.0,0.1,1.0,1,1.3333333333333333,52,52,0.3950617283950617,,0,0
"[156.51431789999998,212.6668821], [40.59168471216741,100.1933077121674], [32.1864125933284,104.9205965933284], [661.938,1121.3619999999999], [725.9302453854434,1135.3303993336806], [0.8533737358164932,1.8027954276735667], [582.3125,1038.8875], [162.83137681159354,964.0186231884063], [44.25,209.25], [42.97902209252899,220.479022092529], [0.5961674451476792,1.924183082453761], [-16.11690770444398,106.36690770444397], [58.1402287946665,88.1702287946665], [55.7463674010818,115.97360814049581], [-4988.339451540683,5176.851738391063], [3448.8913069890104,6880.69114698901], [-23.32250000000002,203.8975], [-96.6400379946578,146.80996200534221], [0.13000533786494606,1.135245192622742], [11.870000000000005,270.13], [20.762282,121.362718], [-11.909260000000003,23.71526], [-32.637550000000005,40.70705000000001], [-20.349458058613163,25.752861941386843], [-37.555623570052546,39.98009642994745], [0.6859342812524241,1.314913596401936], [-4.41037,30.16637], [-13.808874941443857,23.884675058556137], [-9.279096878043376,18.628363573886414], [13.489087399999988,199.6742026], [-82.68689158860498,95.31305445422136], [-115.63787227378128,117.48828186440934], [-0.05276154903133151,0.8021223629461716], [264.53155645,535.4152835499999], [-70.44528999999999,170.41870999999998], [99.65405883891698,239.39505633891702], [0.98,3.02], [0.5899999999999999,3.41], [1.19,2.81], 0.0, [-0.765,0.765]","range_atomic_mass, std_atomic_mass, wtd_std_atomic_mass, mean_fie, wtd_gmean_fie, entropy_fie, range_fie, wtd_range_fie, wtd_mean_atomic_radius, gmean_atomic_radius, entropy_atomic_radius, wtd_range_atomic_radius, std_atomic_radius, wtd_std_atomic_radius, wtd_gmean_Density, std_Density, wtd_mean_ElectronAffinity, gmean_ElectronAffinity, wtd_entropy_ElectronAffinity, range_ElectronAffinity, wtd_range_ElectronAffinity, mean_FusionHeat, wtd_mean_FusionHeat, gmean_FusionHeat, wtd_gmean_FusionHeat, wtd_entropy_FusionHeat, range_FusionHeat, std_FusionHeat, wtd_std_FusionHeat, mean_ThermalConductivity, gmean_ThermalConductivity, wtd_gmean_ThermalConductivity, wtd_entropy_ThermalConductivity, range_ThermalConductivity, wtd_range_ThermalConductivity, std_ThermalConductivity, wtd_mean_Valence, gmean_Valence, wtd_gmean_Valence, range_Valence, std_Valence",1.0,1.0,1.0,1,1.0,53,53,0.5061728395061729,,1,1
"2.0, [1.8623010000000022,137.228699], [0.1081191540732519,1.1793697173205402], [15.280717899999996,71.4332821], [-22.9949162,67.46464420000001], [-3.0713265000000014,46.4283265], [400.909314990156,916.589314990156], [330.2846984914983,987.2291315712275], [0.17326973954611025,1.2129354685771658], [-169.15264877030972,171.05258796933697], [101.66008376659099,279.160083766591], [-50.64,110.64], [-20.2275,50.2275], [1781.885785,9236.114215], [-2601.8330513193596,13436.05235868064], [0.324740438880882,1.0282872049368539], [-2852.542765,6860.542765], [-392.1686850000001,2396.168685], [-2902.1315663653522,4906.067437339272], [-35.824000000000005,87.524], [-54.846973972966914,94.46902602703312], [-0.10921537274490772,1.0398103031784578], [-0.08278936653015156,1.0062204761241276], [-41.535,108.535], [-14.754206999999994,48.667806999999996], [-29.675169358872466,63.175169358872466], [-4.239740000000001,43.95814], [-17.3795303420254,57.0128496579746], [-21.79894,26.398940000000003], [-13.049625,15.349625000000001], [-109.74936149999998,154.75736149999997], [-71.27338496058485,116.26227247739286], [0.2762360644347307,1.1095644288724253], [-123.6925093,125.6925093], [-141.8312,143.1912], [2.17,5.83], [0.3290134141584227,1.0572809469614672], [0.43964915929273585,0.9465812011444701], 0.0, [-2.030699,2.094699]","number_of_elements, mean_atomic_mass, entropy_atomic_mass, range_atomic_mass, wtd_range_atomic_mass, std_atomic_mass, gmean_fie, wtd_gmean_fie, wtd_entropy_fie, wtd_std_fie, gmean_atomic_radius, range_atomic_radius, std_atomic_radius, mean_Density, gmean_Density, entropy_Density, range_Density, std_Density, wtd_std_Density, mean_ElectronAffinity, wtd_gmean_ElectronAffinity, entropy_ElectronAffinity, wtd_entropy_ElectronAffinity, range_ElectronAffinity, wtd_range_ElectronAffinity, std_ElectronAffinity, wtd_mean_FusionHeat, gmean_FusionHeat, range_FusionHeat, std_FusionHeat, wtd_mean_ThermalConductivity, gmean_ThermalConductivity, entropy_ThermalConductivity, range_ThermalConductivity, wtd_range_ThermalConductivity, mean_Valence, entropy_Valence, wtd_entropy_Valence, range_Valence, wtd_range_Valence",0.0,1.0,1.0,1,1.0,57,57,0.49382716049382713,,2,2
"2.0, [0.376234177154485,0.911859458778129], [0.004076663848369522,0.5915376751175085], [49.552508,132.741492], [101.52773480000002,191.9872952], [23.349166000000004,67.797834], [8.741798194626401,57.2312541946264], [717.7487966768329,965.293075808325], [-142.235,457.83500000000004], [140.94,218.44], [-0.24702608493602485,1.1046351287870648], [-60.72,64.72], [-12.39018660028515,13.837805334620954], [10606.390376759999,22804.21871676], [-0.07311976773890705,1.373059695820591], [3300.485845,17079.514155], [1761.7863048066629,5613.8311466342775], [59.48400000000001,195.816], [0.3647238009828697,0.9834299341723742], [0.13718255134004748,0.5560324908224625], [-23.20412266971008,72.90412266971009], [-20.055406120231048,56.02873166847585], [-10.822300000000006,62.52230000000001], [2.9021116905709974,49.004431690571], [-0.034290038413220036,0.891707286668006], [-13.32114,13.921140000000001], [-16.923000000000002,52.896], [-12.500575,12.800575], [-13.328353997705825,13.545496807856196], [18.634303000000003,251.365697], [-49.54522145,109.54522145], [5.01,6.99], [3.9299999999999997,8.07], [0.1148170809810567,1.2714772801388332], [-0.2121288096843591,1.0746986811700432], [2.776521,5.503479], [-0.96,0.96]","number_of_elements, entropy_atomic_mass, wtd_entropy_atomic_mass, range_atomic_mass, wtd_range_atomic_mass, std_atomic_mass, wtd_std_atomic_mass, wtd_gmean_fie, range_fie, wtd_mean_atomic_radius, wtd_entropy_atomic_radius, range_atomic_radius, wtd_std_atomic_radius, gmean_Density, entropy_Density, range_Density, wtd_std_Density, mean_ElectronAffinity, entropy_ElectronAffinity, wtd_entropy_ElectronAffinity, std_ElectronAffinity, wtd_std_ElectronAffinity, mean_FusionHeat, wtd_gmean_FusionHeat, wtd_entropy_FusionHeat, range_FusionHeat, wtd_range_FusionHeat, std_FusionHeat, wtd_std_FusionHeat, mean_ThermalConductivity, range_ThermalConductivity, gmean_Valence, wtd_gmean_Valence, entropy_Valence, wtd_entropy_Valence, wtd_range_Valence, wtd_std_Valence",0.0,1.0,1.0,1,1.0,58,58,0.4567901234567901,,1,1
"1.0, [170.83290799999997,243.567092], [-0.2545664382166269,0.2545664382166269], [-33.2755936,33.2755936], [-55.5092757,55.5092757], [-23.739629500000003,23.739629500000003], [564.4580072463764,865.9419927536237], [387.04,1043.3600000000001], [-0.7120662688928052,0.7120662688928052], [-0.4484832556604554,0.4484832556604554], [-319.2230434782614,319.2230434782614], [-99.93438985154201,99.93438985154201], [96.5,211.5], [67.74999999999999,240.25], [-0.7139055706283924,0.7139055706283924], [-88.32000000000001,88.32000000000001], [-80.45505521956368,80.45505521956368], [4224.600135,18455.399865], [4563.205873378837,18116.794126621164], [-0.5178885916800905,0.5178885916800905], [-0.4258550875743425,0.4258550875743425], [-3501.228505,3501.228505], [-70.518,143.71800000000002], [-16.959000000000003,90.159], [-59.330000000000005,59.330000000000005], [-35.022496183009046,35.022496183009046], [-51.568137834568006,51.568137834568006], [-15.137820000000001,24.67782], [-27.18729,36.727289999999996], [-0.48389655394953,0.48389655394953], [-120.43199999999999,120.43199999999999], [-45.859597170852176,45.859597170852176], [1.9299999999999997,6.07], [-0.5069320418517342,0.5069320418517342], [-0.5549999999999999,0.5549999999999999]","number_of_elements, mean_atomic_mass, wtd_entropy_atomic_mass, range_atomic_mass, wtd_range_atomic_mass, wtd_std_atomic_mass, wtd_mean_fie, gmean_fie, entropy_fie, wtd_entropy_fie, wtd_range_fie, std_fie, wtd_mean_atomic_radius, gmean_atomic_radius, wtd_entropy_atomic_radius, range_atomic_radius, wtd_range_atomic_radius, gmean_Density, wtd_gmean_Density, entropy_Density, wtd_entropy_Density, range_Density, mean_ElectronAffinity, gmean_ElectronAffinity, range_ElectronAffinity, std_ElectronAffinity, wtd_std_ElectronAffinity, mean_FusionHeat, gmean_FusionHeat, wtd_entropy_ThermalConductivity, wtd_range_ThermalConductivity, wtd_std_ThermalConductivity, wtd_mean_Valence, wtd_entropy_Valence, std_Valence",0.0,1.0,1.0,1,1.0,59,59,0.43209876543209874,,1,1
"[58.800569666666995,161.84066366666698], [39.80334491999999,175.51650008000001], [52.78358826042041,103.69854496762261], [54.79737817572455,108.62246140599203], [0.9802322305341274,2.0911587405683525], [-0.819010150000004,67.02566015], [40.10880469027099,94.65944269027099], [1.1698815583780258,2.291925376027294], [504.0425,1117.1575], [-183.3998188405802,467.5648188405802], [100.12499999999999,242.625], [70.774685587656,218.274685587656], [1.4181691983990974,1.9964985888388425], [-8.795194583223903,123.2951945832239], [27.353420638820374,96.32332535653643], [1.115073899364375,1.701362871077685], [-4922.8306250000005,9659.373375], [-54.841666666666704,156.1483333333333], [46.769999999999996,235.23000000000002], [-0.13307337072166803,115.52261169875007], [17.85097542729263,97.31663045105316], [-10.622326019804802,17.6677339801952], [0.6662692243062049,1.976642797534355], [-24.988375,31.482875000000003], [-12.090208699999977,280.90185369999995], [-34.494799582207555,78.30817822659435], [0.7677701580722672,1.2416235417721326], [329.02768195,470.91915804999996], [101.51384991651702,189.658171416517], [130.75622262240967,199.0123672487943], [1.3926799060804511,2.1637867055189686], [1.0642191370958887,2.4095387866254914], 1.0, [-1.752738,2.3027379999999997], [-0.18660865617868194,0.713391343821318]","mean_atomic_mass, wtd_mean_atomic_mass, gmean_atomic_mass, wtd_gmean_atomic_mass, entropy_atomic_mass, wtd_range_atomic_mass, wtd_std_atomic_mass, entropy_fie, range_fie, wtd_range_fie, wtd_mean_atomic_radius, gmean_atomic_radius, entropy_atomic_radius, wtd_range_atomic_radius, wtd_std_atomic_radius, entropy_Density, wtd_range_Density, mean_ElectronAffinity, range_ElectronAffinity, std_ElectronAffinity, wtd_std_ElectronAffinity, gmean_FusionHeat, wtd_entropy_FusionHeat, wtd_range_FusionHeat, wtd_mean_ThermalConductivity, wtd_gmean_ThermalConductivity, entropy_ThermalConductivity, range_ThermalConductivity, std_ThermalConductivity, wtd_std_ThermalConductivity, entropy_Valence, wtd_entropy_Valence, range_Valence, wtd_range_Valence, wtd_std_Valence",0.0,1.0,1.0,1,1.0,60,60,0.43209876543209874,,1,1
"[0.6931642245407467,1.6652249208206933], [0.4219023739894505,1.4597501605649295], [-20.23676005,105.17308505], [33.5364432270994,100.2094452270994], [607.024,907.0559999999999], [519.0396739130424,1044.2053260869575], [527.90427451555,940.4482745155499], [406.97854187273197,1102.00671020346], [0.7288798175052662,2.115100789546674], [42.35713768115909,467.98786231884094], [102.25613619727677,308.29592746213325], [45.55000000000001,215.55], [53.870945129343994,198.870945129344], [0.895409599069075,2.159166415215185], [-29.27923349986869,129.22923349986868], [38.50458894204135,79.30368750745085], [-1205.15701,12799.757010000001], [-3405.768951658789,13309.77358834121], [0.792209513639502,2.121131182856338], [2385.62867,12776.37133], [2188.6248833260825,4791.357884560957], [16.531886056814002,117.15788605681401], [0.6788120976124709,1.8683459257425294], [62.635000000000005,191.765], [-32.435412,107.530412], [-4.235045530740649,98.38901305203005], [0.7183553469190095,2.0000338059368308], [0.5965250467075129,1.767125438791327], [26.531897245728537,43.06965158761286], [-42.87202339999999,176.8720234], [-54.37380865752824,148.67155139831524], [0.7331895641019841,1.571943590947836], [-28.478130043690832,129.36420440482362], [1.1800000000000002,5.619999999999999], [1.6050000000000002,4.545], [2.4053422231992103,4.08534222319921], [1.7504485163994499,4.21044851639945], [1.253785419785589,1.8749547859999507], [1.104320903146986,1.825724193474454], [-1.0828160000000002,2.8328160000000002], [0.1348039027185599,1.90480390271856]","entropy_atomic_mass, wtd_entropy_atomic_mass, wtd_range_atomic_mass, wtd_std_atomic_mass, mean_fie, wtd_mean_fie, gmean_fie, wtd_gmean_fie, wtd_entropy_fie, wtd_range_fie, wtd_std_fie, wtd_mean_atomic_radius, gmean_atomic_radius, entropy_atomic_radius, wtd_range_atomic_radius, wtd_std_atomic_radius, wtd_mean_Density, gmean_Density, entropy_Density, range_Density, wtd_std_Density, gmean_ElectronAffinity, wtd_entropy_ElectronAffinity, range_ElectronAffinity, wtd_range_ElectronAffinity, std_ElectronAffinity, entropy_FusionHeat, wtd_entropy_FusionHeat, wtd_std_FusionHeat, wtd_mean_ThermalConductivity, wtd_gmean_ThermalConductivity, wtd_entropy_ThermalConductivity, wtd_std_ThermalConductivity, mean_Valence, wtd_mean_Valence, gmean_Valence, wtd_gmean_Valence, entropy_Valence, wtd_entropy_Valence, wtd_range_Valence, std_Valence",0.0,1.0,1.0,1,1.0,61,61,0.5061728395061729,,2,2
"2.0, [81.1179461423566,141.1536158991934], [-0.07139951619207963,1.3370965947441698], [0.15631288548119948,1.1941606720566784], [39.0913312,155.5559088], [-44.69443575,88.93900575], [35.024150500000005,62.2994695], [418.22800000000007,1065.172], [459.5177536231875,945.7822463768125], [0.07362473930675573,1.1336760708678322], [-306.8975,619.2974999999999], [105.24999999999999,277.75], [115.13965489283899,267.63965489283896], [0.1293377366807374,0.9669869395513846], [-70.2,96.2], [-16.71319837550635,27.97152862470405], [9481.08583,21678.91417], [9735.003109704001,18092.774379704], [7870.242391281077,13969.357105240124], [8485.800105,19554.199894999998], [4509.1982797879955,7632.477881269844], [32.54899999999999,152.651], [37.0353533149742,157.1373533149742], [-8.404719644586706,192.84728035541332], [0.2547947397870749,1.1209833262523812], [0.10835294616785429,1.0968388033463536], [-19.154599000000005,96.754599], [-30.227194165272472,47.54770224096125], [-10.391750000000002,68.19175], [8.9157814404862,48.7314214404862], [-0.002717876430452071,1.185354163296404], [-5.675016588219012,9.312323284113651], [13.979518599999999,127.0204814], [9.348655400000005,115.15134459999999], [-33.17229692883983,170.25621283439023], [-68.88539583479331,190.56145312545112], [0.12285165928205444,1.1712941928393694], [-61.59431740000001,127.59431740000001], [-52.295568,85.295568], [-51.83372094436691,80.41255926925331], [4.57,6.43], [3.36,7.140000000000001], [4.12317569696053,6.343175696960531], [-0.08209756096185872,1.4601160379151765], 1.0, [-0.691987298107781,1.558012701892219]","number_of_elements, wtd_gmean_atomic_mass, entropy_atomic_mass, wtd_entropy_atomic_mass, range_atomic_mass, wtd_range_atomic_mass, std_atomic_mass, mean_fie, wtd_mean_fie, wtd_entropy_fie, range_fie, mean_atomic_radius, gmean_atomic_radius, wtd_entropy_atomic_radius, range_atomic_radius, wtd_std_atomic_radius, mean_Density, gmean_Density, wtd_gmean_Density, range_Density, wtd_std_Density, wtd_mean_ElectronAffinity, gmean_ElectronAffinity, wtd_gmean_ElectronAffinity, entropy_ElectronAffinity, wtd_entropy_ElectronAffinity, wtd_range_ElectronAffinity, wtd_std_ElectronAffinity, mean_FusionHeat, gmean_FusionHeat, wtd_entropy_FusionHeat, wtd_std_FusionHeat, mean_ThermalConductivity, wtd_mean_ThermalConductivity, gmean_ThermalConductivity, wtd_gmean_ThermalConductivity, wtd_entropy_ThermalConductivity, range_ThermalConductivity, std_ThermalConductivity, wtd_std_ThermalConductivity, mean_Valence, wtd_mean_Valence, wtd_gmean_Valence, entropy_Valence, range_Valence, wtd_std_Valence",0.0,1.0,1.0,1,1.0,62,62,0.5679012345679012,,1,1
"[50.440591749999996,113.07280575], [3.9367122999999964,155.8544233], [0.975350329873119,1.6498414252510412], [0.6279429339416778,1.744118855353042], [53.4057179,109.5582821], [-6.311022950000002,61.53364735], [505.4092391304338,1059.7507608695664], [423.214139987131,1023.278139987131], [525.3150146391246,1001.3617052766095], [143.66499999999996,743.735], [174.0235391304345,549.5800608695655], [17.01188077108705,309.3008869840229], [136.25,201.25], [73.44,243.44], [97.96428678105701,225.464286781057], [-15.965194583223905,116.1251945832239], [13.214207085245299,89.4442070852453], [0.6970226537178276,1.9673154257633327], [-5148.974400000001,10106.2544], [-1198.1658592958502,5343.70258570415], [2.139499999999991,86.53550000000001], [-39.08300000000001,126.46300000000001], [-77.72853390429611,146.24546609570393], [-59.75486193784611,125.26713806215392], [1.5940848330289015,55.3495440906707], [-10.7515670493614,40.5896529506386], [-2.403179918986403,35.3169000810136], [0.6933677050632443,1.8936697539846958], [0.57854180912513,1.399709248348104], [-29.680190499999995,153.18019049999998], [-25.346684000000003,137.426684], [-18.290789578709138,121.56631088351153], [-33.31520973834594,132.12915771456355], [-85.55600000000001,135.23600000000002], [1.67,5.33], [1.80975091964687,4.80975091964687], 3.0, [-0.6072700000000004,4.28727], [0.32303398874989,1.91303398874989]","mean_atomic_mass, wtd_mean_atomic_mass, entropy_atomic_mass, wtd_entropy_atomic_mass, range_atomic_mass, wtd_range_atomic_mass, wtd_mean_fie, gmean_fie, wtd_gmean_fie, range_fie, wtd_range_fie, wtd_std_fie, mean_atomic_radius, wtd_mean_atomic_radius, gmean_atomic_radius, wtd_range_atomic_radius, std_atomic_radius, entropy_Density, wtd_range_Density, std_Density, mean_ElectronAffinity, wtd_mean_ElectronAffinity, gmean_ElectronAffinity, wtd_gmean_ElectronAffinity, std_ElectronAffinity, gmean_FusionHeat, wtd_gmean_FusionHeat, entropy_FusionHeat, wtd_entropy_FusionHeat, mean_ThermalConductivity, wtd_mean_ThermalConductivity, gmean_ThermalConductivity, wtd_gmean_ThermalConductivity, wtd_range_ThermalConductivity, mean_Valence, gmean_Valence, range_Valence, wtd_range_Valence, std_Valence",0.0,0.1,1.0,1,1.0,64,64,0.48148148148148145,,0,0
"[50.440591749999996,113.07280575], [3.9367122999999964,155.8544233], [0.975350329873119,1.6498414252510412], [0.6279429339416778,1.744118855353042], [53.4057179,109.5582821], [-6.311022950000002,61.53364735], [505.4092391304338,1059.7507608695664], [423.214139987131,1023.278139987131], [525.3150146391246,1001.3617052766095], [0.929814129683866,2.246057838849354], [143.66499999999996,743.735], [17.01188077108705,309.3008869840229], [136.25,201.25], [73.44,243.44], [97.96428678105701,225.464286781057], [-15.965194583223905,116.1251945832239], [13.214207085245299,89.4442070852453], [0.6970226537178276,1.9673154257633327], [-5148.974400000001,10106.2544], [-1198.1658592958502,5343.70258570415], [2.139499999999991,86.53550000000001], [-39.08300000000001,126.46300000000001], [-77.72853390429611,146.24546609570393], [-59.75486193784611,125.26713806215392], [0.5789547111209998,1.031312645762008], [1.5940848330289015,55.3495440906707], [-17.785184469900674,80.27881534665488], [-10.7515670493614,40.5896529506386], [-2.403179918986403,35.3169000810136], [0.6933677050632443,1.8936697539846958], [0.57854180912513,1.399709248348104], [-29.680190499999995,153.18019049999998], [-25.346684000000003,137.426684], [-18.290789578709138,121.56631088351153], [-85.55600000000001,135.23600000000002], [-49.74607145810931,111.49354104189071], [1.67,5.33], [1.80975091964687,4.80975091964687], [-0.6072700000000004,4.28727], [0.32303398874989,1.91303398874989]","mean_atomic_mass, wtd_mean_atomic_mass, entropy_atomic_mass, wtd_entropy_atomic_mass, range_atomic_mass, wtd_range_atomic_mass, wtd_mean_fie, gmean_fie, wtd_gmean_fie, entropy_fie, range_fie, wtd_std_fie, mean_atomic_radius, wtd_mean_atomic_radius, gmean_atomic_radius, wtd_range_atomic_radius, std_atomic_radius, entropy_Density, wtd_range_Density, std_Density, mean_ElectronAffinity, wtd_mean_ElectronAffinity, gmean_ElectronAffinity, wtd_gmean_ElectronAffinity, wtd_entropy_ElectronAffinity, std_ElectronAffinity, wtd_std_ElectronAffinity, gmean_FusionHeat, wtd_gmean_FusionHeat, entropy_FusionHeat, wtd_entropy_FusionHeat, mean_ThermalConductivity, wtd_mean_ThermalConductivity, gmean_ThermalConductivity, wtd_range_ThermalConductivity, std_ThermalConductivity, mean_Valence, gmean_Valence, wtd_range_Valence, std_Valence",0.0,1.0,1.0,1,1.0,64,64,0.49382716049382713,,1,1
"6.0, [0.9788369198782777,2.327819110634122], [1.11239448687724,2.01316803748992], [-47.67559797142861,92.12554082857142], [29.4375424250009,57.7230584250009], [14.963014677141398,63.45247067714139], [594.407333333333,847.559333333333], [558.7004968944091,908.810931677019], [510.565,1110.635], [57.71175983436777,458.3053830227742], [1.1537041920297102,1.9532784311335099], [15.448420419969153,82.69443672288804], [38.956962092281,93.241962092281], [31.935851464061955,87.30605665997484], [-2193.509992857141,13618.48970714286], [0.7641424077532013,1.5817841758959388], [-19.428666666666714,155.8553333333333], [-1.5400000000000063,160.76], [2.3149349208317034,96.4489349208317], [1.1145210959846672,1.8569684558120727], [0.8575168510211979,1.4271527687172822], [69.66,202.28], [-5.101167525128076,109.87041846669568], [-14.695401428571435,34.55025857142857], [-31.70057403808095,43.739585961919055], [1.0939038830419103,1.6838828562405896], [1.011400496474091,1.692794754552729], [-4.6643664144315995,27.349333585568402], [-10.077766843231416,24.031351486904995], [35.1382443,307.7836357], [0.622394410021807,1.341344371497465], [3.7419171428570053,304.821917142857], [81.91078198582798,200.153164485828], [137.08958511237483,228.80877945407917], [0.9042857142857099,3.72428571428571], [1.51979658685065,3.61979658685065], [1.0488888008387403,2.3126471665852], [1.3141485099876595,2.0160544140900605], [0.25428093644148886,1.454280936441489]","number_of_elements, entropy_atomic_mass, wtd_entropy_atomic_mass, wtd_range_atomic_mass, std_atomic_mass, wtd_std_atomic_mass, mean_fie, wtd_mean_fie, range_fie, wtd_range_fie, wtd_entropy_atomic_radius, wtd_range_atomic_radius, std_atomic_radius, wtd_std_atomic_radius, wtd_mean_Density, wtd_entropy_Density, mean_ElectronAffinity, wtd_mean_ElectronAffinity, wtd_gmean_ElectronAffinity, entropy_ElectronAffinity, wtd_entropy_ElectronAffinity, range_ElectronAffinity, wtd_std_ElectronAffinity, wtd_mean_FusionHeat, gmean_FusionHeat, entropy_FusionHeat, wtd_entropy_FusionHeat, std_FusionHeat, wtd_std_FusionHeat, wtd_mean_ThermalConductivity, entropy_ThermalConductivity, wtd_range_ThermalConductivity, std_ThermalConductivity, wtd_std_ThermalConductivity, wtd_mean_Valence, gmean_Valence, entropy_Valence, wtd_entropy_Valence, wtd_std_Valence",0.0,1.0,1.0,1,1.0,65,65,0.48148148148148145,,1,1
"4.0, [-15.585817308604902,82.17089956922331], [4.5253731469275635,128.73710367831404], [13.789296430645194,122.7519487306452], [14.627403830066001,59.076071830066], [704.312,948.0880000000001], [509.42414212248605,1054.040374006546], [0.2370776869169009,1.704841069078391], [-14.682115065185627,191.35767619967083], [68.44467271169563,145.29726277217438], [-1472.8212999999996,12080.3213], [6011.227705483869,11884.25616548387], [-246.72287976523967,8562.81981023476], [4130.930922586929,10907.725049208091], [0.5227959616021645,1.7540028022001155], [-616.7682322580595,15984.51016774194], [2580.4840278165498,5368.8213978165495], [1432.0511827760824,6949.845145394018], [-44.20028894256962,137.57571105743042], [0.5705973383127959,1.684268378053904], [10.284999999999997,244.115], [-6.113905870967699,68.2429381290323], [-18.839630150928084,64.00754210788608], [23.247729999999997,68.30227], [1.0133561290322959,47.1156761290323], [0.3423907885696098,1.78682206778017], [-18.27339112903226,36.144358870967736], [18.9269484313089,55.5877984313089], [-21.03072209999999,148.5307221], [-68.7300053612903,183.56871503870968], [-33.414478804731445,132.02988864817803], [0.6296359157083344,1.5773426831080655], [-10.291992700000009,256.29199270000004], [-6.337579173318005,103.305357326682], [2.42,4.58], [0.9905018855411611,1.7616086849796788], 1.0, [0.9133289032258098,3.9898969032258105], [-0.4325362339938889,1.3674637660061109]","number_of_elements, gmean_atomic_mass, wtd_gmean_atomic_mass, wtd_range_atomic_mass, wtd_std_atomic_mass, mean_fie, wtd_mean_fie, wtd_entropy_fie, wtd_std_fie, wtd_range_atomic_radius, mean_Density, wtd_mean_Density, gmean_Density, wtd_gmean_Density, entropy_Density, wtd_range_Density, std_Density, wtd_std_Density, wtd_gmean_ElectronAffinity, entropy_ElectronAffinity, range_ElectronAffinity, wtd_range_ElectronAffinity, wtd_std_ElectronAffinity, mean_FusionHeat, wtd_mean_FusionHeat, entropy_FusionHeat, wtd_range_FusionHeat, std_FusionHeat, mean_ThermalConductivity, wtd_mean_ThermalConductivity, wtd_gmean_ThermalConductivity, entropy_ThermalConductivity, range_ThermalConductivity, std_ThermalConductivity, mean_Valence, entropy_Valence, range_Valence, wtd_range_Valence, wtd_std_Valence",0.0,1.0,1.0,1,1.0,67,67,0.48148148148148145,,1,1
"[3.645770143076895,98.84753570307691], [30.984545659707234,90.04589544006177], [-5.634662146153804,47.8187144538462], [448.41902214641607,1095.363022146416], [709.1554491022272,1166.1602721142126], [342.62233667781476,1068.6982787068014], [172.4674303303088,392.32308800370123], [2.184181151662088,177.18418115166213], [0.8372097662242991,2.1652254035303806], [-50.01419187281312,127.70742264204392], [-4798.124971589101,6947.9319484109], [0.677295198359689,1.9671309361289708], [564.5013343526298,5604.95734935263], [-6.127523076922998,224.338476923077], [41.7370055384615,111.7199175384615], [15.692956313850303,83.3233010149231], [-22.51895846153846,48.30109243315107], [0.5597707134094838,1.538182981419836], [-16.49618461538462,22.52031538461538], [-6.146960331915549,15.02338966808445], [-10.633523658167158,21.9251802024176], [45.3814809615385,147.1148359615385], [-74.10640028691941,76.2975701248165], [281.73052325,518.21631675], [69.980392823704,231.22000532370402], [120.43245380975682,212.15164815146116], [0.1299999999999999,4.2700000000000005], [0.06692307692307997,4.08692307692308], [0.32336223306145007,3.8033622330614496], 1.0, [-0.4624378461538503,2.6141301538461503], [-0.07999999999999996,0.88]","wtd_mean_atomic_mass, gmean_atomic_mass, wtd_range_atomic_mass, gmean_fie, wtd_gmean_fie, wtd_range_fie, std_fie, wtd_gmean_atomic_radius, entropy_atomic_radius, wtd_range_atomic_radius, gmean_Density, entropy_Density, std_Density, wtd_mean_ElectronAffinity, wtd_range_ElectronAffinity, wtd_std_ElectronAffinity, wtd_mean_FusionHeat, wtd_entropy_FusionHeat, wtd_range_FusionHeat, std_FusionHeat, wtd_std_FusionHeat, wtd_mean_ThermalConductivity, wtd_gmean_ThermalConductivity, range_ThermalConductivity, std_ThermalConductivity, wtd_std_ThermalConductivity, mean_Valence, wtd_mean_Valence, wtd_gmean_Valence, range_Valence, wtd_range_Valence, std_Valence",1.0,0.010240000000000003,0.4,1,5.8,96,68,0.3950617283950617,,2,5
"5.0, [3.645770143076895,98.84753570307691], [81.81283260000001,160.8423674], [16.4120030641059,71.9728380641059], [658.6226716833862,1349.1182513935337], [448.41902214641607,1095.363022146416], [0.8728067434054615,2.2322059840189987], [172.4674303303088,392.32308800370123], [280.05981900122896,404.642018370677], [2.184181151662088,177.18418115166213], [0.8372097662242991,2.1652254035303806], [-50.01419187281312,127.70742264204392], [30.65281458865909,109.1928145886591], [-2072.8283549999996,11706.199955], [-4798.124971589101,6947.9319484109], [0.3880684627661136,1.2568128414177724], [-3322.10016923077,7446.29663076923], [-0.9073314615384902,154.36725453846148], [15.692956313850303,83.3233010149231], [-23.740375414551863,32.839744585448145], [0.5597707134094838,1.538182981419836], [-10.633523658167158,21.9251802024176], [45.3814809615385,147.1148359615385], [-0.3797954353516155,0.7976861792589074], [281.73052325,518.21631675], [120.43245380975682,212.15164815146116], [0.1299999999999999,4.2700000000000005], [0.8230598996795022,2.3652734985565376], 1.0, [-0.07999999999999996,0.88]","number_of_elements, wtd_mean_atomic_mass, range_atomic_mass, wtd_std_atomic_mass, wtd_mean_fie, gmean_fie, entropy_fie, std_fie, wtd_std_fie, wtd_gmean_atomic_radius, entropy_atomic_radius, wtd_range_atomic_radius, std_atomic_radius, mean_Density, gmean_Density, wtd_entropy_Density, wtd_range_Density, wtd_range_ElectronAffinity, wtd_std_ElectronAffinity, gmean_FusionHeat, wtd_entropy_FusionHeat, wtd_std_FusionHeat, wtd_mean_ThermalConductivity, wtd_entropy_ThermalConductivity, range_ThermalConductivity, wtd_std_ThermalConductivity, mean_Valence, entropy_Valence, range_Valence, std_Valence",1.0,0.0,0.0,1,11.0,68,68,0.37037037037037035,,0,1
"4.0, [13.414995659999995,96.46334433999999], [-13.548402978103116,65.87892948513232], [0.6636813247700054,1.2786584999675226], [19.360478366666694,72.8138549666667], [13.463546931281194,82.15694293128121], [508.67800000000005,921.222], [568.37609877272,840.28009877272], [0.6061034792045512,1.706926015825669], [-153.40750000000003,720.6075000000001], [-32.01369565217453,681.5436956521745], [0.8389282080176912,230.68802486656432], [62.416666666667,244.916666666667], [73.30159036430601,203.301590364306], [0.7888972796338167,1.9241364534599834], [0.6190125127017068,1.551849124989473], [47.44,116.56], [-3.4493031816988093,140.6493031816988], [571.0548733333299,12317.11179333333], [-4460.355203163561,11351.644496836441], [-5023.274844603615,11466.924196841215], [0.36805887382024194,1.696980543037078], [0.09499598827537203,1.1170481984537939], [2790.3922967712997,6543.9233717713005], [-26.38800000000002,155.38800000000003], [-53.04398248176952,167.68401751823052], [-16.861956763464704,122.7160432365353], [1.044440760538177,1.504051030907523], [1.5400000000000063,169.06], [-58.59077599999999,98.87077599999999], [-9.5339466666667,44.9506133333333], [-10.215482070274804,39.030177929725205], [-3.3396762709304024,25.998163729069603], [0.4510992220239939,1.6042279664647658], [31.2833,62.7167], [5.930669429251701,28.6500694292517], [6.652223989004112,24.74039280044009], [-6.306519499999993,143.30651949999998], [-66.9893623666667,205.6560290333333], [0.5224892377256404,1.6354513118095597], [8.103357899999999,119.89664210000001], [-27.636631215759902,77.7065822842401], [-12.931437857559356,53.19170224925075], [0.6933333333333298,4.77333333333333], [0.5333638394006397,3.89336383940064], [0.33953972553835365,1.5873724439426224], 3.0, [0.14303398874988993,2.09303398874989]","number_of_elements, wtd_mean_atomic_mass, gmean_atomic_mass, entropy_atomic_mass, wtd_range_atomic_mass, wtd_std_atomic_mass, mean_fie, gmean_fie, wtd_entropy_fie, range_fie, wtd_range_fie, std_fie, wtd_mean_atomic_radius, gmean_atomic_radius, entropy_atomic_radius, wtd_entropy_atomic_radius, range_atomic_radius, wtd_range_atomic_radius, wtd_mean_Density, gmean_Density, wtd_gmean_Density, entropy_Density, wtd_entropy_Density, std_Density, mean_ElectronAffinity, gmean_ElectronAffinity, wtd_gmean_ElectronAffinity, entropy_ElectronAffinity, range_ElectronAffinity, wtd_range_ElectronAffinity, wtd_mean_FusionHeat, gmean_FusionHeat, wtd_gmean_FusionHeat, wtd_entropy_FusionHeat, range_FusionHeat, std_FusionHeat, wtd_std_FusionHeat, mean_ThermalConductivity, wtd_mean_ThermalConductivity, wtd_entropy_ThermalConductivity, range_ThermalConductivity, std_ThermalConductivity, wtd_std_ThermalConductivity, wtd_mean_Valence, gmean_Valence, wtd_entropy_Valence, range_Valence, std_Valence",0.0,1.0,1.0,1,1.0,69,69,0.5925925925925926,,1,1
"5.0, [-6.252847715805885,142.8012289218579], [0.7415763370580054,2.150072447994255], [518.396,968.444], [618.9967339544507,862.1289803312632], [576.8684709798961,833.933683924138], [-168.56138716356207,745.29281573499], [234.15616037238027,359.07414768680775], [104.35,236.85], [133.257142857143,203.257142857143], [79.98735241931601,217.487352419316], [114.74250757725,187.24250757725], [1.1964134797166937,1.8175820842630865], [0.6660663255553869,1.998690057395053], [-17.964410615679476,128.53583918710808], [45.790322721033476,84.64660706904252], [-3626.942615,12862.714215], [-1482.8528650000007,12747.946865], [-4712.920389135565,8388.881588998684], [0.8066597133704495,1.8424368967306304], [0.4309752401115713,1.4870958572959405], [-3339.13534285714,11018.72705714286], [-902.7533280958996,6818.7963119041], [-557.7252659591873,7042.255097646646], [10.015999999999991,133.364], [33.85571428571429,131.2357142857143], [-5.731032522555502,111.1249674774445], [0.9032803503432982,1.804823572990862], [0.5202660554156971,1.575767902911383], [79.935,174.165], [-27.986667142857108,125.10095285714291], [6.299752232036489,94.26323101726851], [17.833678959134012,83.77326504267998], [0.558275796674291,1.5891030076137689], [-4.934260000000002,30.690260000000002], [-6.98624948124482,15.733150518755181], [-4.632123797534449,13.456045013901528], [-48.315296045431666,83.28817806483727], [0.01663640162119251,0.8989840816140455], [-0.15110437547752548,1.0586370093962996], [159.7241944943012,223.71433008153681], [1.70517108469735,3.50517108469735], [1.1713440654781062,2.0067097648698335]","number_of_elements, wtd_gmean_atomic_mass, entropy_atomic_mass, mean_fie, wtd_mean_fie, wtd_gmean_fie, wtd_range_fie, std_fie, mean_atomic_radius, wtd_mean_atomic_radius, gmean_atomic_radius, wtd_gmean_atomic_radius, entropy_atomic_radius, wtd_entropy_atomic_radius, wtd_range_atomic_radius, wtd_std_atomic_radius, mean_Density, wtd_mean_Density, wtd_gmean_Density, entropy_Density, wtd_entropy_Density, wtd_range_Density, std_Density, wtd_std_Density, mean_ElectronAffinity, wtd_mean_ElectronAffinity, gmean_ElectronAffinity, entropy_ElectronAffinity, wtd_entropy_ElectronAffinity, range_ElectronAffinity, wtd_range_ElectronAffinity, std_ElectronAffinity, wtd_std_ElectronAffinity, wtd_entropy_FusionHeat, range_FusionHeat, std_FusionHeat, wtd_std_FusionHeat, wtd_gmean_ThermalConductivity, entropy_ThermalConductivity, wtd_entropy_ThermalConductivity, wtd_std_ThermalConductivity, gmean_Valence, entropy_Valence",0.0,0.0,0.0,1,5.0,71,71,0.5308641975308642,,0,1
"5.0, [-6.252847715805885,142.8012289218579], [0.7415763370580054,2.150072447994255], [518.396,968.444], [618.9967339544507,862.1289803312632], [576.8684709798961,833.933683924138], [-168.56138716356207,745.29281573499], [234.15616037238027,359.07414768680775], [104.35,236.85], [133.257142857143,203.257142857143], [79.98735241931601,217.487352419316], [114.74250757725,187.24250757725], [1.1964134797166937,1.8175820842630865], [-17.964410615679476,128.53583918710808], [45.790322721033476,84.64660706904252], [-3626.942615,12862.714215], [-1482.8528650000007,12747.946865], [-4712.920389135565,8388.881588998684], [0.8066597133704495,1.8424368967306304], [0.4309752401115713,1.4870958572959405], [-3339.13534285714,11018.72705714286], [-902.7533280958996,6818.7963119041], [-557.7252659591873,7042.255097646646], [33.85571428571429,131.2357142857143], [-5.731032522555502,111.1249674774445], [0.9032803503432982,1.804823572990862], [0.5202660554156971,1.575767902911383], [79.935,174.165], [-27.986667142857108,125.10095285714291], [6.299752232036489,94.26323101726851], [17.833678959134012,83.77326504267998], [0.87548481959521,1.8926899457998299], [0.558275796674291,1.5891030076137689], [-4.934260000000002,30.690260000000002], [-4.632123797534449,13.456045013901528], [0.01663640162119251,0.8989840816140455], [159.7241944943012,223.71433008153681], [1.1713440654781062,2.0067097648698335]","number_of_elements, wtd_gmean_atomic_mass, entropy_atomic_mass, mean_fie, wtd_mean_fie, wtd_gmean_fie, wtd_range_fie, std_fie, mean_atomic_radius, wtd_mean_atomic_radius, gmean_atomic_radius, wtd_gmean_atomic_radius, entropy_atomic_radius, wtd_range_atomic_radius, wtd_std_atomic_radius, mean_Density, wtd_mean_Density, wtd_gmean_Density, entropy_Density, wtd_entropy_Density, wtd_range_Density, std_Density, wtd_std_Density, wtd_mean_ElectronAffinity, gmean_ElectronAffinity, entropy_ElectronAffinity, wtd_entropy_ElectronAffinity, range_ElectronAffinity, wtd_range_ElectronAffinity, std_ElectronAffinity, wtd_std_ElectronAffinity, entropy_FusionHeat, wtd_entropy_FusionHeat, range_FusionHeat, wtd_std_FusionHeat, entropy_ThermalConductivity, wtd_std_ThermalConductivity, entropy_Valence",0.0,0.0,0.0,1,5.0,71,71,0.4691358024691358,,0,1
"3.0, [-12.144341950149432,128.38093856172864], [-1.8890862803748831,56.076387967605484], [0.3242170404406546,1.3620648270161335], [-27.228353970588202,75.5666010294118], [48.0534207135768,92.5020887135768], [30.6404774516092,60.9463874516092], [636.08,1011.12], [58.335677928819734,333.1552500205603], [112.333333333333,202.333333333333], [0.4560970095641306,1.5484969692836494], [0.36412642045720106,1.316000514628391], [57.328738392739254,82.58532321894513], [0.4678095531521874,1.6431695948573726], [-6355.480219607843,8002.382180392157], [5343.55075379476,9740.54429879476], [810.9341560560601,5808.18151842702], [-10.136333333333297,187.86966666666672], [-5.0335294117650164,222.186470588235], [56.24499999999999,192.35500000000002], [-9.963260084683725,112.20823822813853], [-1.8501289897295123,119.88449147220152], [33.1782966666667,67.7550366666667], [49.311787843137296,89.1274278431373], [0.09542393199903831,1.4788229036373215], [0.003465623424992015,0.632444938574504], [75.78773999999999,111.41226], [41.4026053921569,83.4993553921569], [26.0630316068898,53.429581606889805], [-4.040962800000003,222.0409628], [-13.448691232473024,161.37268434530284], [-17.574601880081744,151.62986483312113], [0.16871343760202695,0.781649072604765], [26.86439349551454,92.98753360232465], [2.52549019607843,4.92549019607843], [2.75016764610381,5.57016764610381], [0.6322191289246499,1.86221912892465]","number_of_elements, gmean_atomic_mass, wtd_gmean_atomic_mass, wtd_entropy_atomic_mass, wtd_range_atomic_mass, std_atomic_mass, wtd_std_atomic_mass, mean_fie, std_fie, mean_atomic_radius, entropy_atomic_radius, wtd_entropy_atomic_radius, wtd_std_atomic_radius, wtd_entropy_Density, wtd_range_Density, std_Density, wtd_std_Density, mean_ElectronAffinity, wtd_mean_ElectronAffinity, range_ElectronAffinity, std_ElectronAffinity, wtd_std_ElectronAffinity, mean_FusionHeat, wtd_mean_FusionHeat, entropy_FusionHeat, wtd_entropy_FusionHeat, range_FusionHeat, wtd_range_FusionHeat, std_FusionHeat, mean_ThermalConductivity, gmean_ThermalConductivity, wtd_gmean_ThermalConductivity, wtd_entropy_ThermalConductivity, wtd_std_ThermalConductivity, wtd_mean_Valence, gmean_Valence, std_Valence",0.0,1.0,1.0,1,1.0,72,72,0.4567901234567901,,1,1
"6.0, [8.400106701018267,130.59600279830352], [-2.988357672877541,71.53868064595434], [1.0479785397015533,2.178743023129247], [1.24049984215971,2.1412733927723897], [-36.0803549171371,56.435104582862905], [27.520120028156295,68.9381970281563], [613.874,867.0260000000001], [503.046280352881,896.8382803528809], [0.5755243468105337,1.4113340505413823], [161.21452933012125,386.0669064960908], [255.7288711774671,423.4356780209549], [104.5,244.5], [70.740277115413,238.240277115413], [1.303919343212218,2.0964448041852024], [1.335564345439676,2.078026138893204], [134.6,275.4], [-62.923959243601814,105.19108151369542], [49.84459293695059,86.8045929369506], [-2241.7072025308303,8374.92116746917], [1.195648111158468,1.8210230143193318], [-1701.9731455950098,5028.27485440499], [1125.58113995134,5737.062174951339], [2048.8185980517974,5692.644799780623], [1.1507144830547311,1.5926474353329487], [46.79181576036251,110.2138297603625], [7.827920572799059,99.04930597970635], [-30.104793064923495,41.14424693507652], [-23.849312939311343,26.44412706068866], [-13.091531087505569,17.71096891249443], [-12.6461279450186,23.498372054981402], [21.518345133333312,161.1571815333333], [-28.634354172684844,57.18704838367784], [-0.12204101332088352,1.0231808310263375], [122.76942366815773,182.4935502162443], [1.2714247511513899,2.9514247511513902], [1.0103383532511727,1.8097311884789073], 1.0, [-0.25534260539081505,0.8846573946091851]","number_of_elements, gmean_atomic_mass, wtd_gmean_atomic_mass, entropy_atomic_mass, wtd_entropy_atomic_mass, wtd_range_atomic_mass, wtd_std_atomic_mass, mean_fie, gmean_fie, wtd_entropy_fie, std_fie, wtd_std_fie, mean_atomic_radius, gmean_atomic_radius, entropy_atomic_radius, wtd_entropy_atomic_radius, range_atomic_radius, wtd_range_atomic_radius, std_atomic_radius, wtd_mean_Density, entropy_Density, wtd_range_Density, std_Density, wtd_std_Density, entropy_ElectronAffinity, wtd_range_ElectronAffinity, std_ElectronAffinity, wtd_mean_FusionHeat, wtd_gmean_FusionHeat, wtd_range_FusionHeat, std_FusionHeat, mean_ThermalConductivity, gmean_ThermalConductivity, wtd_entropy_ThermalConductivity, wtd_std_ThermalConductivity, wtd_mean_Valence, wtd_entropy_Valence, range_Valence, wtd_std_Valence",0.0,0.03125,0.5,1,4.0,74,74,0.48148148148148145,,1,2
"[33.006091500000004,119.88303350000001], [26.766374039999995,136.14712596], [-12.942566049684608,131.6559109987696], [0.6341585035344534,1.7649229869621466], [568.976,1019.024], [0.8237629312520942,1.7411150451030257], [601.88,1019.32], [129.5,199.5], [95.32142857142901,247.821428571429], [83.255987081769,223.255987081769], [1391.3997149999996,18465.37037193385], [1193.78190601612,5358.15470799192], [-16.780000000000015,177.98000000000002], [-9.769035350561303,116.8249646494387], [3.232108571428604,90.71074857142861], [9.220062523426058,100.44144793033334], [26.09568375715797,80.54781226366073], [-22.584287387482334,35.04361261251768], [0.704337795256549,1.245958872190851], [-13.382269712420598,23.2785802875794], [-12.694909057407676,21.414209272728733], [32.0224675,148.3881645], [-0.2254758295270385,0.8250875006480393], [91.13677428571398,251.712774285714], [127.48551932391139,255.4657904983826], [0.27,4.23], [-0.7570894285714291,1.899946571428571]","mean_atomic_mass, wtd_mean_atomic_mass, gmean_atomic_mass, entropy_atomic_mass, mean_fie, wtd_entropy_fie, range_fie, mean_atomic_radius, wtd_mean_atomic_radius, wtd_gmean_atomic_radius, range_Density, wtd_std_Density, wtd_mean_ElectronAffinity, gmean_ElectronAffinity, wtd_range_ElectronAffinity, std_ElectronAffinity, wtd_std_ElectronAffinity, wtd_gmean_FusionHeat, wtd_entropy_FusionHeat, std_FusionHeat, wtd_std_FusionHeat, mean_ThermalConductivity, wtd_entropy_ThermalConductivity, wtd_range_ThermalConductivity, wtd_std_ThermalConductivity, mean_Valence, wtd_range_Valence",1.0,0.004115226337448558,0.3333333333333333,1,5.0,96,75,0.3333333333333333,,1,3
"[26.766374039999995,136.14712596], [-12.942566049684608,131.6559109987696], [8.469213519557343,134.75113955980027], [-29.866063607142905,103.7673778928571], [10.991951622878595,76.65475662287861], [488.6518709954765,898.0520249437136], [0.8237629312520942,1.7411150451030257], [129.5,199.5], [83.255987081769,223.255987081769], [-15.026483790992273,145.88362664813508], [42.875802156443406,112.17580215644341], [39.74060072219035,96.08221302680346], [1190.0899385714301,9773.746918571429], [84.87034091628993,6305.00755091629], [1193.78190601612,5358.15470799192], [2.5794999999999817,151.89550000000003], [-9.769035350561303,116.8249646494387], [-57.174070606024216,170.04592939397583], [0.7271924165626489,1.1795503512036571], [3.232108571428604,90.71074857142861], [9.220062523426058,100.44144793033334], [-20.37739200155159,30.96382799844841], [-22.584287387482334,35.04361261251768], [0.704337795256549,1.245958872190851], [-20.59955357142857,31.76469642857143], [-13.382269712420598,23.2785802875794], [77.27044214285701,280.737152142857], [0.03397613652436221,0.6385476950379838], [-0.2254758295270385,0.6294080824504645], [322.5780694,477.36877059999995], [127.48551932391139,255.4657904983826], [0.27,4.23], 1.0","wtd_mean_atomic_mass, gmean_atomic_mass, wtd_gmean_atomic_mass, wtd_range_atomic_mass, std_atomic_mass, wtd_gmean_fie, wtd_entropy_fie, mean_atomic_radius, wtd_gmean_atomic_radius, wtd_range_atomic_radius, std_atomic_radius, wtd_std_atomic_radius, wtd_mean_Density, std_Density, wtd_std_Density, mean_ElectronAffinity, gmean_ElectronAffinity, wtd_gmean_ElectronAffinity, wtd_entropy_ElectronAffinity, wtd_range_ElectronAffinity, std_ElectronAffinity, wtd_mean_FusionHeat, wtd_gmean_FusionHeat, wtd_entropy_FusionHeat, wtd_range_FusionHeat, std_FusionHeat, wtd_mean_ThermalConductivity, entropy_ThermalConductivity, wtd_entropy_ThermalConductivity, range_ThermalConductivity, wtd_std_ThermalConductivity, mean_Valence, range_Valence",1.0,0.007775999999999998,0.6,1,6.0,75,75,0.4074074074074074,,0,0
"[-5.364194348902501,139.23428269955173], [-12.377539550836083,84.92164936541667], [62.51651199999999,187.29998799999998], [36.8496849904717,72.2065799904717], [735.20974120083,1279.82597308489], [666.6553178417294,1199.8276113557126], [0.813348001758109,1.8059252250632312], [532.1225,1040.8775], [219.11827821440602,418.98705791749], [232.20379747824435,486.1598192698116], [47.385714285714,187.38571428571402], [93.542493259005,173.542493259005], [0.610624667066475,1.562498761237665], [122.2,275.8], [1.031129705174641,1.695590539783059], [0.44435442900578387,1.227927790142574], [5796.17106,12120.97094], [-113.90035005591471,7590.1893335993145], [4.530428571428985,222.012428571429], [-3.9721094937790014,168.06589050622102], [-14.531679260689998,222.42632073931], [0.9381454132237128,2.104848407238207], [0.42894182792769187,1.2163797141546322], [-6.596473155863968,87.88281887271856], [13.600983470939688,66.0145006142711], [-11.905650000000003,24.766650000000006], [-32.73258571428572,40.612014285714295], [-20.423503551397992,22.53547644860201], [0.48898236118236793,1.362564743334468], [-26.41375,52.16975], [-21.86167857142857,25.36882142857143], [-8.58124176301121,17.752608236988788], [-12.078807385322104,21.513506121630424], [-125.34930393099312,126.57734650866452], [-87.39073142857139,201.6460685714286], [113.912586016895,225.705384016895], [1.2899999999999998,4.71], [0.976237399112106,1.6830852985974138], [0.4301935792534356,1.7365184563329046], [-0.0414920970947491,1.8485079029052511]","gmean_atomic_mass, wtd_gmean_atomic_mass, range_atomic_mass, wtd_std_atomic_mass, wtd_mean_fie, wtd_gmean_fie, entropy_fie, range_fie, std_fie, wtd_std_fie, wtd_mean_atomic_radius, gmean_atomic_radius, wtd_entropy_atomic_radius, range_atomic_radius, entropy_Density, wtd_entropy_Density, range_Density, wtd_std_Density, wtd_mean_ElectronAffinity, gmean_ElectronAffinity, wtd_gmean_ElectronAffinity, entropy_ElectronAffinity, wtd_entropy_ElectronAffinity, std_ElectronAffinity, wtd_std_ElectronAffinity, mean_FusionHeat, wtd_mean_FusionHeat, wtd_gmean_FusionHeat, wtd_entropy_FusionHeat, range_FusionHeat, wtd_range_FusionHeat, std_FusionHeat, wtd_std_FusionHeat, wtd_gmean_ThermalConductivity, wtd_range_ThermalConductivity, std_ThermalConductivity, mean_Valence, entropy_Valence, wtd_entropy_Valence, wtd_std_Valence",0.0,1.0,1.0,1,7.0,95,76,0.49382716049382713,,2,2
"[-5.364194348902501,139.23428269955173], [-12.377539550836083,84.92164936541667], [0.7039523034309887,2.1918003079411115], [62.51651199999999,187.29998799999998], [36.8496849904717,72.2065799904717], [735.20974120083,1279.82597308489], [666.6553178417294,1199.8276113557126], [0.813348001758109,1.8059252250632312], [532.1225,1040.8775], [219.11827821440602,418.98705791749], [232.20379747824435,486.1598192698116], [90.1,205.1], [47.385714285714,187.38571428571402], [93.542493259005,173.542493259005], [0.610624667066475,1.562498761237665], [122.2,275.8], [0.44435442900578387,1.227927790142574], [5796.17106,12120.97094], [-113.90035005591471,7590.1893335993145], [4.530428571428985,222.012428571429], [-3.9721094937790014,168.06589050622102], [-14.531679260689998,222.42632073931], [0.42894182792769187,1.2163797141546322], [-6.596473155863968,87.88281887271856], [13.600983470939688,66.0145006142711], [-11.905650000000003,24.766650000000006], [-32.73258571428572,40.612014285714295], [-20.423503551397992,22.53547644860201], [0.48898236118236793,1.362564743334468], [-26.41375,52.16975], [-21.86167857142857,25.36882142857143], [-8.58124176301121,17.752608236988788], [-12.078807385322104,21.513506121630424], [-125.34930393099312,126.57734650866452], [-87.39073142857139,201.6460685714286], [113.912586016895,225.705384016895], [1.2899999999999998,4.71], [0.976237399112106,1.6830852985974138], [0.4301935792534356,1.7365184563329046], [-0.0414920970947491,1.8485079029052511]","gmean_atomic_mass, wtd_gmean_atomic_mass, entropy_atomic_mass, range_atomic_mass, wtd_std_atomic_mass, wtd_mean_fie, wtd_gmean_fie, entropy_fie, range_fie, std_fie, wtd_std_fie, mean_atomic_radius, wtd_mean_atomic_radius, gmean_atomic_radius, wtd_entropy_atomic_radius, range_atomic_radius, wtd_entropy_Density, range_Density, wtd_std_Density, wtd_mean_ElectronAffinity, gmean_ElectronAffinity, wtd_gmean_ElectronAffinity, wtd_entropy_ElectronAffinity, std_ElectronAffinity, wtd_std_ElectronAffinity, mean_FusionHeat, wtd_mean_FusionHeat, wtd_gmean_FusionHeat, wtd_entropy_FusionHeat, range_FusionHeat, wtd_range_FusionHeat, std_FusionHeat, wtd_std_FusionHeat, wtd_gmean_ThermalConductivity, wtd_range_ThermalConductivity, std_ThermalConductivity, mean_Valence, entropy_Valence, wtd_entropy_Valence, wtd_std_Valence",0.0,1.0,1.0,1,7.333333333333333,95,76,0.49382716049382713,,3,3
"4.0, [-9.255194640000006,104.17669624000001], [7.625582887852403,76.86992400964739], [-21.928307325799786,106.42381422329959], [0.8491484858320075,1.7220193151446126], [-18.946888799999996,130.7932824], [-18.9135864,46.8751848], [6.911088112147599,34.186407112147606], [707.707,1279.643], [735.9548188405787,1251.395181159421], [0.5388545441450139,2.070875910550746], [875.3574999999998,1305.8425], [283.4473630081158,548.2734961147021], [37.75,215.25], [46.5,206.5], [60.966038321325,158.46603832132502], [1.0156753929638387,1.5296874038162813], [1095.7327000000005,14648.8753], [-5210.8552,9147.0072], [0.09508978025437753,1.2794700923600004], [280.26,371.0], [39.855146,122.959854], [74.28901954741494,188.31575130604907], [-18.33451,43.48451], [-8.747469505070642,19.542590494929364], [0.7471674445817489,1.2761141102081512], [0.6971511198201941,1.326130434969706], [-2.945619999999998,57.82562], [-14.188375,27.908375], [1.9741335691089805,17.98098356910898], [22.4117094,142.10214059999998], [21.216912000000008,143.29693799999998], [-68.89093870751388,93.21615501006009], [0.5646158189413172,1.2999055522686946], [0.3677147059972209,1.496806665212791], [94.62862834999999,305.31597165], [-18.251725,118.237875], [25.2423029354948,121.98607043549481], [39.48611437230248,107.74225899868712], [1.5499999999999998,3.95], [0.1503473193207201,4.53034731932072], 4.0, [-1.0976599999999999,3.09766], [0.6540199457749,2.3040199457749], [0.5040199457749,2.4540199457749]","number_of_elements, wtd_mean_atomic_mass, gmean_atomic_mass, wtd_gmean_atomic_mass, entropy_atomic_mass, range_atomic_mass, wtd_range_atomic_mass, wtd_std_atomic_mass, mean_fie, wtd_mean_fie, entropy_fie, range_fie, std_fie, mean_atomic_radius, wtd_mean_atomic_radius, wtd_gmean_atomic_radius, wtd_entropy_atomic_radius, range_Density, wtd_range_Density, entropy_ElectronAffinity, range_ElectronAffinity, wtd_range_ElectronAffinity, std_ElectronAffinity, wtd_mean_FusionHeat, wtd_gmean_FusionHeat, entropy_FusionHeat, wtd_entropy_FusionHeat, range_FusionHeat, wtd_range_FusionHeat, std_FusionHeat, mean_ThermalConductivity, wtd_mean_ThermalConductivity, gmean_ThermalConductivity, entropy_ThermalConductivity, wtd_entropy_ThermalConductivity, range_ThermalConductivity, wtd_range_ThermalConductivity, std_ThermalConductivity, wtd_std_ThermalConductivity, mean_Valence, wtd_gmean_Valence, range_Valence, wtd_range_Valence, std_Valence, wtd_std_Valence",0.0,1.0,1.0,1,1.0,78,78,0.5555555555555556,,1,1
"4.0, [0.6994463413193721,1.3848175211333678], [15.448478612711199,88.1826626127112], [420.12362417127304,1048.3156241712732], [0.03801292290187275,1.5669331126534254], [562.519565217391,900.520434782609], [176.8320660142113,446.6549186133747], [224.3120531154478,483.0596979596861], [58.0,245.5], [47.55219655162301,215.052196551623], [26.736451759572205,141.73645175957222], [0.9646896882520235,1.5858582927984164], [86.52,255.48000000000002], [1497.8430199999998,7370.87148], [-1714.3890550000006,7546.925055000001], [-3956.1723035547325,5305.141806445268], [-7062.786714159626,7168.480951744817], [0.30220749637432753,1.6897580627624944], [2520.828264999999,15396.313735], [-5297.955371428569,8386.88222857143], [1955.0656383864302,4850.646753386431], [-16.149500000000003,175.36450000000002], [0.6370614984058639,1.5562820391445564], [0.21271005159487189,1.335227889407744], [6.431554100184265,80.82493327136433], [-32.668935150636734,39.62788484936328], [-16.24596199750157,18.33077800249843], [0.40704790732789453,1.7701027764420854], [-10.83036473684917,20.17792465418393], [67.19746750000002,150.3158225], [-15.690732657142888,138.9439669428571], [-90.19586607046294,106.87550276266619], [-0.02931073305704479,0.8366971750840888], [-0.001920729433291024,0.611014905569447], [0.23999999999999977,4.26], [0.24142857142856977,4.261428571428571], [0.024646270506159862,4.404646270506159], [0.8976904277500146,1.8401542937304252], [0.7181534337791962,1.439556724106664], 1.0, [-0.8485692857142901,2.9971407142857105]","number_of_elements, wtd_entropy_atomic_mass, wtd_std_atomic_mass, gmean_fie, wtd_entropy_fie, wtd_range_fie, std_fie, wtd_std_fie, mean_atomic_radius, gmean_atomic_radius, wtd_gmean_atomic_radius, entropy_atomic_radius, range_atomic_radius, mean_Density, wtd_mean_Density, gmean_Density, wtd_gmean_Density, entropy_Density, range_Density, wtd_range_Density, std_Density, mean_ElectronAffinity, entropy_ElectronAffinity, wtd_entropy_ElectronAffinity, wtd_std_ElectronAffinity, gmean_FusionHeat, wtd_gmean_FusionHeat, entropy_FusionHeat, wtd_std_FusionHeat, mean_ThermalConductivity, wtd_mean_ThermalConductivity, gmean_ThermalConductivity, entropy_ThermalConductivity, wtd_entropy_ThermalConductivity, mean_Valence, wtd_mean_Valence, wtd_gmean_Valence, entropy_Valence, wtd_entropy_Valence, range_Valence, wtd_range_Valence",0.0,0.03276800000000001,0.8,1,3.4000000000000004,79,79,0.5061728395061729,,0,0
"4.0, [-20.5847452133862,125.2562573466138], [16.58810884049266,102.12523610859233], [0.6994463413193721,1.3848175211333678], [15.448478612711199,88.1826626127112], [90.06606237864167,1048.3156241712732], [0.03801292290187275,1.5669331126534254], [562.519565217391,900.520434782609], [224.3120531154478,483.0596979596861], [58.0,245.5], [47.55219655162301,215.052196551623], [26.736451759572205,141.73645175957222], [0.9646896882520235,1.5858582927984164], [86.52,255.48000000000002], [1497.8430199999998,7370.87148], [-1714.3890550000006,7546.925055000001], [-3956.1723035547325,5305.141806445268], [0.30220749637432753,1.6897580627624944], [2520.828264999999,15396.313735], [-5297.955371428569,8386.88222857143], [4850.646753386431,5564.352726810564], [-16.149500000000003,175.36450000000002], [0.6370614984058639,1.5562820391445564], [0.21271005159487189,1.335227889407744], [6.431554100184265,80.82493327136433], [-32.668935150636734,39.62788484936328], [-16.24596199750157,18.33077800249843], [0.40704790732789453,1.7701027764420854], [-10.83036473684917,20.17792465418393], [-15.690732657142888,138.9439669428571], [-90.19586607046294,106.87550276266619], [-0.02931073305704479,0.8366971750840888], [0.017454109398692966,0.611014905569447], [0.24142857142856977,4.261428571428571], [0.024646270506159862,4.404646270506159], [0.8976904277500146,1.8401542937304252], [0.7181534337791962,1.439556724106664], 1.0, [-0.8485692857142901,2.9971407142857105]","number_of_elements, wtd_mean_atomic_mass, gmean_atomic_mass, wtd_entropy_atomic_mass, wtd_std_atomic_mass, gmean_fie, wtd_entropy_fie, wtd_range_fie, wtd_std_fie, mean_atomic_radius, gmean_atomic_radius, wtd_gmean_atomic_radius, entropy_atomic_radius, range_atomic_radius, mean_Density, wtd_mean_Density, gmean_Density, entropy_Density, range_Density, wtd_range_Density, std_Density, mean_ElectronAffinity, entropy_ElectronAffinity, wtd_entropy_ElectronAffinity, wtd_std_ElectronAffinity, gmean_FusionHeat, wtd_gmean_FusionHeat, entropy_FusionHeat, wtd_std_FusionHeat, wtd_mean_ThermalConductivity, gmean_ThermalConductivity, entropy_ThermalConductivity, wtd_entropy_ThermalConductivity, wtd_mean_Valence, wtd_gmean_Valence, entropy_Valence, wtd_entropy_Valence, range_Valence, wtd_range_Valence",0.0,0.03276800000000001,0.8,1,3.4000000000000004,79,79,0.48148148148148145,,0,0
"[47.30640699999999,186.713593], [87.75992176181799,154.603714601818], [62.55993607296267,170.49964429223132], [54.524998205555875,187.01751077236813], [-0.08643126848167326,1.2451470237283753], [-7.936144400000003,50.2961444], [6.315320534848503,107.0543764348485], [-21.736304,42.916304], [540.906,1131.594], [591.5415232057321,1105.671949094216], [-63.448906455863835,787.8125428194999], [-80.10561253959385,140.30904788327587], [105.689393939394,168.189393939394], [41.68088467997799,229.180884679978], [-26.960000000000008,118.96000000000001], [-26.72675618929248,95.75705921959548], [-13.96,59.96], [1.7119954275937808,40.56827977560282], [6082.042915,12180.957085], [3022.93862242424,12961.90986242424], [0.16118305143530132,1.2173036686196705], [532.1376100000002,5250.86239], [82.875,164.025], [66.53550227441899,196.37550227441898], [76.42294718181802,157.340689181818], [1.9071900000000017,32.29281], [-17.843054242424202,52.3582057575758], [-19.053089002721205,53.2437309972788], [0.06340593569974495,1.146648089568349], [-15.45213636363637,29.72486363636363], [-8.636125,9.436125], [-19.01252630241137,19.747835436380004], [-27.260616893939396,74.47273810606059], [-0.1407974386803615,0.4801138916849795], [-0.281447203390276,0.879904526088596], [-22.074474795696,84.57575118303001], [4.25,5.75], [4.52393939393939,6.26393939393939], [3.0989794855663604,6.69897948556636], [4.01628121979737,6.59628121979737], [-0.023126415817182666,1.3691497498356966], [2.06071096969697,3.8786829696969702], [0.355,1.645], [0.304136417460794,1.534136417460794]","mean_atomic_mass, wtd_mean_atomic_mass, gmean_atomic_mass, wtd_gmean_atomic_mass, wtd_entropy_atomic_mass, range_atomic_mass, wtd_range_atomic_mass, std_atomic_mass, mean_fie, wtd_gmean_fie, wtd_range_fie, wtd_std_fie, wtd_mean_atomic_radius, wtd_gmean_atomic_radius, range_atomic_radius, wtd_range_atomic_radius, std_atomic_radius, wtd_std_atomic_radius, mean_Density, wtd_mean_Density, wtd_entropy_Density, std_Density, mean_ElectronAffinity, wtd_gmean_ElectronAffinity, wtd_range_ElectronAffinity, mean_FusionHeat, wtd_mean_FusionHeat, gmean_FusionHeat, wtd_entropy_FusionHeat, wtd_range_FusionHeat, std_FusionHeat, wtd_std_FusionHeat, wtd_mean_ThermalConductivity, entropy_ThermalConductivity, wtd_entropy_ThermalConductivity, wtd_std_ThermalConductivity, mean_Valence, wtd_mean_Valence, gmean_Valence, wtd_gmean_Valence, entropy_Valence, wtd_range_Valence, std_Valence, wtd_std_Valence",0.0,1.0,1.0,1,1.0,80,80,0.5432098765432098,,1,1
"[27.31270500000001,148.53634499999998], [25.62408062,100.57015138], [16.4255662830888,99.9260952829004], [0.3658356445390877,1.7148178352949324], [0.350454421176278,1.6428686459683841], [-1.9577989000000002,76.1663669], [54.314248151463204,94.72212815146321], [51.2835868830778,99.77304288307779], [672.835,1116.365], [250.17023664921766,435.0488578745704], [247.03896251810454,481.82849209898745], [39.08,169.07999999999998], [48.156851493796694,115.6568514937967], [-29.187938469629323,52.467938469629324], [59.9232815694001,92.2632815694001], [-410.25696500000004,7043.9714650000005], [0.43028226047110807,1.016571232184418], [1222.58896048008,6477.532465480081], [-42.09318515569731,133.1908148443027], [-23.52136940532182,203.6986305946782], [0.4915290492905998,1.71126399757848], [0.21229885018387912,1.1505227146244887], [27.78,244.16], [2.9663749999999993,166.988825], [11.563672260626312,77.50325834417228], [-17.722800000000003,24.188400000000005], [-20.45962937684608,25.642690623153925], [-24.816277370371363,26.524942629628637], [-20.755399999999998,42.1114], [-35.429575,39.523174999999995], [-9.40422405382046,17.96232594617954], [-9.1272667,80.64055669999999], [-113.80274639999998,146.63464239999996], [-79.0090183919113,89.45521625576362], [-95.485452587847,96.27960968711626], [0.300051628339062,1.2150788520353542], [0.3692062166353335,1.1595705880862326], [-13.969735050000011,213.91657505], [-120.491148,144.459252], [7.042184587765398,71.53802958776541], [-28.52118389230182,93.06007372344583], [0.9100225814458393,1.5311919476602007], [0.4656900175015324,1.6160358047804675], 4.0, [-0.5282060000000002,2.688206], [0.41999999999999993,2.58]","mean_atomic_mass, wtd_mean_atomic_mass, gmean_atomic_mass, entropy_atomic_mass, wtd_entropy_atomic_mass, wtd_range_atomic_mass, std_atomic_mass, wtd_std_atomic_mass, range_fie, std_fie, wtd_std_fie, wtd_mean_atomic_radius, wtd_gmean_atomic_radius, wtd_range_atomic_radius, std_atomic_radius, mean_Density, entropy_Density, std_Density, gmean_ElectronAffinity, wtd_gmean_ElectronAffinity, entropy_ElectronAffinity, wtd_entropy_ElectronAffinity, range_ElectronAffinity, wtd_range_ElectronAffinity, wtd_std_ElectronAffinity, wtd_mean_FusionHeat, gmean_FusionHeat, wtd_gmean_FusionHeat, range_FusionHeat, wtd_range_FusionHeat, std_FusionHeat, mean_ThermalConductivity, wtd_mean_ThermalConductivity, gmean_ThermalConductivity, wtd_gmean_ThermalConductivity, entropy_ThermalConductivity, wtd_entropy_ThermalConductivity, range_ThermalConductivity, wtd_range_ThermalConductivity, std_ThermalConductivity, wtd_std_ThermalConductivity, entropy_Valence, wtd_entropy_Valence, range_Valence, wtd_range_Valence, std_Valence",0.0,1.0,1.0,1,1.0,82,82,0.5679012345679012,,1,1
"[36.65929,178.08687], [4.261468405384704,152.9331419904151], [0.7863685146240819,2.235439009087958], [142.3270719,240.07412810000002], [43.5412053750843,94.0510553750843], [668.7654347826076,1310.6345652173925], [1.0122094027170099,2.09109768891823], [0.34636927683395524,1.7937470564654248], [258.0745289855067,984.1504710144932], [91.30000000000001,226.3], [74.5625,149.5625], [93.61266025017599,186.112660250176], [4.792390297339679,177.2923902973397], [0.9441839572336868,2.0794231310598534], [1.0116556054908061,2.1539045184962338], [137.76,222.24], [23.077250173511104,106.2372501735111], [36.34043290340112,101.42470918631626], [-1798.6836050000002,9721.487605], [-6977.80339912518,9511.85343087482], [-8258.357368688397,8457.73481031047], [0.6818318399643353,1.7379524571487046], [2867.8568749999995,19809.285125000002], [-2022.3509000000004,5380.9219], [1792.15039464648,6725.36266464648], [-5.2296602116263955,153.8243397883736], [0.8770747075805626,1.7609406121369977], [0.4608298747341513,1.2817757561196848], [81.875,190.065], [12.479151000000002,128.388349], [22.50237749056135,81.67892910400005], [-23.994999999999997,38.8718], [-31.291160000000005,41.005660000000006], [-17.98531369444758,20.78254630555242], [0.8544853968785063,1.8513464205590338], [0.951281218987901,1.632675477066539], [-17.50762,43.26362], [-12.029250000000001,16.71975], [-1.87238392187687,11.03636607812313], [-7.967632766141148,18.38941321623699], [43.0095688,149.4010632], [-19.3172321,188.21881209999998], [-35.343719292658115,56.83482419380551], [-70.02521890294113,72.85855298820798], [0.3112195082905835,0.9321308386559244], [-0.11188934601796907,1.017202613197601], [-47.45249,197.42591], [1.74146187923103,3.24146187923103], [1.029466417299385,2.100448083186215], 2.0, [-1.3201209999999999,2.945121], [-0.23320549283526804,1.596794507164732]","mean_atomic_mass, gmean_atomic_mass, wtd_entropy_atomic_mass, range_atomic_mass, std_atomic_mass, wtd_mean_fie, entropy_fie, wtd_entropy_fie, wtd_range_fie, mean_atomic_radius, wtd_mean_atomic_radius, gmean_atomic_radius, wtd_gmean_atomic_radius, entropy_atomic_radius, wtd_entropy_atomic_radius, range_atomic_radius, std_atomic_radius, wtd_std_atomic_radius, wtd_mean_Density, gmean_Density, wtd_gmean_Density, wtd_entropy_Density, range_Density, wtd_range_Density, std_Density, wtd_gmean_ElectronAffinity, entropy_ElectronAffinity, wtd_entropy_ElectronAffinity, range_ElectronAffinity, wtd_range_ElectronAffinity, wtd_std_ElectronAffinity, mean_FusionHeat, wtd_mean_FusionHeat, wtd_gmean_FusionHeat, entropy_FusionHeat, wtd_entropy_FusionHeat, range_FusionHeat, wtd_range_FusionHeat, std_FusionHeat, wtd_std_FusionHeat, mean_ThermalConductivity, wtd_mean_ThermalConductivity, gmean_ThermalConductivity, wtd_gmean_ThermalConductivity, entropy_ThermalConductivity, wtd_entropy_ThermalConductivity, wtd_range_ThermalConductivity, gmean_Valence, entropy_Valence, range_Valence, wtd_range_Valence, wtd_std_Valence",0.0,0.03125,0.5,1,1.5,83,83,0.6419753086419753,,1,2
"3.0, [60.024154666667,193.370158666667], [55.03506431824597,195.56034483012405], [0.5490422018600976,1.2539954153830644], [1.6109572000000014,76.4810428], [-15.8663536123255,51.816845387674505], [311.198666666667,883.1346666666669], [318.2974999999988,989.3425000000013], [482.0023390354763,815.2350224817158], [0.388608206730397,1.791162978791983], [-14.083217391305368,874.7338840579714], [-54.290282877146666,214.04060807243386], [94.75,277.25], [143.974104163163,221.474104163163], [-27.800000000000004,61.800000000000004], [35.419828644053126,172.31350468928088], [-8.03885015451455,21.991149845485452], [-26.202670549488328,40.82441995082727], [5143.4020033333,15534.1446633333], [0.8012015067971774,1.2897756498916024], [0.022511970423377492,1.2149062156315367], [-364.75093333333007,15787.84426666667], [-80.8029315151598,5710.35929848484], [-247.57266892498956,5998.98653403871], [-25.271600615624415,153.25839938437562], [0.3857600331690742,0.8213639702307858], [29.4218773333333,99.4047893333333], [0.3884699703992105,49.42046987867698], [-2.8340466666667012,41.1727133333333], [-15.002009303624323,34.24365069637568], [-20.761792355389208,52.58280764461081], [0.1484708954352053,1.5318698670734885], [5.5310799999999976,34.86892], [-44.135318426764535,95.72178203545613], [-61.99737927658541,174.88887412189862], [-0.039065194921145574,1.1700779221060975], [-0.07558682963967553,0.5212189202314115], [-1.1680000000000064,159.40800000000002], [22.970035609503398,78.8664346095034], [24.0064013482512,77.3315143376142], [3.2233333333333305,5.44333333333333], [3.2301676461038102,5.09016764610381], [0.3053695083355917,0.9877780262129263], 3.0, [0.34923562857975,2.2992356285797504]","number_of_elements, mean_atomic_mass, gmean_atomic_mass, wtd_entropy_atomic_mass, range_atomic_mass, wtd_std_atomic_mass, mean_fie, wtd_mean_fie, wtd_gmean_fie, entropy_fie, wtd_range_fie, wtd_std_fie, mean_atomic_radius, wtd_gmean_atomic_radius, range_atomic_radius, wtd_range_atomic_radius, std_atomic_radius, wtd_std_atomic_radius, wtd_mean_Density, entropy_Density, wtd_entropy_Density, wtd_range_Density, std_Density, wtd_std_Density, gmean_ElectronAffinity, wtd_entropy_ElectronAffinity, wtd_range_ElectronAffinity, wtd_std_ElectronAffinity, wtd_mean_FusionHeat, gmean_FusionHeat, wtd_gmean_FusionHeat, entropy_FusionHeat, range_FusionHeat, gmean_ThermalConductivity, wtd_gmean_ThermalConductivity, entropy_ThermalConductivity, wtd_entropy_ThermalConductivity, wtd_range_ThermalConductivity, std_ThermalConductivity, wtd_std_ThermalConductivity, mean_Valence, gmean_Valence, wtd_entropy_Valence, range_Valence, wtd_std_Valence",0.0,1.0,1.0,1,1.0,84,84,0.5555555555555556,,1,1
"6.0, [-27.798566333333298,91.4046796666667], [-22.803368480000003,82.52624448], [-22.85018686796187,54.540547326985475], [-32.686270921521334,60.47252697701854], [0.8845631667952125,1.8764618364686274], [38.4372926,117.4668274], [-16.60932495,43.01174895], [-5.199130769770601,59.453477230229396], [837.848,1109.752], [581.0199535559609,1274.843953555961], [1.0783728378924495,2.2811233871636705], [225.61289311786322,374.15320775066675], [35.8,202.2], [-231.48845000000028,5641.540010000001], [0.45269826118428746,1.7229910332297926], [1518.3583768069498,4306.69574680695], [-19.882000000000005,213.83], [22.3105257579428,152.1505257579428], [1.1626948440336111,2.011206112407789], [1.346709805930523,1.9666077163644973], [117.99000000000001,250.61], [11.701154214022736,127.35683928349447], [-20.09760673767543,23.90915326232457], [-37.41048463375941,41.17301536624059], [-2.05441139941905,11.370688600580952], [-13.002515538774615,23.690626907281214], [-39.00600399999999,93.983364], [-24.2910928,89.6502648], [0.1739900067433109,1.285094492660237], [-20.37025165,190.31709165], [-31.286001554684212,108.4549959453158], [-19.900431723674764,99.54782137249836], [2.05666666666667,4.27666666666667], [1.6600000000000001,3.7], [1.05966286999504,3.21966286999504], [-0.4888299999999999,1.60883], [1.30476292340825,2.92476292340825], [0.76190995946708,2.89190995946708]","number_of_elements, mean_atomic_mass, wtd_mean_atomic_mass, gmean_atomic_mass, wtd_gmean_atomic_mass, entropy_atomic_mass, range_atomic_mass, wtd_range_atomic_mass, wtd_std_atomic_mass, mean_fie, gmean_fie, wtd_entropy_fie, wtd_std_fie, range_atomic_radius, wtd_mean_Density, entropy_Density, std_Density, wtd_mean_ElectronAffinity, gmean_ElectronAffinity, entropy_ElectronAffinity, wtd_entropy_ElectronAffinity, range_ElectronAffinity, std_ElectronAffinity, gmean_FusionHeat, wtd_gmean_FusionHeat, std_FusionHeat, wtd_std_FusionHeat, mean_ThermalConductivity, wtd_mean_ThermalConductivity, entropy_ThermalConductivity, range_ThermalConductivity, std_ThermalConductivity, wtd_std_ThermalConductivity, mean_Valence, wtd_mean_Valence, wtd_gmean_Valence, wtd_range_Valence, std_Valence, wtd_std_Valence",0.0,1.0,1.0,1,1.0,85,85,0.48148148148148145,,1,1
"2.0, [-17.4616417,109.8231803], [-16.261017528800004,70.8384701112], [-0.13987651399010026,1.3479714905200222], [-0.3751899642212308,0.5647476538093916], [2.0032809,74.79364190000001], [-27.210730308800006,79.6960228912], [346.0217045522144,812.5474613769496], [0.344727389401689,0.9920603611224209], [-13.083541986487035,341.68354198648706], [-88.12168687642637,146.66784270445658], [62.5,197.5], [43.19199999999999,193.192], [76.924903953479,159.424903953479], [-0.2979849014882355,0.40640192819844506], [-48.96000000000001,96.96000000000001], [-16.875,40.875], [-1934.12794964583,10715.47181035417], [-4281.6001874190315,9723.774340931372], [0.32374670933408445,0.8514067838760635], [-2449.514155,11329.514155], [-5567.188399999999,10809.7484], [21.503227499999866,4418.496772500001], [-69.95000000000002,157.27], [-103.86296159536406,120.11103840463599], [-2.6173814627092113,88.2706185372908], [14.111959000000002,73.160041], [-55.390471846714284,62.962631380163124], [-17.622158276127504,38.9579617238725], [-0.31528414320013803,0.383581762521542], [-18.823346287956056,19.420210627651436], [61.134303,293.865697], [69.39287182090244,266.4642406540316], [0.3374331230137523,0.9420046815273738], [3.206715799999998,226.79328420000002], [143.8432,320.4768], 1.0","number_of_elements, mean_atomic_mass, wtd_mean_atomic_mass, entropy_atomic_mass, wtd_entropy_atomic_mass, range_atomic_mass, wtd_range_atomic_mass, wtd_gmean_fie, entropy_fie, std_fie, wtd_std_fie, mean_atomic_radius, wtd_mean_atomic_radius, wtd_gmean_atomic_radius, wtd_entropy_atomic_radius, range_atomic_radius, std_atomic_radius, gmean_Density, wtd_gmean_Density, entropy_Density, range_Density, wtd_range_Density, std_Density, wtd_mean_ElectronAffinity, gmean_ElectronAffinity, wtd_gmean_ElectronAffinity, wtd_range_ElectronAffinity, wtd_std_ElectronAffinity, wtd_gmean_FusionHeat, wtd_entropy_FusionHeat, wtd_std_FusionHeat, mean_ThermalConductivity, gmean_ThermalConductivity, entropy_ThermalConductivity, range_ThermalConductivity, wtd_range_ThermalConductivity, range_Valence",0.0,1.0,1.0,1,1.0,86,86,0.4567901234567901,,1,1
"2.0, [63.74921599999999,209.217584], [79.09307144,168.21812856000003], [95.30511595029446,166.58605534037753], [0.3652004909081417,0.9405017193187224], [23.9338227,129.9997773], [12.037769470819203,60.527225470819204], [452.8960000000001,762.304], [464.07811594202803,814.1885507246379], [342.04230819896713,922.8192707766988], [0.2954081288361002,0.8662049996766799], [-32.81634706071607,222.01634706071604], [-64.14220235181138,242.52167301913778], [118.75,281.25], [140.583333333333,248.083333333333], [159.27619024861,239.27619024861], [136.195993549631,251.195993549631], [0.261138176820855,1.117922458953811], [0.012848435687702775,1.3073972037605213], [-0.7678455605224599,100.10117889385586], [-14.085866662811906,46.141374076602105], [6655.17151,15238.82849], [3802.4134514670777,18033.68111737152], [-4665.7998800000005,7983.7998800000005], [-773.5234666666702,9546.19013333333], [-2757.6567816871084,4321.776981671752], [0.3929692396501626,0.8620811718704674], [-56.9169587423022,59.745385867048384], [5.2116299999999995,39.78837], [5.902186666666697,39.431146666666706], [-13.486694433951406,58.810125566048605], [0.16650259833576797,1.092499923416994], [-12.666924999999999,13.666924999999999], [-74.5538615,141.55386149999998], [-55.58837635098093,124.89638814310214], [-42.69612200000001,77.696122], [-51.756986398698544,84.75530285407073], [3.3499999999999996,6.65], 3.0, [1.8113259999999998,4.188674000000001]","number_of_elements, mean_atomic_mass, wtd_mean_atomic_mass, gmean_atomic_mass, entropy_atomic_mass, range_atomic_mass, wtd_std_atomic_mass, mean_fie, wtd_mean_fie, wtd_gmean_fie, wtd_entropy_fie, std_fie, wtd_std_fie, mean_atomic_radius, wtd_mean_atomic_radius, gmean_atomic_radius, wtd_gmean_atomic_radius, entropy_atomic_radius, wtd_entropy_atomic_radius, wtd_range_atomic_radius, wtd_std_atomic_radius, wtd_mean_Density, wtd_gmean_Density, range_Density, wtd_range_Density, wtd_std_Density, wtd_entropy_ElectronAffinity, wtd_std_ElectronAffinity, mean_FusionHeat, wtd_mean_FusionHeat, wtd_gmean_FusionHeat, wtd_entropy_FusionHeat, std_FusionHeat, mean_ThermalConductivity, wtd_gmean_ThermalConductivity, std_ThermalConductivity, wtd_std_ThermalConductivity, wtd_mean_Valence, range_Valence, wtd_range_Valence",0.0,1.0,1.0,1,1.0,87,87,0.49382716049382713,,1,1
"[88.506872741818,201.93876362181803], [72.29892807235899,213.07222267459701], [9.5042981,119.72970190000001], [2.507688500000004,62.109311500000004], [9.584198583530998,47.971684583531], [554.454,1182.646], [540.389883426393,1196.709883426393], [654.5334421722657,1082.9754637460023], [-266.52250000000004,268.3225], [42.70998201692899,230.209982016929], [6494.000149999999,22305.99985], [11915.228654999999,20724.771345], [-1974.92014545455,5204.01105454545], [6444.10008,9875.89992], [3520.368587716591,11016.23963127303], [129.07309090909098,232.945090909091], [107.070111876291,253.14011187629103], [-9.660000000000004,88.06], [-20.309356115521936,59.50935611552194], [-3.396720000000002,46.89672], [-15.605349243890501,54.595910756109504], [0.21534961645115502,1.088931998603255], [-19.790060000000004,36.790060000000004], [-16.43876136363636,27.71148863636364], [-10.168155168936345,17.739305282993445], [5.0182147000000015,147.9817853], [-93.2317866090909,179.4136047909091], [-0.2711359059277415,0.46415382739963607], [-0.3561064245711766,0.7568556495127426], [-3.490959500000031,297.49095950000003], [19.608583227170918,111.32777756887526], [4.62,7.38], [3.9,8.1], [3.87,8.129999999999999], [-0.11595328579885011,1.2878585224059522], 0.0, [-0.8400000000000001,0.8400000000000001]","wtd_mean_atomic_mass, wtd_gmean_atomic_mass, range_atomic_mass, std_atomic_mass, wtd_std_atomic_mass, mean_fie, gmean_fie, wtd_gmean_fie, range_fie, wtd_gmean_atomic_radius, mean_Density, range_Density, wtd_range_Density, std_Density, wtd_std_Density, wtd_mean_ElectronAffinity, wtd_gmean_ElectronAffinity, range_ElectronAffinity, std_ElectronAffinity, mean_FusionHeat, wtd_gmean_FusionHeat, wtd_entropy_FusionHeat, range_FusionHeat, wtd_range_FusionHeat, wtd_std_FusionHeat, mean_ThermalConductivity, wtd_mean_ThermalConductivity, entropy_ThermalConductivity, wtd_entropy_ThermalConductivity, range_ThermalConductivity, wtd_std_ThermalConductivity, wtd_mean_Valence, gmean_Valence, wtd_gmean_Valence, wtd_entropy_Valence, range_Valence, std_Valence",0.0,1.0,1.0,1,1.0,89,89,0.4567901234567901,,1,1
"5.0, [22.931055721711758,75.88261069720204], [0.6557970707031776,2.004779261459022], [0.7084303889062944,1.6287859732279457], [-19.992314286666698,99.2498335133333], [27.649917854740902,65.0272068547409], [498.11485237703204,920.0348523770319], [215.1957712862557,390.08095352645427], [91.25,228.75], [108.041666666667,193.041666666667], [50.11864654288101,230.118646542881], [53.01887082024001,218.01887082024], [0.7453139521970017,2.2661060529829986], [109.0,301.0], [37.9082072180301,97.9682072180301], [-25.714140000000043,6299.08574], [-1997.8688583333305,10425.84519166667], [-2481.322473405472,3843.4774065945285], [-5217.0841453302355,7658.824695249975], [969.8940787763199,3865.47519377632], [-248.52147614482465,4956.944526324925], [-46.77700000000003,177.197], [-75.99525785762181,157.71674214237822], [-74.58760683982743,149.38639316017262], [39.17,227.63], [-2.139561336705661,109.45050742006447], [-3.2528500000000005,22.941650000000003], [-1.7713666666666992,29.662033333333298], [-30.149380087578372,39.00409991242163], [0.424121466870771,1.489891973096333], [-28.893208333333334,41.952541666666676], [-50.6248745,132.23550649999999], [-54.25586842486498,69.82740716481715], [0.7287709192319273,1.2026243029317927], [-23.853958698781412,124.48648480121861], [-38.261700953934294,89.7185702205369], [1.46259250160157,5.18259250160157], [0.4646938456699099,2.4746938456699104]","number_of_elements, gmean_atomic_mass, entropy_atomic_mass, wtd_entropy_atomic_mass, wtd_range_atomic_mass, wtd_std_atomic_mass, gmean_fie, std_fie, mean_atomic_radius, wtd_mean_atomic_radius, gmean_atomic_radius, wtd_gmean_atomic_radius, entropy_atomic_radius, range_atomic_radius, std_atomic_radius, mean_Density, wtd_mean_Density, gmean_Density, wtd_gmean_Density, std_Density, wtd_std_Density, mean_ElectronAffinity, gmean_ElectronAffinity, wtd_gmean_ElectronAffinity, range_ElectronAffinity, wtd_std_ElectronAffinity, mean_FusionHeat, wtd_mean_FusionHeat, gmean_FusionHeat, wtd_entropy_FusionHeat, wtd_range_FusionHeat, mean_ThermalConductivity, wtd_gmean_ThermalConductivity, entropy_ThermalConductivity, std_ThermalConductivity, wtd_std_ThermalConductivity, wtd_gmean_Valence, std_Valence",0.0,1.0,1.0,1,1.0,90,90,0.4691358024691358,,1,1
"2.0, [58.15434284999999,179.68851165], [89.45200202615302,181.09892409911697], [77.94865870946772,146.2651105017303], [61.42583469999999,146.6945433], [35.86694249999999,68.1932465], [499.85800000000006,1053.042], [394.22778985507125,1045.8222101449287], [561.933363167949,974.4773631679491], [437.8824704730248,990.0966316125073], [0.016740928196146365,1.2194914774673675], [-172.1725,623.5725], [-6.292391304348257,557.0423913043483], [112.25,259.75], [0.4018998737284194,0.9802292641681647], [0.11626469191451144,0.9539138947851586], [65.37288325006566,144.62711674993434], [-12.435762209042014,33.22037189986861], [5916.0572950000005,21953.942705], [8230.1749554105,17491.4890654105], [3043.9706468434206,17952.91772540998], [0.4274588665280345,0.9384849716172454], [2668.1492103650053,6624.303372242015], [40.716999999999985,271.183], [16.28,227.27], [32.90764397717301,188.715643977173], [-27.55342200000001,46.80342199999998], [7.264250843588869,129.43574915641113], [37.212974320817736,81.17269837651506], [1.2216200000000015,45.22838], [1.5385252177230981,35.0674852177231], [0.15748882139860382,1.0933175375068542], [-9.798940000000002,38.39894], [-2.918825,17.218825000000002], [-1.8183931222914769,14.202556396408957], [122.1676831,251.8323169], [57.425319900000005,183.5746801], [-24.790375052962816,193.2953820440542], [0.186777610526917,1.0900511778993731], [164.95607005,367.04392995], [2.81,7.1899999999999995], [3.59,6.41], [-0.9299999999999999,0.9299999999999999]","number_of_elements, wtd_mean_atomic_mass, gmean_atomic_mass, wtd_gmean_atomic_mass, range_atomic_mass, std_atomic_mass, mean_fie, wtd_mean_fie, gmean_fie, wtd_gmean_fie, wtd_entropy_fie, range_fie, wtd_range_fie, mean_atomic_radius, entropy_atomic_radius, wtd_entropy_atomic_radius, wtd_range_atomic_radius, wtd_std_atomic_radius, mean_Density, gmean_Density, wtd_gmean_Density, wtd_entropy_Density, wtd_std_Density, mean_ElectronAffinity, wtd_mean_ElectronAffinity, wtd_gmean_ElectronAffinity, wtd_range_ElectronAffinity, std_ElectronAffinity, wtd_std_ElectronAffinity, wtd_mean_FusionHeat, gmean_FusionHeat, entropy_FusionHeat, range_FusionHeat, std_FusionHeat, wtd_std_FusionHeat, mean_ThermalConductivity, wtd_mean_ThermalConductivity, wtd_gmean_ThermalConductivity, wtd_entropy_ThermalConductivity, range_ThermalConductivity, gmean_Valence, wtd_gmean_Valence, wtd_std_Valence",0.0,1.0,1.0,1,1.0,91,91,0.5308641975308642,,1,1
"[26.779396692307696,98.84753570307691], [8.885539364316443,90.04589544006177], [-38.164634250422154,106.74905136952876], [124.64941280000001,257.7517872], [448.41902214641607,1095.363022146416], [662.2437376618018,1166.1602721142126], [342.62233667781476,1068.6982787068014], [172.4674303303088,392.32308800370123], [70.426923076923,147.926923076923], [2.184181151662088,177.18418115166213], [-50.01419187281312,53.5268180351859], [-4844.978204999999,11192.907205], [-5818.24038244545,6947.9319484109], [0.677295198359689,2.0702696922099366], [9024.999625,14672.142375], [564.5013343526298,7272.78984069965], [1.286999999999999,101.91300000000001], [-6.127523076922998,224.338476923077], [-50.99688630877732,172.9771136912227], [0.4840245776206349,0.9363825122616432], [15.692956313850303,83.3233010149231], [-16.399050000000003,30.75105], [-22.51895846153846,48.30109243315107], [-16.49618461538462,27.05122115384615], [-10.633523658167158,21.9251802024176], [-59.88156374615379,147.1148359615385], [-74.10640028691941,76.2975701248165], [281.73052325,462.31967464999997], [-87.00865076923081,210.0569492307692], [0.32336223306145007,3.8033622330614496], [1.1653251581985593,1.8672310623009607], [-0.07999999999999996,1.688431359084684]","wtd_mean_atomic_mass, gmean_atomic_mass, wtd_gmean_atomic_mass, range_atomic_mass, gmean_fie, wtd_gmean_fie, wtd_range_fie, std_fie, wtd_mean_atomic_radius, wtd_gmean_atomic_radius, wtd_range_atomic_radius, wtd_mean_Density, gmean_Density, entropy_Density, range_Density, std_Density, mean_ElectronAffinity, wtd_mean_ElectronAffinity, wtd_gmean_ElectronAffinity, wtd_entropy_ElectronAffinity, wtd_std_ElectronAffinity, mean_FusionHeat, wtd_mean_FusionHeat, wtd_range_FusionHeat, wtd_std_FusionHeat, wtd_mean_ThermalConductivity, wtd_gmean_ThermalConductivity, range_ThermalConductivity, wtd_range_ThermalConductivity, wtd_gmean_Valence, wtd_entropy_Valence, std_Valence",1.0,0.03125,0.5,1,2.0,93,92,0.3950617283950617,,1,2
"[3.645770143076895,77.4186336923077], [30.984545659707234,141.26442680304217], [1.3253101499481224,2.0791531388999176], [-5.634662146153804,47.8187144538462], [715.4308723522813,1289.2229738015587], [709.1554491022272,1214.4578988012843], [392.3175,1135.8825000000002], [0.8372097662242991,2.1652254035303806], [107.0,235.0], [30.556123525994096,76.7561235259941], [-1851.052854285711,13509.17542571429], [0.9707333274909031,1.9076145201544568], [41.7370055384615,111.7199175384615], [3.8210266243952162,99.92927196381538], [0.5597707134094838,1.726456193489249], [-19.07929,44.83529], [-23.25952884615385,22.52031538461538], [-6.146960331915549,15.02338966808445], [-14.97234834285699,224.408514057143], [45.3814809615385,220.90249605384616], [337.62716535,518.21631675], [69.980392823704,231.22000532370402], [120.43245380975682,212.15164815146116], [0.1299999999999999,4.2700000000000005], [0.06692307692307997,4.09230769230769], [0.8893969867312299,4.06939698673123], 1.0, [-0.4624378461538503,2.6141301538461503], [-0.23156864091531593,0.88], [-0.1539290527944821,1.046070947205518]","wtd_mean_atomic_mass, gmean_atomic_mass, entropy_atomic_mass, wtd_range_atomic_mass, wtd_mean_fie, wtd_gmean_fie, range_fie, entropy_atomic_radius, range_atomic_radius, std_atomic_radius, mean_Density, wtd_entropy_Density, wtd_range_ElectronAffinity, std_ElectronAffinity, wtd_entropy_FusionHeat, range_FusionHeat, wtd_range_FusionHeat, std_FusionHeat, mean_ThermalConductivity, wtd_mean_ThermalConductivity, range_ThermalConductivity, std_ThermalConductivity, wtd_std_ThermalConductivity, mean_Valence, wtd_mean_Valence, gmean_Valence, range_Valence, wtd_range_Valence, std_Valence, wtd_std_Valence",1.0,0.05020576131687243,0.6666666666666666,1,4.333333333333333,92,92,0.37037037037037035,,0,0
"6.0, [-10.802224419675397,137.86944916535498], [-16.2077859808046,93.5125759885868], [0.9747764316989361,1.9930421845654438], [150.6459703,231.75522970000003], [520.116666666667,988.916666666667], [579.367341366741,860.647341366741], [811.3403595943989,1058.8846387258911], [1.4055580166198918,2.074468754064648], [151.57689129910537,366.4358294799207], [120.75,203.25], [65.92127343329199,225.921273433292], [52.963617062895494,127.9636170628955], [45.89447592428034,87.66498159839007], [1211.4001399999997,8439.74286], [-2113.8873550000003,9406.283855], [0.8464919617712839,1.9408980423027962], [4900.828264999999,17776.313735], [3124.0264181206726,5726.759419355547], [17.731631249999992,183.27763125], [-80.64896000687031,136.83303999312972], [-8.9409926075637,146.86700739243628], [0.8044821589386277,1.8297666082240922], [9.553381926559268,99.14581402262893], [12.991778448201217,95.83895070701539], [-8.8041275,18.4381525], [-10.490991147195839,19.89462885280416], [-35.80356204056101,38.58881795943899], [0.8237458079205678,1.9069879617891718], [-11.515875000000001,16.206375], [-30.442943901340833,16.1215629254308], [-8.510735399999987,237.5195954], [-66.15011903461874,69.21345433594357], [0.6425952393574419,1.4105645163882583], [0.024221931804289,1.2178334315464632], [0.7203099999999978,149.25311], [104.02801065492599,183.57288615492598], [1.18,3.8200000000000003], [0.967154134673924,2.530787366868696], [-0.22623738417402695,1.753762615825973], [0.19578397759565103,1.155783977595651]","number_of_elements, gmean_atomic_mass, wtd_gmean_atomic_mass, wtd_entropy_atomic_mass, range_atomic_mass, mean_fie, gmean_fie, wtd_gmean_fie, entropy_fie, std_fie, mean_atomic_radius, gmean_atomic_radius, wtd_gmean_atomic_radius, wtd_std_atomic_radius, mean_Density, wtd_mean_Density, entropy_Density, range_Density, wtd_std_Density, wtd_mean_ElectronAffinity, gmean_ElectronAffinity, wtd_gmean_ElectronAffinity, entropy_ElectronAffinity, std_ElectronAffinity, wtd_std_ElectronAffinity, wtd_mean_FusionHeat, gmean_FusionHeat, wtd_gmean_FusionHeat, wtd_entropy_FusionHeat, wtd_range_FusionHeat, std_FusionHeat, mean_ThermalConductivity, wtd_gmean_ThermalConductivity, entropy_ThermalConductivity, wtd_entropy_ThermalConductivity, wtd_range_ThermalConductivity, std_ThermalConductivity, mean_Valence, entropy_Valence, std_Valence, wtd_std_Valence",1.0,0.1,1.0,1,1.5,93,93,0.5061728395061729,,0,0
"[-10.802224419675397,137.86944916535498], [-16.2077859808046,93.5125759885868], [0.9747764316989361,1.9930421845654438], [150.6459703,231.75522970000003], [520.116666666667,988.916666666667], [579.367341366741,860.647341366741], [811.3403595943989,1058.8846387258911], [1.4055580166198918,2.074468754064648], [151.57689129910537,366.4358294799207], [120.75,203.25], [65.92127343329199,225.921273433292], [52.963617062895494,127.9636170628955], [1.306846003096636,2.120791071122944], [45.89447592428034,87.66498159839007], [1211.4001399999997,8439.74286], [-2113.8873550000003,9406.283855], [0.8464919617712839,1.9408980423027962], [4900.828264999999,17776.313735], [3124.0264181206726,5726.759419355547], [17.731631249999992,183.27763125], [-80.64896000687031,136.83303999312972], [-8.9409926075637,84.5453413375453], [0.8044821589386277,1.8297666082240922], [9.553381926559268,99.14581402262893], [12.991778448201217,95.83895070701539], [-8.8041275,18.4381525], [-35.80356204056101,38.58881795943899], [0.8237458079205678,1.9069879617891718], [-11.515875000000001,16.206375], [-7.630537074569199,16.1215629254308], [-8.510735399999987,237.5195954], [-66.15011903461874,69.21345433594357], [0.024221931804289,1.2178334315464632], [0.7203099999999978,258.57367240410616], [104.02801065492599,183.57288615492598], [116.43565067562585,199.62282693903214], [0.7378704695408813,3.8200000000000003], [0.967154134673924,2.530787366868696], 2.0, [-0.22623738417402695,1.753762615825973], [0.19578397759565103,1.155783977595651]","gmean_atomic_mass, wtd_gmean_atomic_mass, wtd_entropy_atomic_mass, range_atomic_mass, mean_fie, gmean_fie, wtd_gmean_fie, entropy_fie, std_fie, mean_atomic_radius, gmean_atomic_radius, wtd_gmean_atomic_radius, entropy_atomic_radius, wtd_std_atomic_radius, mean_Density, wtd_mean_Density, entropy_Density, range_Density, wtd_std_Density, wtd_mean_ElectronAffinity, gmean_ElectronAffinity, wtd_gmean_ElectronAffinity, entropy_ElectronAffinity, std_ElectronAffinity, wtd_std_ElectronAffinity, wtd_mean_FusionHeat, wtd_gmean_FusionHeat, wtd_entropy_FusionHeat, wtd_range_FusionHeat, std_FusionHeat, mean_ThermalConductivity, wtd_gmean_ThermalConductivity, wtd_entropy_ThermalConductivity, wtd_range_ThermalConductivity, std_ThermalConductivity, wtd_std_ThermalConductivity, mean_Valence, entropy_Valence, range_Valence, std_Valence, wtd_std_Valence",1.0,0.1,1.0,1,1.5,93,93,0.5061728395061729,,0,0
"[63.96099000000001,124.57281], [-26.6289643254908,93.4423751881828], [1.2875776709657905,2.001744713130649], [71.57982589999999,210.92137409999998], [32.0286590040829,63.3447660040829], [479.422,1004.4780000000001], [0.6905170393441353,1.2001571025946527], [255.77483292129062,418.69001671210737], [79.25,256.75], [1.1545815131847086,2.2684010799575516], [146.6,223.4], [-16.832999102875544,62.42123439699314], [32.4533573327708,89.04835733277079], [47.42839710821306,101.82719519542573], [-1367.818828333331,14218.29516166667], [0.871267094127289,2.161102831896571], [5591.9997,19145.1423], [-5564.80014117647,7671.35425882353], [912.2922475963001,7239.673202596299], [-21.504333333333307,179.7476666666667], [0.605032785537083,1.107652712915981], [92.345,179.595], [54.62473611764709,111.4858521176471], [1.815320584243473,91.40775268031314], [-19.454006470588244,29.791653529411764], [-33.10761784245488,44.42810215754512], [1.1371718838311893,1.828871369650331], [-1.9060184111430187,17.71528158885698], [41.3129823666667,151.0292109666667], [-80.84698284117648,199.93707695882347], [-48.24174853529618,49.520832232332154], [0.495299235435139,0.946936019121367], [73.92076542007598,209.362039920076], [1.7266666666666701,4.60666666666667], [1.18235294117647,3.5823529411764703], [1.05449914061482,4.71449914061482], [0.912598457321064,2.476231689515836], [0.7793911361330488,2.183202944337851], 4.0, [-0.06456756754736004,2.06543243245264]","mean_atomic_mass, wtd_gmean_atomic_mass, entropy_atomic_mass, range_atomic_mass, wtd_std_atomic_mass, mean_fie, wtd_entropy_fie, wtd_std_fie, mean_atomic_radius, entropy_atomic_radius, range_atomic_radius, wtd_range_atomic_radius, std_atomic_radius, wtd_std_atomic_radius, mean_Density, entropy_Density, range_Density, wtd_range_Density, std_Density, mean_ElectronAffinity, wtd_entropy_ElectronAffinity, range_ElectronAffinity, wtd_range_ElectronAffinity, std_ElectronAffinity, wtd_mean_FusionHeat, gmean_FusionHeat, entropy_FusionHeat, std_FusionHeat, mean_ThermalConductivity, wtd_mean_ThermalConductivity, wtd_gmean_ThermalConductivity, wtd_entropy_ThermalConductivity, std_ThermalConductivity, mean_Valence, wtd_mean_Valence, gmean_Valence, entropy_Valence, wtd_entropy_Valence, range_Valence, wtd_std_Valence",0.0,1.0,1.0,1,2.0,94,94,0.49382716049382713,,1,1
"5.0, [33.778833,136.818927], [-12.377539550836083,106.20573638317634], [36.8496849904717,58.403991159399304], [647.0055835527463,1237.3034799432276], [0.813348001758109,2.1642817625478474], [0.3525521655896321,1.514531509800812], [532.1225,1045.41], [508.55731418694336,871.5952852014366], [232.20379747824435,486.1598192698116], [47.385714285714,187.38571428571402], [98.79603670817801,178.796036708178], [50.9580691314587,125.9580691314587], [0.610624667066475,1.562498761237665], [122.2,257.48], [46.72874972259209,94.0837497225921], [-5209.651249862391,11280.00558013761], [437.7934844040997,5478.249499404101], [-113.90035005591471,7590.1893335993145], [53.86969418960199,222.012428571429], [11.697395505569688,154.5213955055697], [0.42894182792769187,1.2163797141546322], [-6.596473155863968,104.8514275377131], [19.37617885252507,66.0145006142711], [-11.905650000000003,24.766650000000006], [-32.73258571428572,40.612014285714295], [-18.115712627915123,26.93882737208488], [0.48898236118236793,1.7209370461097953], [-26.41375,52.16975], [-21.86167857142857,25.36882142857143], [-12.078807385322104,21.513506121630424], [2.0236762746177135,189.2130494746177], [-125.34930393099312,126.57734650866452], [-0.130421545044283,1.046042028279521], [-46.7680680733945,201.6460685714286], [-0.04999999999999982,4.45], [0.4301935792534356,1.7365184563329046]","number_of_elements, mean_atomic_mass, wtd_gmean_atomic_mass, wtd_std_atomic_mass, wtd_gmean_fie, entropy_fie, wtd_entropy_fie, range_fie, wtd_range_fie, wtd_std_fie, wtd_mean_atomic_radius, gmean_atomic_radius, wtd_gmean_atomic_radius, wtd_entropy_atomic_radius, range_atomic_radius, std_atomic_radius, wtd_mean_Density, std_Density, wtd_std_Density, wtd_mean_ElectronAffinity, wtd_gmean_ElectronAffinity, wtd_entropy_ElectronAffinity, std_ElectronAffinity, wtd_std_ElectronAffinity, mean_FusionHeat, wtd_mean_FusionHeat, gmean_FusionHeat, wtd_entropy_FusionHeat, range_FusionHeat, wtd_range_FusionHeat, wtd_std_FusionHeat, wtd_mean_ThermalConductivity, wtd_gmean_ThermalConductivity, entropy_ThermalConductivity, wtd_range_ThermalConductivity, mean_Valence, wtd_entropy_Valence",0.0,0.0512908935546875,0.875,1,6.3856,95,95,0.4567901234567901,,0,0
"5.0, [33.778833,136.818927], [-12.377539550836083,106.20573638317634], [36.8496849904717,58.403991159399304], [647.0055835527463,1237.3034799432276], [0.813348001758109,2.1642817625478474], [0.3525521655896321,1.514531509800812], [532.1225,1045.41], [508.55731418694336,871.5952852014366], [232.20379747824435,486.1598192698116], [47.385714285714,187.38571428571402], [98.79603670817801,178.796036708178], [50.9580691314587,125.9580691314587], [0.610624667066475,1.562498761237665], [122.2,257.48], [46.72874972259209,94.0837497225921], [-5209.651249862391,11280.00558013761], [437.7934844040997,5478.249499404101], [-113.90035005591471,7590.1893335993145], [53.86969418960199,222.012428571429], [0.42894182792769187,1.2163797141546322], [29.6971540769231,123.73669207692309], [-6.596473155863968,104.8514275377131], [19.37617885252507,66.0145006142711], [-11.905650000000003,24.766650000000006], [-32.73258571428572,40.612014285714295], [-18.115712627915123,26.93882737208488], [0.48898236118236793,1.7209370461097953], [-26.41375,52.16975], [-21.86167857142857,25.36882142857143], [-12.078807385322104,21.513506121630424], [2.0236762746177135,189.2130494746177], [-125.34930393099312,126.57734650866452], [-0.130421545044283,1.046042028279521], [333.32742364999996,466.61941635], [-46.7680680733945,201.6460685714286], [0.4301935792534356,1.7365184563329046]","number_of_elements, mean_atomic_mass, wtd_gmean_atomic_mass, wtd_std_atomic_mass, wtd_gmean_fie, entropy_fie, wtd_entropy_fie, range_fie, wtd_range_fie, wtd_std_fie, wtd_mean_atomic_radius, gmean_atomic_radius, wtd_gmean_atomic_radius, wtd_entropy_atomic_radius, range_atomic_radius, std_atomic_radius, wtd_mean_Density, std_Density, wtd_std_Density, wtd_mean_ElectronAffinity, wtd_entropy_ElectronAffinity, wtd_range_ElectronAffinity, std_ElectronAffinity, wtd_std_ElectronAffinity, mean_FusionHeat, wtd_mean_FusionHeat, gmean_FusionHeat, wtd_entropy_FusionHeat, range_FusionHeat, wtd_range_FusionHeat, wtd_std_FusionHeat, wtd_mean_ThermalConductivity, wtd_gmean_ThermalConductivity, entropy_ThermalConductivity, range_ThermalConductivity, wtd_range_ThermalConductivity, wtd_entropy_Valence",0.0,0.0512908935546875,0.875,1,6.3856,95,95,0.4567901234567901,,0,0
"6.0, [34.002099666666695,157.2461336666667], [1.2008199456347044,2.1211755299563557], [63.60379885614603,264.2938479], [43.9459567157855,83.3436397157855], [28.736655415116,67.124141415116], [474.11438729256,980.41838729256], [1.0225192210234748,2.446651758809085], [0.2725988283664095,1.6995910054678585], [91.52433386659743,451.2881373321486], [199.93706848522112,482.64282859281485], [48.055555555556,170.555555555556], [60.58045993159999,225.5804599316], [1.2677111599482802,2.14591504913456], [1.234752646889946,1.9772144403434742], [-32.66084304788627,80.21639860344186], [29.596416765753496,93.12141676575351], [2026.457285,9480.685715], [-1778.9774561111103,7030.56523388889], [-6066.56039263763,8841.89646736237], [-3788.2110629172257,3892.155613920093], [0.967064373315772,1.9051267280570678], [1846.7006399382199,6779.91290993822], [-38.611666666666714,139.91833333333332], [1.2873333333329953,202.539333333333], [-64.98109230436572,100.5649076956343], [0.5902876010091203,1.6862813226590996], [0.09541240590678945,1.1844222485610687], [29.18808622435567,86.20145210367272], [27.281817294916443,88.14912752588197], [-27.52117888888889,36.39340111111111], [-30.275958333333328,34.40929166666667], [41.890374566667006,211.45181876666697], [-69.95792237754075,98.50631227013416], [0.6618522074416766,1.7566169215068832], [253.78220219999997,546.1646378], [-41.736900000000006,175.04070000000002], [70.248847656322,225.038875656322], [97.62710309191226,202.14432455106373], [1.2366666666666701,3.0966666666666702], [0.28777777777778013,3.7677777777777797], [1.4140995393981877,2.1423670722012322], 1.0, [-0.24859547920896796,1.191404520791032], [-0.393154066885948,0.9268459331140521]","number_of_elements, mean_atomic_mass, wtd_entropy_atomic_mass, range_atomic_mass, std_atomic_mass, wtd_std_atomic_mass, gmean_fie, entropy_fie, wtd_entropy_fie, std_fie, wtd_std_fie, wtd_mean_atomic_radius, gmean_atomic_radius, entropy_atomic_radius, wtd_entropy_atomic_radius, wtd_range_atomic_radius, std_atomic_radius, mean_Density, wtd_mean_Density, gmean_Density, wtd_gmean_Density, entropy_Density, std_Density, mean_ElectronAffinity, wtd_mean_ElectronAffinity, gmean_ElectronAffinity, entropy_ElectronAffinity, wtd_entropy_ElectronAffinity, std_ElectronAffinity, wtd_std_ElectronAffinity, wtd_mean_FusionHeat, wtd_range_FusionHeat, mean_ThermalConductivity, gmean_ThermalConductivity, entropy_ThermalConductivity, range_ThermalConductivity, wtd_range_ThermalConductivity, std_ThermalConductivity, wtd_std_ThermalConductivity, mean_Valence, wtd_mean_Valence, entropy_Valence, range_Valence, std_Valence, wtd_std_Valence",1.0,0.02373046875,0.75,1,2.75,96,96,0.5555555555555556,,0,0
"6.0, [34.002099666666695,157.2461336666667], [1.2008199456347044,2.1211755299563557], [112.4739521,264.2938479], [-17.6745091722222,41.9465647277778], [43.9459567157855,83.3436397157855], [28.736655415116,67.124141415116], [474.11438729256,980.41838729256], [1.0225192210234748,2.446651758809085], [0.2725988283664095,1.6995910054678585], [91.52433386659743,451.2881373321486], [199.93706848522112,482.64282859281485], [48.055555555556,170.555555555556], [60.58045993159999,225.5804599316], [1.2677111599482802,2.14591504913456], [1.234752646889946,1.9772144403434742], [-32.66084304788627,80.21639860344186], [29.596416765753496,93.12141676575351], [2026.457285,9480.685715], [-1778.9774561111103,7030.56523388889], [-6066.56039263763,8841.89646736237], [-3788.2110629172257,3892.155613920093], [0.967064373315772,1.4940982349461946], [1846.7006399382199,6779.91290993822], [-38.611666666666714,139.91833333333332], [1.2873333333329953,202.539333333333], [-64.98109230436572,100.5649076956343], [16.696951121964,104.33895112196402], [0.5902876010091203,1.6862813226590996], [0.09541240590678945,1.3720139102752273], [29.18808622435567,86.20145210367272], [27.281817294916443,88.14912752588197], [-27.52117888888889,36.39340111111111], [-16.47881529829718,19.145704701702822], [-30.275958333333328,34.40929166666667], [41.890374566667006,211.45181876666697], [0.6618522074416766,1.7566169215068832], [253.78220219999997,546.1646378], [-41.736900000000006,175.04070000000002], [97.62710309191226,202.14432455106373], [1.2366666666666701,3.0966666666666702], [0.28777777777778013,3.7677777777777797], [1.4140995393981877,2.1423670722012322], 1.0","number_of_elements, mean_atomic_mass, wtd_entropy_atomic_mass, range_atomic_mass, wtd_range_atomic_mass, std_atomic_mass, wtd_std_atomic_mass, gmean_fie, entropy_fie, wtd_entropy_fie, std_fie, wtd_std_fie, wtd_mean_atomic_radius, gmean_atomic_radius, entropy_atomic_radius, wtd_entropy_atomic_radius, wtd_range_atomic_radius, std_atomic_radius, mean_Density, wtd_mean_Density, gmean_Density, wtd_gmean_Density, entropy_Density, std_Density, mean_ElectronAffinity, wtd_mean_ElectronAffinity, gmean_ElectronAffinity, wtd_gmean_ElectronAffinity, entropy_ElectronAffinity, wtd_entropy_ElectronAffinity, std_ElectronAffinity, wtd_std_ElectronAffinity, wtd_mean_FusionHeat, wtd_gmean_FusionHeat, wtd_range_FusionHeat, mean_ThermalConductivity, entropy_ThermalConductivity, range_ThermalConductivity, wtd_range_ThermalConductivity, wtd_std_ThermalConductivity, mean_Valence, wtd_mean_Valence, entropy_Valence, range_Valence",1.0,0.02373046875,0.75,1,2.75,96,96,0.5432098765432098,,0,0
"[27.330189132468433,118.97711120543238], [4.171232215434777,66.27709748112801], [1.4058999423687262,1.9018492772054338], [-57.60719111072261,86.30574588927742], [653.9345722272883,1344.4301519374358], [413.09224692911806,919.396246929118], [0.2922257038137389,1.637675470795105], [315.26817708861086,1053.8626698422352], [63.991647241646994,166.491647241647], [47.77707379663519,132.7770737966352], [-37.85136587052193,91.83737985653593], [62.794707103457554,95.82254879926525], [302.96205333333046,8434.84761333333], [-3302.4986189277406,9347.10114107226], [1.2139920276462466,1.8198239650833334], [0.7808072935855819,1.223696584662898], [2633.7711199999994,15283.37088], [-786.12971820944,6506.44494179056], [1349.2363945017728,6034.155796724548], [52.384355089355,165.994355089355], [-3.120222476857606,78.0297775231424], [25.563262963480994,126.163698963481], [-4.842454914131636,103.36609660758484], [-25.22438146076146,35.54685853923854], [1.3370759355467488,1.866022601173151], [-8.325184121785519,16.45961587821448], [-4.262824507170245,15.375758773817385], [25.646315700000002,135.3625443], [-46.684937946153866,242.23779025384607], [-77.8096950305303,80.11447390179238], [0.43949649298744853,0.9296896485390336], [-0.23910534202660003,0.72868776587246], [-19.17729515151521,205.62910484848481], [89.502209561854,196.99528456185402], [1.3900000000000001,3.61], [0.58254982161526,3.58254982161526], [0.9457345013561873,2.5522070001864323], 2.0, [-0.39611773808057305,1.193882261919427]","gmean_atomic_mass, wtd_gmean_atomic_mass, entropy_atomic_mass, wtd_range_atomic_mass, wtd_mean_fie, gmean_fie, wtd_entropy_fie, wtd_range_fie, wtd_mean_atomic_radius, wtd_gmean_atomic_radius, wtd_range_atomic_radius, wtd_std_atomic_radius, mean_Density, wtd_mean_Density, entropy_Density, wtd_entropy_Density, range_Density, std_Density, wtd_std_Density, wtd_mean_ElectronAffinity, gmean_ElectronAffinity, wtd_range_ElectronAffinity, wtd_std_ElectronAffinity, wtd_mean_FusionHeat, entropy_FusionHeat, std_FusionHeat, wtd_std_FusionHeat, mean_ThermalConductivity, wtd_mean_ThermalConductivity, wtd_gmean_ThermalConductivity, entropy_ThermalConductivity, wtd_entropy_ThermalConductivity, wtd_range_ThermalConductivity, std_ThermalConductivity, mean_Valence, wtd_gmean_Valence, entropy_Valence, range_Valence, wtd_std_Valence",0.0,1.0,1.0,1,2.0,97,97,0.48148148148148145,,1,1
"4.0, [0.7390272418929967,1.949143618894563], [0.10654373620679769,1.3793759272899324], [53.722608078571405,109.23188377857142], [-2.990375314653299,48.5296716853467], [371.44200000000006,990.258], [428.5309589765288,733.2008409845191], [0.880539782923071,1.8515392405041688], [0.4950291618401095,1.2289108529208546], [137.94750000000005,516.2525], [94.7668111801242,695.6572459627339], [-47.40446910940071,322.35277334130467], [12.735074812203898,132.5256511289809], [132.25,194.75], [86.77020978622701,239.270209786227], [-47.64,113.64], [65.05013179444775,156.31258249126626], [-11.438994382023699,37.0710056179763], [-2871.4284749999997,7293.428475], [2043.0261714285698,8324.59097142857], [-1553.4969528830327,2819.094489191557], [-14.786000000000008,89.08600000000001], [-63.93140714285711,140.5665928571429], [-59.745696018156906,99.3083039818431], [-5.903797160364206,78.49220283963581], [0.516365091351193,1.6830680853656872], [-37.4089891428571,80.6871748571429], [-16.696712677180052,64.75095286470145], [-36.61511789057888,63.13964054350348], [-29.141002857142862,40.01247714285714], [-22.273479918356095,35.354420081643916], [-22.294417787652762,31.142362212347244], [0.38490356299027695,1.660333840932343], [-2.7767,28.6567], [-11.555537068600568,21.49086293139943], [-6.905933496847671,15.833478723243271], [-59.826457171428586,208.7496000285714], [-26.90560992673933,153.57915456734372], [0.29204217283284856,0.9211076929672375], [35.25322875,142.74677125], [-32.1721428571429,148.47585714285708], [2.35,4.15], [1.84335714285714,4.7233571428571395], [0.6127038452239771,2.0906585441478027], 2.0, [0.16915619758884992,1.48915619758885], [-0.23417091123616807,1.145829088763832]","number_of_elements, entropy_atomic_mass, wtd_entropy_atomic_mass, wtd_range_atomic_mass, wtd_std_atomic_mass, mean_fie, wtd_gmean_fie, entropy_fie, wtd_entropy_fie, range_fie, wtd_range_fie, std_fie, wtd_std_fie, mean_atomic_radius, gmean_atomic_radius, range_atomic_radius, wtd_range_atomic_radius, std_atomic_radius, range_Density, wtd_range_Density, wtd_std_Density, mean_ElectronAffinity, wtd_mean_ElectronAffinity, gmean_ElectronAffinity, wtd_gmean_ElectronAffinity, entropy_ElectronAffinity, wtd_range_ElectronAffinity, std_ElectronAffinity, wtd_std_ElectronAffinity, wtd_mean_FusionHeat, gmean_FusionHeat, wtd_gmean_FusionHeat, wtd_entropy_FusionHeat, range_FusionHeat, std_FusionHeat, wtd_std_FusionHeat, wtd_mean_ThermalConductivity, wtd_gmean_ThermalConductivity, wtd_entropy_ThermalConductivity, range_ThermalConductivity, wtd_range_ThermalConductivity, mean_Valence, wtd_mean_Valence, entropy_Valence, range_Valence, std_Valence, wtd_std_Valence",0.0,1.0,1.0,1,1.0,98,98,0.5802469135802469,,1,1
"[5.454770927499993,145.2190650475], [36.142789752972554,103.35053260647945], [0.9176317817429733,1.8103405844490468], [41.785656461548406,95.32609746154841], [563.9917652635711,1079.671765263571], [0.30423392264489535,1.7516117022763649], [614.9250000000001,1006.275], [385.50590942028947,923.8035905797105], [249.1422433488544,440.8071654556976], [99.30448514396801,171.804485143968], [27.892056462804106,167.8920564628041], [1.2404851672256814,1.7759753435587786], [142.28,267.72], [25.644526689455617,100.09547331054438], [29.633215134583203,101.24321513458321], [-1279.6711200000004,8659.30012], [0.8111788792667638,1.373307594864896], [8111.31396,18953.82804], [-4254.0169000000005,7636.0879], [21.984750000000005,158.31675], [-79.99851114762832,140.72948885237173], [-53.7818159609574,144.2241840390426], [0.3811244054451417,0.9004983304033363], [12.038918000000002,130.135082], [34.377746318838106,76.7305324006165], [13.077685121011328,111.14168493756688], [-13.517090000000003,29.44189], [-27.3909,35.475899999999996], [-23.376715263396292,31.10784473660371], [-24.981619704572022,27.40738029542798], [-6.02538,37.98138], [-12.415000000000001,16.334], [33.7835307,176.7471013], [-18.44722559999999,128.04880559999998], [0.280665572368227,1.130333708657641], [0.18119096750636698,0.632827751192595], [121.552166130458,181.748288130458], [0.23499999999999988,3.775], [1.1273967099940703,3.46739670999407], [0.7487533772949524,1.7236226885482875], 2.0, [-0.47012507822280913,0.669874921777191]","wtd_mean_atomic_mass, gmean_atomic_mass, entropy_atomic_mass, wtd_std_atomic_mass, gmean_fie, wtd_entropy_fie, range_fie, wtd_range_fie, wtd_std_fie, gmean_atomic_radius, wtd_gmean_atomic_radius, entropy_atomic_radius, range_atomic_radius, wtd_range_atomic_radius, std_atomic_radius, wtd_mean_Density, wtd_entropy_Density, range_Density, wtd_range_Density, wtd_mean_ElectronAffinity, gmean_ElectronAffinity, wtd_gmean_ElectronAffinity, wtd_entropy_ElectronAffinity, wtd_range_ElectronAffinity, std_ElectronAffinity, wtd_std_ElectronAffinity, mean_FusionHeat, wtd_mean_FusionHeat, gmean_FusionHeat, wtd_gmean_FusionHeat, range_FusionHeat, wtd_range_FusionHeat, mean_ThermalConductivity, wtd_mean_ThermalConductivity, entropy_ThermalConductivity, wtd_entropy_ThermalConductivity, std_ThermalConductivity, wtd_mean_Valence, gmean_Valence, wtd_entropy_Valence, range_Valence, wtd_std_Valence",1.0,1.0,1.0,1,2.0,99,99,0.5185185185185185,,1,1
