Specified Values,Specified Attribute Names,above_77k,Fitness,Accuracy,Numerosity,Avg Match Set Size,TimeStamp GA,Iteration Initialized,Specificity,Deletion Probability,Correct Count,Match Count
"2.0, [96.24838163771682,154.21385588569717], [-30.416501000000007,36.256500999999986], [-14.817443480429251,20.53945151957075], [640.19,1062.11], [0.15909713681030957,1.1783772633113445], [68.0,188.0], [66.906458078904,186.906458078904], [0.2801465725897892,1.0797208116935888], [-61.68000000000001,81.68], [-37.03944254535904,78.23944254535904], [-38.3125,48.3125], [1227.4286700000002,11618.171330000001], [1156.1486697157798,11772.77703971578], [-19.020965266745407,12856.887875313465], [0.10623414990980307,1.2788120933364229], [0.04906534346066804,1.3095964026807219], [-4173.657055000001,5087.657055000001], [26.47499999999998,269.925], [59.519999999999996,254.28000000000003], [65.39112146361,217.95312146361002], [0.31355955766430565,0.9852976451271963], [-8.626505946804166,95.62650594680417], [-7.290610000000001,44.05061], [-17.057075372372903,54.1919646276271], [-4.702290171886702,41.400029828113304], [0.2031389420874054,1.1796558632438405], [0.211218288742205,1.1546872614664732], [-23.562124999999998,28.802125], [-18.302405382571088,20.457956356220286], [-91.22912729999999,118.22912729999999], [0.03291519709406898,0.839409453676619], [-142.73999999999998,158.34], [4.45,6.55], [4.789999999999999,6.41], [4.69722557505166,6.2572255750516605], [4.37800310864914,6.77800310864914], [0.024897948556636018,0.954897948556636]","number_of_elements, wtd_gmean_atomic_mass, std_atomic_mass, wtd_std_atomic_mass, mean_fie, wtd_entropy_fie, mean_atomic_radius, wtd_gmean_atomic_radius, wtd_entropy_atomic_radius, range_atomic_radius, wtd_range_atomic_radius, std_atomic_radius, wtd_mean_Density, gmean_Density, wtd_gmean_Density, entropy_Density, wtd_entropy_Density, range_Density, mean_ElectronAffinity, wtd_mean_ElectronAffinity, gmean_ElectronAffinity, entropy_ElectronAffinity, std_ElectronAffinity, wtd_mean_FusionHeat, gmean_FusionHeat, wtd_gmean_FusionHeat, entropy_FusionHeat, wtd_entropy_FusionHeat, wtd_range_FusionHeat, wtd_std_FusionHeat, mean_ThermalConductivity, wtd_entropy_ThermalConductivity, wtd_range_ThermalConductivity, mean_Valence, wtd_mean_Valence, gmean_Valence, wtd_gmean_Valence, wtd_std_Valence",0.0,1.0,1.0,1,1.0,442,442,0.4691358024691358,0.006963988749908306,1,1
"6.0, [-22.417597060000006,117.34669706000001], [30.07620457101223,89.13755435136677], [-37.45931157396227,99.17359201056287], [1.1877032431790862,1.6836525780157938], [1.0709352154744143,1.9912907997960656], [-17.174384250000006,54.78208425000001], [11.942644148407695,85.6870251484077], [773.7073333333329,1026.8593333333329], [677.3655193236713,1406.7622584541086], [703.330841771347,1022.1148417713471], [680.5879223896675,1280.4067525928986], [1.4481888735007684,2.052366313773452], [0.6409237661856164,1.4359622648564236], [346.66,1181.54], [49.666666666667,214.666666666667], [12.638888888889,195.138888888889], [1.0833991489478612,1.673561087333999], [130.04,211.96], [-10.293354661524688,100.18224355041349], [23.453606177561298,93.9086061775613], [2805.95251666667,9582.52381666667], [-5777.92500444444,10485.84611555556], [1.0684387792057741,1.771985545261746], [1.1555461650560546,1.6665722701452654], [5852.456859999999,21212.68514], [1360.7475521477804,8331.59097714778], [-306.20773434608236,7501.991269358542], [-7.712333333333305,180.5556666666667], [7.809999999999988,202.57], [-55.89297871943361,129.1290212805664], [-32.4865173592416,155.78148264075838], [0.4400872678277219,1.2275251540546621], [20.297532578402652,96.38167036710955], [-8.1814,54.6854], [-28.687581111111115,47.800358888888894], [80.15517,129.40083], [-90.09782095555559,211.0329098444444], [-108.19790738301703,109.887849714], [0.44205394846998874,1.3407414003145612], [0.33804115530882145,1.2574446078129287], [279.58065239999996,520.3661876], [50.85513355063004,198.03244540127196], [0.21444444444444022,4.17444444444444], [1.3219220354469812,2.093028834885499], 3.0, [0.34335164821342,2.08335164821342], [-0.09089941568307403,1.409100584316926]","number_of_elements, wtd_mean_atomic_mass, gmean_atomic_mass, wtd_gmean_atomic_mass, entropy_atomic_mass, wtd_entropy_atomic_mass, wtd_range_atomic_mass, wtd_std_atomic_mass, mean_fie, wtd_mean_fie, gmean_fie, wtd_gmean_fie, entropy_fie, wtd_entropy_fie, range_fie, mean_atomic_radius, wtd_mean_atomic_radius, wtd_entropy_atomic_radius, range_atomic_radius, wtd_range_atomic_radius, std_atomic_radius, mean_Density, wtd_mean_Density, entropy_Density, wtd_entropy_Density, range_Density, std_Density, wtd_std_Density, mean_ElectronAffinity, wtd_mean_ElectronAffinity, gmean_ElectronAffinity, wtd_gmean_ElectronAffinity, wtd_entropy_ElectronAffinity, wtd_std_ElectronAffinity, mean_FusionHeat, wtd_mean_FusionHeat, range_FusionHeat, wtd_mean_ThermalConductivity, wtd_gmean_ThermalConductivity, entropy_ThermalConductivity, wtd_entropy_ThermalConductivity, range_ThermalConductivity, wtd_std_ThermalConductivity, wtd_mean_Valence, entropy_Valence, range_Valence, std_Valence, wtd_std_Valence",0.0,1.0,1.0,1,1.0,480,480,0.5925925925925926,0.006963988749908306,1,1
"[22.92843628,140.41146612], [-9.849624471462036,130.67565604041602], [-3.387829070898185,124.96429247820117], [1.0390860098128636,2.1356798975152564], [114.99132749999998,270.9706725], [44.2718263061833,83.6695093061833], [608.572571428571,1189.8845714285708], [494.3830797101438,1126.5269202898562], [1.157222206419957,2.5597769784815427], [765.74,1496.26], [-57.4270092226613,418.2779183135713], [240.2737535927213,441.5219218049067], [100.0,170.0], [115.418181818182,182.918181818182], [111.72,242.28], [30.664600342262098,94.18960034226211], [20.95963759466244,92.84376363847916], [-1543.0105921428603,11332.474877857141], [-2963.8150557194976,5168.337896225898], [0.9611152890604998,1.6084150221735003], [-4398.91234545455,9285.92525454545], [1459.0229843991297,7679.16019439913], [2161.759753578153,6013.804595405767], [12.003285714285994,197.025285714286], [0.9696158695183008,1.9418683645303794], [-27.0517183636364,91.0444456363636], [65.63629093849988,143.8260498587061], [-8.05225189802166,18.14224810197834], [0.9574588976036332,2.259481459145547], [18.7336434428571,174.9961508428571], [1.5367202272730083,306.736785227273], [-71.22147709442875,84.52847569304426], [-107.49454819634963,148.1922015036014], [0.8100482329451267,1.2512220729415533], [0.26651272082971245,1.3149552543870275], [38.836492727273,179.34049272727302], [1.3414285714285699,3.80142857142857], [0.77272727272727,4.0727272727272705], [1.334523277636578,2.3198264102524617], 4.0","wtd_mean_atomic_mass, gmean_atomic_mass, wtd_gmean_atomic_mass, wtd_entropy_atomic_mass, range_atomic_mass, wtd_std_atomic_mass, mean_fie, wtd_mean_fie, entropy_fie, range_fie, wtd_range_fie, wtd_std_fie, mean_atomic_radius, wtd_mean_atomic_radius, range_atomic_radius, std_atomic_radius, wtd_std_atomic_radius, mean_Density, wtd_gmean_Density, wtd_entropy_Density, wtd_range_Density, std_Density, wtd_std_Density, mean_ElectronAffinity, entropy_ElectronAffinity, wtd_range_ElectronAffinity, std_ElectronAffinity, wtd_gmean_FusionHeat, entropy_FusionHeat, mean_ThermalConductivity, wtd_mean_ThermalConductivity, gmean_ThermalConductivity, wtd_gmean_ThermalConductivity, entropy_ThermalConductivity, wtd_entropy_ThermalConductivity, wtd_range_ThermalConductivity, mean_Valence, wtd_mean_Valence, entropy_Valence, range_Valence",1.0,1.0,1.0,1,1.0,582,582,0.49382716049382713,0.006963988749908306,1,1
"[-47.613398720368664,107.65126444386446], [0.07369960672587783,1.025922329612356], [-0.11230914313021312,1.3367613513336631], [49.127790466844395,107.71921646684439], [50.268138583969105,94.7168065839691], [877.2238550724624,1557.9941449275375], [883.5986281310702,1502.41462813107], [899.6569004678339,1461.391995420066], [0.13032290340876185,1.53692947798019], [505.905,1314.695], [392.69443478260825,918.4735652173916], [43.08333333333329,145.58333333333331], [23.590000000000003,143.59], [-26.01765974230883,113.27765974230883], [2916.4798283333303,9918.936838333331], [-0.43802619056864045,0.4414072670013245], [-0.3895362806353586,0.3940370805014316], [73.66933333333297,294.397333333333], [0.6460200419566035,1.2293715389638504], [151.68,347.12], [21.061694181424528,117.43493538045327], [-0.18498822863825404,0.391576143582132], [4.392379999999999,65.16362], [-27.214850000000002,44.657650000000004], [-0.9121679179569995,33.683282082043], [-85.6639691,170.7040855], [-0.6014618311080856,0.6076812859191575], [10.882977100000005,329.0638629], [15.6301296170857,144.6218196170857], [0.3989169379318698,4.47891693793187], [0.38816344139508,1.3092076740577538], [0.4110919999999998,2.3689080000000002]","wtd_gmean_atomic_mass, entropy_atomic_mass, wtd_entropy_atomic_mass, std_atomic_mass, wtd_std_atomic_mass, wtd_mean_fie, gmean_fie, wtd_gmean_fie, wtd_entropy_fie, range_fie, wtd_range_fie, mean_atomic_radius, wtd_mean_atomic_radius, wtd_range_atomic_radius, mean_Density, entropy_Density, wtd_entropy_Density, mean_ElectronAffinity, entropy_ElectronAffinity, range_ElectronAffinity, wtd_std_ElectronAffinity, wtd_entropy_FusionHeat, range_FusionHeat, wtd_range_FusionHeat, std_FusionHeat, wtd_mean_ThermalConductivity, entropy_ThermalConductivity, range_ThermalConductivity, std_ThermalConductivity, wtd_gmean_Valence, entropy_Valence, wtd_range_Valence",0.0,1.0,1.0,1,1.0,586,586,0.3950617283950617,0.006963988749908306,1,1
"[46.205930319130395,113.0497231591304], [51.91657929042985,198.55165460717217], [0.6502194965696678,1.9992016873255123], [0.33732767861082086,1.2772652966414433], [15.391017528707703,74.9926405287077], [593.2,827.5999999999999], [0.7507336821776269,1.9590885627229933], [-0.15566812648843292,1.006311217722747], [569.112898550724,994.7436231884059], [107.1725625938996,247.0807083860584], [-20.655917773625504,171.00900433321772], [99.75,282.25], [0.8421728765607945,1.8917336221736656], [41.0,169.0], [0.7029791705329984,74.622979170533], [-10.882579009780653,45.45903329483245], [2763.9683036150973,12929.159493546842], [0.2858409098189442,1.1034826779616818], [1425.3481391304304,10847.69533913043], [-67.65686956521742,101.13513043478261], [100.39500000000001,201.605], [0.7748367125652038,85.3127675889062], [-5.126980000000003,28.401980000000002], [-25.553725421350542,44.64753457864946], [1.58800532780789,15.01310532780789], [-16.331506860869993,252.24455033913], [0.6582160897819549,1.311806963850735], [-0.16012372401743058,0.9205785798031866], [72.5038745,201.4961255], [-40.0763806571076,87.9038905173636], [1.5921739130434798,3.21217391304348], [2.2641016151377498,4.66410161513775], [0.5769001739130397,2.81440417391304], [0.06264931103777993,2.22264931103778]","wtd_mean_atomic_mass, gmean_atomic_mass, entropy_atomic_mass, wtd_entropy_atomic_mass, std_atomic_mass, mean_fie, entropy_fie, wtd_entropy_fie, wtd_range_fie, std_fie, wtd_std_fie, mean_atomic_radius, entropy_atomic_radius, range_atomic_radius, std_atomic_radius, wtd_std_atomic_radius, wtd_gmean_Density, wtd_entropy_Density, wtd_range_Density, wtd_mean_ElectronAffinity, range_ElectronAffinity, wtd_std_ElectronAffinity, mean_FusionHeat, gmean_FusionHeat, std_FusionHeat, wtd_mean_ThermalConductivity, entropy_ThermalConductivity, wtd_entropy_ThermalConductivity, range_ThermalConductivity, wtd_std_ThermalConductivity, wtd_mean_Valence, gmean_Valence, wtd_range_Valence, wtd_std_Valence",0.0,1.0,1.0,1,1.0,606,606,0.41975308641975306,0.006963988749908306,1,1
"5.0, [5.189572022989509,107.0194854373939], [0.9384332777854425,1.9303319474588574], [-20.359411056250003,88.60324124375], [649.6600000000001,1071.58], [177.52409357226728,347.4125563198887], [134.47412379245444,441.1379991634036], [90.9,195.9], [69.979902176896,182.47990217689602], [0.655371887555037,1.987995619394703], [28.318659185906405,101.08365918590641], [-44.54266000000007,11701.51426], [2030.3876650000002,8129.301835], [-6599.400067156191,9212.59963284381], [-2238.9171806507657,3860.197533308282], [1.079903905885755,1.6661928775990649], [-3675.86395,7316.87445], [1165.7475056132803,4913.6830273915], [28.982,113.37800000000001], [-54.02370668266762,169.9502933173324], [-62.3947470121329,177.8092529878671], [0.9345630573444621,1.942170188538798], [0.9004748792861581,1.570634782458022], [62.48,188.12], [-34.48692899999999,103.291929], [12.70658676804607,69.71995264736313], [-27.809535867198797,40.296164132801216], [1.0326128195202888,1.5615594851466912], [0.707128484113719,1.4234660374784411], [-1.3390845050935187,19.831265494906482], [0.6295533890613267,19.75133184686507], [-47.52095609999999,119.3217461], [-62.4652228699872,83.74901852233441], [0.6099352853210385,1.8190784023482816], [0.6730351108909995,1.8762008399030015], [-29.78746543113641,105.65380906886361], [1.71,5.49], [2.41754385517496,4.4575438551749595], [0.7417181471729422,2.067540410477478], [-1.307231,3.6572310000000003], [0.6528767541638901,1.5828767541638902]","number_of_elements, gmean_atomic_mass, entropy_atomic_mass, wtd_range_atomic_mass, mean_fie, std_fie, wtd_std_fie, mean_atomic_radius, gmean_atomic_radius, wtd_entropy_atomic_radius, std_atomic_radius, mean_Density, wtd_mean_Density, gmean_Density, wtd_gmean_Density, entropy_Density, wtd_range_Density, wtd_std_Density, mean_ElectronAffinity, gmean_ElectronAffinity, wtd_gmean_ElectronAffinity, entropy_ElectronAffinity, wtd_entropy_ElectronAffinity, range_ElectronAffinity, wtd_range_ElectronAffinity, std_ElectronAffinity, gmean_FusionHeat, entropy_FusionHeat, wtd_entropy_FusionHeat, std_FusionHeat, wtd_std_FusionHeat, wtd_mean_ThermalConductivity, gmean_ThermalConductivity, entropy_ThermalConductivity, wtd_entropy_ThermalConductivity, std_ThermalConductivity, mean_Valence, gmean_Valence, wtd_entropy_Valence, wtd_range_Valence, wtd_std_Valence",0.0,1.0,1.0,1,2.0,956,619,0.5061728395061729,0.013927977499816613,2,2
"[60.118573999999995,177.301426], [59.648650219645454,177.77134978035454], [53.49884147102209,183.9211585289779], [-43.6742166,43.6742166], [-35.8619935,35.8619935], [-20.709038500000002,20.709038500000002], [445.672,970.7280000000001], [-312.9637681159425,312.9637681159425], [-82.44587162752215,82.44587162752215], [-86.24921494807944,86.24921494807944], [111.25,178.75], [52.5,237.5], [53.75,236.25], [-92.16,92.16], [-46.832047068104224,46.832047068104224], [-34.65,34.65], [-24.28517771750565,24.28517771750565], [3018.17151,11601.82849], [-1047.7712699999993,15667.77127], [3469.9429299999997,11150.05707], [-0.664460834608418,0.664460834608418], [-6776.5713,6776.5713], [-5272.0276,5272.0276], [-3175.334261506547,3175.334261506547], [42.25699999999999,175.34300000000002], [-0.6010288150983758,0.6010288150983758], [-0.5277509237478429,0.5277509237478429], [-43.11434474693391,43.11434474693391], [-0.297018009931714,0.297018009931714], [-13.34775,13.34775], [-13.166924999999999,13.166924999999999], [-9.044084405717989,9.044084405717989], [-47.7033299,181.7033299], [-17.232117323837457,151.23211732383746], [-0.45751361184814604,0.45751361184814604], [-90.2945757,90.2945757], [-146.5256,146.5256], [-48.37188375,48.37188375], [3.01,4.99], [2.5300000000000002,5.47]","mean_atomic_mass, gmean_atomic_mass, wtd_gmean_atomic_mass, range_atomic_mass, std_atomic_mass, wtd_std_atomic_mass, mean_fie, wtd_range_fie, std_fie, wtd_std_fie, wtd_mean_atomic_radius, gmean_atomic_radius, wtd_gmean_atomic_radius, range_atomic_radius, wtd_range_atomic_radius, std_atomic_radius, wtd_std_atomic_radius, mean_Density, wtd_mean_Density, gmean_Density, entropy_Density, range_Density, wtd_range_Density, wtd_std_Density, gmean_ElectronAffinity, entropy_ElectronAffinity, wtd_entropy_ElectronAffinity, wtd_std_ElectronAffinity, wtd_entropy_FusionHeat, wtd_range_FusionHeat, std_FusionHeat, wtd_std_FusionHeat, mean_ThermalConductivity, gmean_ThermalConductivity, entropy_ThermalConductivity, range_ThermalConductivity, wtd_range_ThermalConductivity, std_ThermalConductivity, gmean_Valence, wtd_gmean_Valence",0.0,1.0,1.0,1,1.0,620,620,0.49382716049382713,0.006963988749908306,1,1
"[135.7667318071733,215.19406427040872], [89.09680900150134,236.08069013030865], [13.048812799999993,146.15118719999998], [9.097412271316795,64.6582472713168], [21.0977655422428,58.4750545422428], [455.9459999999987,1126.9910000000011], [509.041265059213,921.585265059213], [0.6977131208350807,1.474512686899959], [275.0736159420287,588.0373840579713], [18.1437684591155,137.9343447758925], [79.333333333333,209.333333333333], [106.38881836401,168.88881836401], [-25.317974408500504,55.532025591499504], [-16.060092748018747,47.08136931749595], [4952.4929299999985,12632.60707], [733.4752509856207,16094.208604660258], [0.32976037473206266,1.7954828040153377], [0.4238073662123457,0.9518676748045304], [2301.0968000000003,8807.0032], [-206.0947959643977,5311.699166653538], [40.80199999999999,125.19800000000001], [-56.17666417828821,161.30533582171182], [-0.10806342677695185,0.9977004134566239], [127.375,214.625], [29.896467447562628,124.37575947614516], [-23.968480000000003,46.232780000000005], [-16.53995636529098,34.80126363470902], [-11.322830000000003,37.922830000000005], [-1.6055087821454395,13.884991217854559], [-0.8672912465485405,13.60324380260024], [-92.85169049999999,130.9616905], [-92.75695767196332,126.56440441651911], [-38.62032793004057,59.14225283758777], [0.049608742733338984,0.630284607472775], [-51.59431740000001,137.59431740000002], [-11.858908972927406,48.33721302707261], [-53.2490046418018,85.39628913054199], 3.0, [1.481677,4.488322999999999], [0.1374596766124201,1.8774596766124199]","gmean_atomic_mass, wtd_gmean_atomic_mass, range_atomic_mass, std_atomic_mass, wtd_std_atomic_mass, wtd_mean_fie, gmean_fie, entropy_fie, wtd_range_fie, wtd_std_fie, mean_atomic_radius, wtd_gmean_atomic_radius, std_atomic_radius, wtd_std_atomic_radius, wtd_mean_Density, wtd_gmean_Density, entropy_Density, wtd_entropy_Density, wtd_range_Density, wtd_std_Density, mean_ElectronAffinity, gmean_ElectronAffinity, wtd_entropy_ElectronAffinity, range_ElectronAffinity, std_ElectronAffinity, wtd_mean_FusionHeat, wtd_gmean_FusionHeat, range_FusionHeat, std_FusionHeat, wtd_std_FusionHeat, wtd_mean_ThermalConductivity, gmean_ThermalConductivity, wtd_gmean_ThermalConductivity, wtd_entropy_ThermalConductivity, range_ThermalConductivity, std_ThermalConductivity, wtd_std_ThermalConductivity, range_Valence, wtd_range_Valence, wtd_std_Valence",0.0,1.0,1.0,1,1.0,678,678,0.49382716049382713,0.006963988749908306,1,1
"2.0, [18.714367006666706,138.22296632666672], [51.67832780797239,103.43321552938343], [-44.09779101666671,73.0884576833333], [-8.095637000000002,34.332637], [-6.320404088005699,31.0568849119943], [402.038,861.462], [356.3464855072457,871.7868478260882], [296.6706732734781,962.366673273478], [-96.0975,308.2975], [-167.94898550724722,483.01565217391317], [-84.14942581886186,184.18146513071866], [74.25,251.75], [89.0,219.0], [108.24825037928099,213.248250379281], [0.2938118219817378,1.064917675901398], [7.920000000000002,100.08], [-9.89213997721108,64.55880664387769], [-8.805,62.805], [7.970516166111633,42.94117207931977], [-995.1046033333296,15720.437936666669], [1804.6076108565394,13776.55024085654], [-351.68959842192,14557.257480144639], [0.290448699735244,1.091056264375008], [84.17151000000013,8667.82849], [-7.944726581649512,102.41927341835051], [-74.4498209798621,156.0161790201379], [0.29501409927770694,1.082451985504647], [-2.9342996625644524,45.934299662564456], [-29.60698482302678,70.14777361105558], [-6.800603333333301,38.253936666666704], [-6.364271670839903,27.1646883291601], [0.12327883969846276,28.54754411481214], [40.7784554,127.2215446], [12.765322066666705,118.5680112666667], [-16.842380149999997,236.84238015], [-51.2808,105.2808], [-27.06666993724373,130.77566451127075], [2.52,6.48], [1.87,6.13], [2.6226406871192802,5.86264068711928], [2.12976314968462,5.42976314968462], 3.0, [0.975,2.025]","number_of_elements, wtd_mean_atomic_mass, wtd_gmean_atomic_mass, wtd_range_atomic_mass, std_atomic_mass, wtd_std_atomic_mass, mean_fie, wtd_mean_fie, gmean_fie, range_fie, wtd_range_fie, wtd_std_fie, mean_atomic_radius, wtd_mean_atomic_radius, gmean_atomic_radius, entropy_atomic_radius, range_atomic_radius, wtd_range_atomic_radius, std_atomic_radius, wtd_std_atomic_radius, wtd_mean_Density, gmean_Density, wtd_gmean_Density, wtd_entropy_Density, range_Density, gmean_ElectronAffinity, wtd_gmean_ElectronAffinity, wtd_entropy_ElectronAffinity, std_ElectronAffinity, wtd_std_ElectronAffinity, wtd_mean_FusionHeat, wtd_gmean_FusionHeat, wtd_std_FusionHeat, mean_ThermalConductivity, wtd_mean_ThermalConductivity, range_ThermalConductivity, wtd_range_ThermalConductivity, wtd_std_ThermalConductivity, mean_Valence, wtd_mean_Valence, gmean_Valence, wtd_gmean_Valence, range_Valence, std_Valence",0.0,1.0,1.0,1,1.0,698,698,0.5432098765432098,0.006963988749908306,1,1
"5.0, [-19.637210330523693,124.1782227494763], [1.7402244112317646,73.02116380131484], [-30.64248365117662,91.49905137135342], [39.5323214276568,70.8484284276568], [31.3935602414753,75.8422282414753], [466.6298570602465,1108.4989874950315], [1.155834344613142,2.018944973574118], [1.0409962786564495,1.6525643545570705], [114.30500000000006,923.095], [50.34999999999998,222.85000000000002], [40.401080631753985,215.401080631754], [44.655588033773,204.655588033773], [82.095897598456,152.09589759845602], [17.191769120017018,79.63449854415599], [41.6404498702464,71.6704498702464], [-3540.417203666715,12723.888700224075], [0.8861680645977786,2.0392030423006213], [-693.2855749999999,13989.285575], [-762.8758913628699,7065.91749363713], [17.840000000000003,147.68], [-35.3009709060681,198.41102909393192], [-26.692813175362517,158.3291868246375], [1.0584331007867243,1.8539124148875157], [13.775000000000006,240.625], [-19.730359557772204,93.9918724422278], [-15.295243590300629,106.87625472252162], [17.372729999999997,62.42727], [-5.852843584652707,61.20507641534731], [14.555037751131298,47.0362177511313], [0.7722991278006424,1.7488160489570777], [0.8295190880661332,1.475970050858687], [20.371118424500605,50.3194184245006], [24.332327933792484,40.35327745249292], [13.744295068578609,115.4776500685786], [-6.8535986316921935,110.75350857517519], [-70.60783432276551,162.51831981542512], [1.1095637406639578,1.6160966680672622], [0.604300015363387,1.668872434052353], [11.408167494880999,84.503458494881], [1.33369114783072,4.87369114783072], [0.9168099030094654,2.2448271687091346], [0.8895347886771392,1.8839014861555408], [-0.12166852264521189,1.6183314773547879]","number_of_elements, wtd_mean_atomic_mass, gmean_atomic_mass, wtd_gmean_atomic_mass, std_atomic_mass, wtd_std_atomic_mass, wtd_mean_fie, entropy_fie, wtd_entropy_fie, range_fie, mean_atomic_radius, wtd_mean_atomic_radius, gmean_atomic_radius, wtd_gmean_atomic_radius, wtd_range_atomic_radius, std_atomic_radius, wtd_gmean_Density, entropy_Density, range_Density, std_Density, mean_ElectronAffinity, wtd_mean_ElectronAffinity, wtd_gmean_ElectronAffinity, entropy_ElectronAffinity, range_ElectronAffinity, wtd_range_ElectronAffinity, std_ElectronAffinity, mean_FusionHeat, gmean_FusionHeat, wtd_gmean_FusionHeat, entropy_FusionHeat, wtd_entropy_FusionHeat, std_FusionHeat, wtd_std_FusionHeat, wtd_mean_ThermalConductivity, gmean_ThermalConductivity, wtd_gmean_ThermalConductivity, entropy_ThermalConductivity, wtd_entropy_ThermalConductivity, std_ThermalConductivity, gmean_Valence, entropy_Valence, wtd_entropy_Valence, std_Valence",0.0,1.0,1.0,1,1.75,986,720,0.5432098765432098,0.012186980312339536,4,4
"3.0, [37.7147673333333,154.8976193333333], [-12.997054798799304,131.60142224965492], [7.5252583072121695,79.98210111718763], [0.17638281805667377,1.4063371684517083], [129.4224126,208.45194740000002], [36.56326505,96.18433895], [51.901738568160894,107.46257356816089], [503.29177709101805,1150.235777091018], [589.5694344795537,1208.430132308284], [0.6033198291136532,1.5527415209707267], [0.4112389486140102,1.3285910624649417], [86.29492753623128,862.4450724637687], [66.24068246888724,277.07209678641476], [32.666126420078996,197.666126420079], [0.28351019664336174,1.5780589647161802], [26.405227764488302,94.5502277644883], [-845.6155018859799,15418.155618114019], [2457.070112841469,9233.864239462631], [0.338654208163115,1.433060288694627], [0.17221385596428773,1.2794370836575784], [3849.92068482839,7925.18299482839], [13.408221097665695,130.2642210976657], [-12.16605104364291,166.36394895635712], [0.394935625062193,0.897555552441091], [36.47273,81.52727], [35.1951232938804,67.6763032938804], [40.526104595757594,82.43730459575761], [0.5914293315730478,1.323817022440374], [13.1637869345812,51.890036934581204], [13.920341100000016,210.07965889999997], [0.5325108026017153,1.5292368855566048], [0.5895470247245134,1.1540930043322986], [-30.874744565213625,112.03655824627921], [3.19242414866094,6.672424148660939], [3.41442046661625,5.694420466616251], [0.35692108016460555,1.8134561457706946], [0.6194987156578717,1.3603993922104063], [-0.07167504192891994,1.39832495807108]","number_of_elements, mean_atomic_mass, gmean_atomic_mass, wtd_gmean_atomic_mass, entropy_atomic_mass, range_atomic_mass, wtd_range_atomic_mass, wtd_std_atomic_mass, gmean_fie, wtd_gmean_fie, entropy_fie, wtd_entropy_fie, wtd_range_fie, wtd_std_fie, wtd_gmean_atomic_radius, wtd_entropy_atomic_radius, std_atomic_radius, gmean_Density, wtd_gmean_Density, entropy_Density, wtd_entropy_Density, std_Density, gmean_ElectronAffinity, wtd_gmean_ElectronAffinity, wtd_entropy_ElectronAffinity, mean_FusionHeat, gmean_FusionHeat, wtd_gmean_FusionHeat, entropy_FusionHeat, std_FusionHeat, mean_ThermalConductivity, entropy_ThermalConductivity, wtd_entropy_ThermalConductivity, wtd_std_ThermalConductivity, gmean_Valence, wtd_gmean_Valence, entropy_Valence, wtd_entropy_Valence, wtd_std_Valence",0.0,1.0,1.0,1,1.0,764,733,0.48148148148148145,0.006963988749908306,2,2
"[24.355093667136707,93.59943478893169], [-23.656210612560898,96.4151289011127], [0.6073238094496243,1.2339488881367058], [-7.143691750000006,64.81277675000001], [638.082666666667,1041.250666666667], [528.0767753623176,1247.7482246376826], [704.3725125313169,938.772512531317], [736.1565170439991,993.221729988241], [0.4183114135711259,1.734555122736614], [0.3782976136028132,1.4179633426338687], [24.22750000000002,819.9725000000001], [34.37815739789909,324.1878879673709], [100.625,163.125], [0.6395786867602316,1.3249280345634884], [9.297061530370677,90.95293846962932], [6864.2667266667,13189.0666066667], [2905.5332620238705,11489.19024202387], [-2923.908557628759,12662.717933599917], [0.525166835213547,1.150541738374411], [0.8073088693920888,1.2331639569664312], [13262.885785,20717.114215], [-1393.5448000000001,5561.0448], [4652.8380888479605,9371.56286884796], [65.502,149.89800000000002], [19.936499999999995,221.1885], [0.5743827641410252,1.5289579410619751], [40.73049999999999,93.1195], [0.149861732176937,1.675669421483867], [17.3225,78.9275], [18.3097444843748,51.8724944843748], [0.515969470386485,1.496355781489655], [0.369578132840938,1.466410321793206], [-94.76839999999999,194.26839999999999], [-16.318685771406173,107.39557636391598], [3.32,6.68], [3.455,5.795], [4.09242414866094,5.77242414866094], [3.4952270750031795,5.65522707500318], [0.6353763132951814,1.5350009126401187], 2.0, [0.050970545353753005,1.340970545353753]","gmean_atomic_mass, wtd_gmean_atomic_mass, wtd_entropy_atomic_mass, wtd_range_atomic_mass, mean_fie, wtd_mean_fie, gmean_fie, wtd_gmean_fie, entropy_fie, wtd_entropy_fie, range_fie, std_fie, wtd_mean_atomic_radius, wtd_entropy_atomic_radius, wtd_range_atomic_radius, mean_Density, gmean_Density, wtd_gmean_Density, entropy_Density, wtd_entropy_Density, range_Density, wtd_range_Density, std_Density, mean_ElectronAffinity, wtd_mean_ElectronAffinity, entropy_ElectronAffinity, wtd_mean_FusionHeat, entropy_FusionHeat, wtd_range_FusionHeat, std_FusionHeat, entropy_ThermalConductivity, wtd_entropy_ThermalConductivity, wtd_range_ThermalConductivity, wtd_std_ThermalConductivity, mean_Valence, wtd_mean_Valence, gmean_Valence, wtd_gmean_Valence, entropy_Valence, range_Valence, wtd_std_Valence",0.0,1.0,1.0,1,1.0,740,740,0.5061728395061729,0.006963988749908306,1,1
"2.0, [15.342467999999997,128.484532], [10.58350488,87.55514511999999], [-0.45202543263184225,136.00005854267005], [-2.218622,50.311622], [361.8536594202888,955.0963405797113], [478.956242194114,863.3722421941139], [-207.81,261.81], [173.56717391304284,1074.9028260869572], [144.25,221.75], [120.087098756041,232.587098756041], [0.15692524221251147,1.2279055948787065], [-52.56,80.56], [94.80069681830119,238.8993031816988], [-24.527946189816777,28.899444788695657], [2966.70133617251,10646.81547617251], [-1272.349089314118,10474.094063495897], [-2.571000000000005,85.071], [-111.01750000000001,132.4325], [-22.845464794274204,74.5345352057258], [0.22350412106733156,0.6926160532876364], [-66.575,195.175], [14.25275,40.447250000000004], [0.23538254229870004,1.0491466432623962], [-0.2994993024554231,0.6789129655549291], [0.5355199999999982,34.06448], [-13.319987884393123,18.721911153007746], [17.330050200000002,143.66994979999998], [-40.233799999999995,76.18379999999999], [2.7689794855663603,7.02897948556636], [0.3624269839020763,0.9835963501164376], [2.631248,4.868752000000001], [-0.51275010008008,1.13724989991992]","number_of_elements, mean_atomic_mass, wtd_mean_atomic_mass, gmean_atomic_mass, std_atomic_mass, wtd_mean_fie, gmean_fie, range_fie, wtd_range_fie, mean_atomic_radius, wtd_gmean_atomic_radius, entropy_atomic_radius, range_atomic_radius, wtd_range_atomic_radius, wtd_std_atomic_radius, gmean_Density, wtd_gmean_Density, mean_ElectronAffinity, wtd_mean_ElectronAffinity, gmean_ElectronAffinity, wtd_entropy_ElectronAffinity, range_ElectronAffinity, mean_FusionHeat, entropy_FusionHeat, wtd_entropy_FusionHeat, range_FusionHeat, wtd_std_FusionHeat, mean_ThermalConductivity, wtd_range_ThermalConductivity, gmean_Valence, entropy_Valence, wtd_range_Valence, wtd_std_Valence",0.0,1.0,1.0,1,1.5,935,752,0.4074074074074074,0.01044598312486246,4,4
"4.0, [57.674569,154.653481], [18.6714287759322,154.3845839359322], [0.7582630550948326,1.7501617247682475], [0.8204003037262944,1.7407558880479457], [75.74793899999999,221.328661], [-45.07607742457631,96.78096047542371], [530.44542986981,1036.16050233358], [378.955746562233,904.011746562233], [442.555856335719,1080.458421789949], [1.0175045806665641,1.664837552387296], [133.75,206.25], [60.741525423729,225.741525423729], [73.67999999999999,250.32], [-35.572158799698876,110.92809100308867], [26.23018883900358,65.08647318701261], [3469.292915,9568.207085], [-1176.3599027118607,14183.868377288141], [-524.0482947760102,10770.23720522399], [0.7197653446395035,1.6773706651045766], [0.7490418282555549,1.5326151893923452], [6026.17151,14609.82849], [-210.54864436498792,5723.682598450528], [55.8059322033898,136.9559322033898], [-36.73411257836762,145.04188742163242], [0.16196439715685446,0.9158942882252015], [50.170000000000016,308.43], [36.979747796610205,124.4583877966102], [57.516865027642055,115.00265802355393], [-6.295894432950761,19.89860556704924], [0.5884955368192667,1.7481093806925334], [0.5942232540788621,1.240674216871416], [-7.77393,30.99393], [-16.7278093220339,26.3956906779661], [-2.7742812373056607,11.696253811843121], [-45.63398430169489,125.2780520983051], [-64.44774808553392,100.83791609709051], [0.48575156396053853,1.6948946809877816], [0.5149096622872349,1.095585527026671], [-74.16083034999998,231.12083035], [-95.8786033898305,153.0141966101695], [-28.2425427933602,85.7001167066398], [3.3311099863406,67.32124557357619], [0.30501888427744295,1.591846375131845]","number_of_elements, mean_atomic_mass, wtd_mean_atomic_mass, entropy_atomic_mass, wtd_entropy_atomic_mass, range_atomic_mass, wtd_range_atomic_mass, wtd_mean_fie, gmean_fie, wtd_gmean_fie, entropy_fie, mean_atomic_radius, wtd_mean_atomic_radius, range_atomic_radius, wtd_range_atomic_radius, wtd_std_atomic_radius, mean_Density, wtd_mean_Density, gmean_Density, entropy_Density, wtd_entropy_Density, range_Density, wtd_std_Density, wtd_mean_ElectronAffinity, wtd_gmean_ElectronAffinity, wtd_entropy_ElectronAffinity, range_ElectronAffinity, wtd_range_ElectronAffinity, wtd_std_ElectronAffinity, wtd_gmean_FusionHeat, entropy_FusionHeat, wtd_entropy_FusionHeat, range_FusionHeat, wtd_range_FusionHeat, wtd_std_FusionHeat, wtd_mean_ThermalConductivity, gmean_ThermalConductivity, entropy_ThermalConductivity, wtd_entropy_ThermalConductivity, range_ThermalConductivity, wtd_range_ThermalConductivity, std_ThermalConductivity, wtd_std_ThermalConductivity, wtd_entropy_Valence",0.0,1.0,1.0,1,1.0,762,762,0.5432098765432098,0.006963988749908306,1,1
"[0.5302285333332932,127.8150505333333], [0.3897143653432298,1.5998307423447962], [-1.6662081000000057,133.51589090000002], [4.335578272557498,50.8046402725575], [14.6473420259075,40.912464025907504], [352.83733333333305,981.029333333333], [344.04094566189644,943.8597758651275], [-58.5325,424.13250000000005], [105.6225,250.6225], [26.240000000000002,133.76], [11.612352422519688,57.26848653143031], [-1688.163347029319,11639.09354297068], [0.43468429023246713,1.568176302211533], [-0.13675077305413808,0.8682672336213101], [837.9782999999998,11830.7167], [1183.5464667707024,3786.279468005577], [24.47974999999999,131.59775], [22.260840961390095,132.6248409613901], [0.40610679128479554,1.6435190576638046], [0.04809525843265949,0.9695651252939725], [-4.666170000000001,50.866170000000004], [-13.528050000000007,59.81655000000001], [-15.482916716540402,58.9094632834596], [0.5250521507495924,1.5015690719060277], [0.224720372470727,0.6789832111898191], [-15.048410000000004,57.24841000000001], [1.0620000000000012,38.025000000000006], [-9.327832780718559,27.333017219281437], [0.16189462490440487,13.598820027685417], [1.6300034333330018,231.036663233333], [-21.52519752783637,204.15330549074696], [-0.6069000000000031,107.78190000000001], [3.04,4.96], [3.40276887719496,5.442768877194959], [-0.144604382552169,1.835395617447831]","mean_atomic_mass, entropy_atomic_mass, range_atomic_mass, std_atomic_mass, wtd_std_atomic_mass, mean_fie, wtd_gmean_fie, range_fie, wtd_mean_atomic_radius, range_atomic_radius, wtd_std_atomic_radius, gmean_Density, entropy_Density, wtd_entropy_Density, wtd_range_Density, wtd_std_Density, wtd_mean_ElectronAffinity, gmean_ElectronAffinity, entropy_ElectronAffinity, wtd_entropy_ElectronAffinity, mean_FusionHeat, wtd_mean_FusionHeat, wtd_gmean_FusionHeat, entropy_FusionHeat, wtd_entropy_FusionHeat, range_FusionHeat, wtd_range_FusionHeat, std_FusionHeat, wtd_std_FusionHeat, mean_ThermalConductivity, gmean_ThermalConductivity, wtd_range_ThermalConductivity, mean_Valence, wtd_gmean_Valence, wtd_std_Valence",0.0,1.0,1.0,1,1.0,909,765,0.43209876543209874,0.006963988749908306,3,3
"[61.61941155403225,143.08334228555577], [27.824338600962122,176.8784152386259], [0.6981917381408196,1.4618910527907003], [-5.432839600000001,102.7128396], [-51.63133696666671,84.0580036333333], [0.7185468956620973,39.106032895662096], [-10.898718604337901,50.7232983956621], [739.702666666667,1002.230666666667], [545.700731294886,1192.644731294886], [669.2331212271413,1069.1123413626287], [0.7405192435067974,1.4525855123996028], [-398.7752173913051,490.04188405797163], [-75.86314456166212,187.67612333524733], [72.63716772814999,185.13716772815], [32.72,99.28], [-4.707490965249704,59.9725090347503], [352.7144250000001,15035.285575], [685.9506073307648,13561.859447910974], [3363.9429299999997,11044.05707], [1292.40775756819,4938.6950875681905], [102.356,193.24400000000003], [10.780410405815985,244.492410405816], [65.96241040581599,189.31041040581601], [0.6025077929356268,1.362632470854161], [-8.667632999999995,102.867633], [33.742814600333304,97.27199372300089], [-18.2334,44.633399999999995], [0.699679911866494,1.293715931729922], [-11.998940000000003,36.19894], [-4.285555732327579,15.33574426767242], [-0.36181838175642755,0.7819656478639376], [0.4078253350544969,64.9036703350545], [3.68333333333333,6.983333333333331], [0.7799860435502362,1.3844050165273039], 2.0, [-0.09219095841793712,1.9778090415820633]","gmean_atomic_mass, wtd_gmean_atomic_mass, wtd_entropy_atomic_mass, range_atomic_mass, wtd_range_atomic_mass, std_atomic_mass, wtd_std_atomic_mass, mean_fie, gmean_fie, wtd_gmean_fie, entropy_fie, wtd_range_fie, wtd_std_fie, wtd_gmean_atomic_radius, range_atomic_radius, std_atomic_radius, mean_Density, wtd_gmean_Density, range_Density, std_Density, mean_ElectronAffinity, gmean_ElectronAffinity, wtd_gmean_ElectronAffinity, entropy_ElectronAffinity, wtd_range_ElectronAffinity, std_ElectronAffinity, mean_FusionHeat, wtd_entropy_FusionHeat, range_FusionHeat, std_FusionHeat, entropy_ThermalConductivity, std_ThermalConductivity, wtd_mean_Valence, wtd_entropy_Valence, range_Valence, std_Valence",0.0,1.0,1.0,1,1.0,767,767,0.4444444444444444,0.006963988749908306,1,1
"[82.135574,199.318426], [41.4611993,152.8675207], [51.86241650199192,138.81062787396246], [0.2430933274405151,1.0167742897857788], [-2.7594562499999995,151.43297625], [396.99788405797005,941.61411594203], [533.8220511037421,936.990051103742], [-0.1859062511327514,0.7110602601881594], [-61.66500000000002,381.865], [-97.33354198648705,257.43354198648706], [-141.6642211124701,217.70750783786093], [128.0,263.0], [167.24,242.24], [0.24189243997261312,1.1415159362122167], [-55.8,97.8], [127.3022008940309,237.77779910596908], [-28.770000000000003,49.77], [-12.498104280048137,22.472551633159995], [7158.3126138098005,17097.2838538098], [464.68266408750605,13566.484642221754], [-0.2012627213896504,1.2644597078936246], [4125.1033075,11953.8966925], [2413.0751076828174,5224.026749016482], [-15.788000000000025,165.988], [-26.430528892530106,161.8374711074699], [-21.50762748214541,111.5783725178546], [2.3643637495038448,62.635636250496155], [-3.5467200000000005,46.74672], [0.017014139044597698,42.9759941390446], [-3.0972500000000007,23.097250000000003], [4.5322499999999994,31.22775], [-93.53188812285971,143.3543652756243], [0.30850255137938426,0.7169968476723718], [-26.294575699999996,154.2945757], [-57.32299579412518,87.72131153694218], [3.86,6.140000000000001], [2.56,5.68], [2.6789794855663605,7.11897948556636], [-0.11951476574699726,1.4655380997655112], [-0.025276241080142536,0.6181375043470585], [0.9876909999999994,5.812309000000001], [0.009973683481517004,0.9399736834815169]","mean_atomic_mass, wtd_mean_atomic_mass, wtd_gmean_atomic_mass, entropy_atomic_mass, wtd_range_atomic_mass, wtd_mean_fie, gmean_fie, wtd_entropy_fie, range_fie, std_fie, wtd_std_fie, mean_atomic_radius, wtd_mean_atomic_radius, entropy_atomic_radius, range_atomic_radius, wtd_range_atomic_radius, std_atomic_radius, wtd_std_atomic_radius, gmean_Density, wtd_gmean_Density, entropy_Density, std_Density, wtd_std_Density, mean_ElectronAffinity, gmean_ElectronAffinity, wtd_gmean_ElectronAffinity, std_ElectronAffinity, wtd_mean_FusionHeat, wtd_gmean_FusionHeat, range_FusionHeat, wtd_range_FusionHeat, wtd_gmean_ThermalConductivity, entropy_ThermalConductivity, range_ThermalConductivity, wtd_std_ThermalConductivity, mean_Valence, wtd_mean_Valence, gmean_Valence, entropy_Valence, wtd_entropy_Valence, wtd_range_Valence, wtd_std_Valence",0.0,1.0,1.0,1,1.0,774,774,0.5185185185185185,0.006963988749908306,1,1
"[55.11914900000001,121.792151], [1.1515729903875993,90.2766301103876], [-39.12373117396436,105.78995444598655], [1.1087177915704054,1.7038569933744545], [93.25778980000001,247.15741020000002], [-30.211982000000006,52.023982000000004], [679.1200000000001,913.52], [705.5253603477087,1191.0929847979432], [0.909866234569328,2.204532178010792], [444.4975,1083.7025], [100.28920768426258,440.0661331795054], [95.952926654008,190.952926654008], [1.1427629688875318,1.8924492157538682], [94.2,247.8], [-12.19082221909678,74.26834159894179], [42.50973972373913,99.82275913705246], [3124.8573100000003,11708.51429], [-362.40502209301985,6414.166277906979], [0.8443069899333006,1.3719670644752795], [-1981.9361472868204,5870.019852713181], [2286.154067996143,6138.198909823757], [9.646999999999998,116.76500000000001], [0.4248146422930662,1.0279585551477437], [90.6,181.34], [33.71565632869277,79.32634903214642], [-4.955223210441488,111.7071213989091], [-11.478430000000005,37.767230000000005], [-14.310006046511631,25.50563395348837], [-21.09862797104759,33.38593202895241], [-35.29708450525081,38.047515494749206], [0.585651947297157,1.908018611363163], [2.3923799999999993,63.163619999999995], [-19.86383333333333,25.31316666666667], [0.5426184588053005,21.1966184588053], [-3.533983905921377,16.621404198250136], [-76.51249795145547,101.48744809137087], [-45.790787265307266,48.21169424202767], [0.1986035062252005,1.2116693610318094], [243.03284794999996,556.9139920499999], [-61.72531178294581,235.3402882170542], [103.90084831057496,219.08309236759905], [0.9085714285714299,3.8485714285714296], [-0.11566128955366972,4.32433871044633], [0.812744035660732,2.097922034724928], [0.7357251426491822,1.9445630886033176], 5.0, [0.08721531007751993,1.83526531007752], [1.0990719429665299,2.77907194296653], [-0.08586201579522801,1.414137984204772]","mean_atomic_mass, wtd_mean_atomic_mass, wtd_gmean_atomic_mass, entropy_atomic_mass, range_atomic_mass, wtd_range_atomic_mass, mean_fie, wtd_gmean_fie, entropy_fie, range_fie, std_fie, gmean_atomic_radius, entropy_atomic_radius, range_atomic_radius, wtd_range_atomic_radius, wtd_std_atomic_radius, mean_Density, wtd_mean_Density, entropy_Density, wtd_range_Density, wtd_std_Density, mean_ElectronAffinity, wtd_entropy_ElectronAffinity, range_ElectronAffinity, std_ElectronAffinity, wtd_std_ElectronAffinity, mean_FusionHeat, wtd_mean_FusionHeat, gmean_FusionHeat, wtd_gmean_FusionHeat, entropy_FusionHeat, range_FusionHeat, wtd_range_FusionHeat, std_FusionHeat, wtd_std_FusionHeat, gmean_ThermalConductivity, wtd_gmean_ThermalConductivity, entropy_ThermalConductivity, range_ThermalConductivity, wtd_range_ThermalConductivity, wtd_std_ThermalConductivity, wtd_mean_Valence, wtd_gmean_Valence, entropy_Valence, wtd_entropy_Valence, range_Valence, wtd_range_Valence, std_Valence, wtd_std_Valence",0.0,1.0,1.0,2,2.0,903,780,0.6049382716049383,0.027855954999633226,1,1
"[-23.0516419,124.81493014], [-0.3116889145092511,0.41284633272268695], [8.864543879999992,91.10050788000001], [-35.266435013630385,36.45755198636961], [343.5603695652163,956.2536304347838], [-0.00824372500630588,1.39431104705528], [-437.2749999999999,475.87500000000017], [-86.7247007207992,90.56535222803078], [95.0,260.0], [92.77868499999931,12064.721315], [-3183.5903043799,11724.866555620101], [-2065.764147382085,14198.541756508705], [-0.30116220252166886,0.3631717340943054], [-2405.518565,5530.518565], [-3280.8379676083086,3902.7051157999467], [-10.080866344868404,113.2671336551316], [-0.4861078493088774,0.5358860030282152], [-21.880361,124.64636100000001], [0.01606999999999914,38.78393], [-10.273070000000004,55.73707], [-19.668121781898698,57.8675982181013], [-0.06484979899843157,1.4202696852603136], [-0.17650000000000077,45.0005], [-9.766924999999999,16.566924999999998], [-105.4726957,167.1726957], [-60.37177463999211,104.91388954263232], [-43.30061375540499,46.28557606672485], [3.9300000000000006,6.03], [2.40298334620742,5.34298334620742], [-0.013155211350720952,1.336281687666685], 2.0, [2.5776129999999995,7.262387], [0.55,1.45], [-0.20600251257867602,0.6039974874213241]","wtd_mean_atomic_mass, wtd_entropy_atomic_mass, wtd_range_atomic_mass, wtd_std_atomic_mass, wtd_mean_fie, entropy_fie, range_fie, wtd_std_fie, mean_atomic_radius, wtd_mean_Density, gmean_Density, wtd_gmean_Density, wtd_entropy_Density, std_Density, wtd_std_Density, wtd_gmean_ElectronAffinity, wtd_entropy_ElectronAffinity, wtd_range_ElectronAffinity, mean_FusionHeat, wtd_mean_FusionHeat, gmean_FusionHeat, entropy_FusionHeat, wtd_range_FusionHeat, std_FusionHeat, wtd_mean_ThermalConductivity, gmean_ThermalConductivity, wtd_std_ThermalConductivity, wtd_mean_Valence, gmean_Valence, entropy_Valence, range_Valence, wtd_range_Valence, std_Valence, wtd_std_Valence",0.0,1.0,1.0,1,1.0,781,781,0.41975308641975306,0.006963988749908306,1,1
"[-4.884721333333289,144.6244346666667], [2.7402610199999984,108.06987398000001], [1.286847868122571,90.89717167279844], [-41.59555341410579,107.45852322355799], [0.5449710606210433,1.0409203954577508], [-41.17955190000001,98.62158690000001], [25.069128959996796,78.6095699599968], [0.6363318810408896,1.1867431493514484], [88.02499999999998,1001.1750000000001], [75.75,198.25], [0.7048999092597439,1.466399184596696], [69.12,186.88], [-18.373008151459445,48.873008151459445], [36.1927178562449,69.6877178562449], [-2673.6712850000004,12460.671285], [-99.39580553132964,10065.46114446867], [-3591.0813833437387,11769.651970330899], [0.5942586734494706,1.3564343366767735], [0.5153578536094817,1.6055468777997985], [887.9143949999998,12408.085605], [474.81581617715983,4979.05310617716], [46.082333333333,166.184333333333], [24.16440514385519,166.9884051438552], [26.77592321050699,189.075923210507], [0.6624573843923304,1.3518727899463499], [0.26849632503033494,1.4412761555810971], [-9.085668131408418,95.74136615525441], [2.0598423842986975,42.9232623842987], [8.509314700000004,183.4906853], [-17.04134695000002,271.04134695000005], [-1.494799999999998,134.9948], [-8.862794268004926,112.71846334774273], [1.0499999999999998,4.95], [1.7144991406148202,4.05449914061482], [2.0801691601465704,4.18016916014657], [-0.7375040000000004,3.7375040000000004], [0.12649658092772598,1.5064965809277262], [-0.26584380241115,1.92415619758885]","mean_atomic_mass, wtd_mean_atomic_mass, gmean_atomic_mass, wtd_gmean_atomic_mass, entropy_atomic_mass, wtd_range_atomic_mass, wtd_std_atomic_mass, wtd_entropy_fie, range_fie, mean_atomic_radius, wtd_entropy_atomic_radius, range_atomic_radius, wtd_range_atomic_radius, std_atomic_radius, wtd_mean_Density, gmean_Density, wtd_gmean_Density, entropy_Density, wtd_entropy_Density, range_Density, std_Density, mean_ElectronAffinity, gmean_ElectronAffinity, wtd_gmean_ElectronAffinity, entropy_ElectronAffinity, wtd_entropy_ElectronAffinity, wtd_std_ElectronAffinity, gmean_FusionHeat, wtd_mean_ThermalConductivity, range_ThermalConductivity, wtd_range_ThermalConductivity, wtd_std_ThermalConductivity, mean_Valence, gmean_Valence, wtd_gmean_Valence, wtd_range_Valence, std_Valence, wtd_std_Valence",0.0,1.0,1.0,1,1.5,958,789,0.4691358024691358,0.01044598312486246,2,2
"[9.35675985249999,143.04434553250002], [-28.755515747418066,85.29398727671486], [-2.077453286806488,136.6256458065751], [0.21374835009479187,1.28499891334208], [18.169655224999993,120.964610225], [14.347398739505298,57.7858697395053], [7.2822887561728,50.7207597561728], [417.47568840579623,874.5643115942037], [494.58904389441506,907.1330438944151], [-43.660000000000025,686.8600000000001], [63.44399851018305,208.34886379491894], [82.25562713647106,211.94437286352894], [1783.5358150000002,12400.164185000001], [-1133.7653383997108,8127.54877160029], [1865.4572349999999,11578.542765], [571.5183999999999,12237.281599999998], [1208.492650847235,3915.334972131505], [-1.077333333333307,89.81066666666672], [-85.92400194061211,121.81999805938791], [-8.830285532151095,150.2237144678489], [0.10843925863938486,1.275142252653879], [0.09214577221038289,0.7120436826443571], [-23.835000000000008,196.035], [-25.12013849051941,95.42240651146521], [-21.52230000000001,51.822300000000006], [-0.006635835707700988,0.762116660586147], [-1.581710000000001,39.281710000000004], [-0.7221808898518809,17.35006911014812], [0.5047040877572571,1.419731311453549], [77.8061992,284.1938008], [30.720958081036194,123.16500258103619], [34.8961140266604,120.2162948096412], [2.4774999999999996,6.4975000000000005], [1.93723250595386,4.27723250595386], [3.0583116964159096,5.69831169641591], [0.1981724659486272,0.7440992802504949], [0.40721912892464984,2.08721912892465], [-0.15566015967083302,1.944339840329167]","wtd_mean_atomic_mass, gmean_atomic_mass, wtd_gmean_atomic_mass, entropy_atomic_mass, wtd_range_atomic_mass, std_atomic_mass, wtd_std_atomic_mass, wtd_mean_fie, gmean_fie, range_fie, std_fie, wtd_range_atomic_radius, wtd_mean_Density, gmean_Density, range_Density, wtd_range_Density, wtd_std_Density, mean_ElectronAffinity, gmean_ElectronAffinity, wtd_gmean_ElectronAffinity, entropy_ElectronAffinity, wtd_entropy_ElectronAffinity, range_ElectronAffinity, std_ElectronAffinity, mean_FusionHeat, wtd_entropy_FusionHeat, range_FusionHeat, std_FusionHeat, entropy_ThermalConductivity, range_ThermalConductivity, std_ThermalConductivity, wtd_std_ThermalConductivity, wtd_mean_Valence, gmean_Valence, wtd_gmean_Valence, wtd_entropy_Valence, std_Valence, wtd_std_Valence",0.0,1.0,1.0,1,1.0,800,800,0.4691358024691358,0.006963988749908306,1,1
"3.0, [51.069657956666695,109.81117287666669], [0.8275460231791764,1.323495358015884], [-17.382790400000005,82.4439904], [3.499456283333295,108.3503103833333], [-7.450567193272601,38.0082978067274], [-2.9331366027269006,33.433955397273095], [501.083124863198,932.3791248631981], [0.44953281859248806,1.7441987620339519], [0.22535299054136138,1.4892603474026447], [-227.725,424.525], [-40.92144927536299,797.821449275363], [-56.477998492530084,144.77016971965529], [120.25,255.25], [0.25575230587304404,1.207626400044234], [5.906446678974866,45.734138135684134], [3475.6762783333297,12736.990388333332], [-1018.6054736902051,15471.593567754626], [0.795415232194735,1.381704203908045], [0.30759247078774943,1.4999867159959086], [-2458.8898666666705,9655.55653333333], [-2893.5646914222402,5149.716183577761], [-47.958333333333314,195.4916666666667], [-15.128617979958207,117.9573820200418], [0.39312515950000404,1.6161669827886558], [-17.1432723333333,55.0266056666667], [-12.3656421811612,48.4055978188388], [0.5632889088577976,1.6211822401106026], [0.23184573204998105,1.280144590632501], [-27.68118,37.28118], [-8.4817083333333,33.6150416666667], [-13.447388766666691,156.1140554333333], [0.5522397007379094,1.4393833829787146], [-2.1738828960085996,70.92140810399141], [-24.414877681032564,95.03337541514057], [3.05333333333333,4.61333333333333], 2.0","number_of_elements, wtd_mean_atomic_mass, entropy_atomic_mass, range_atomic_mass, wtd_range_atomic_mass, std_atomic_mass, wtd_std_atomic_mass, gmean_fie, entropy_fie, wtd_entropy_fie, range_fie, wtd_range_fie, wtd_std_fie, wtd_mean_atomic_radius, wtd_entropy_atomic_radius, wtd_std_atomic_radius, mean_Density, wtd_gmean_Density, entropy_Density, wtd_entropy_Density, wtd_range_Density, std_Density, mean_ElectronAffinity, wtd_gmean_ElectronAffinity, wtd_entropy_ElectronAffinity, wtd_range_ElectronAffinity, gmean_FusionHeat, entropy_FusionHeat, wtd_entropy_FusionHeat, range_FusionHeat, wtd_range_FusionHeat, mean_ThermalConductivity, wtd_entropy_ThermalConductivity, std_ThermalConductivity, wtd_std_ThermalConductivity, wtd_mean_Valence, range_Valence",0.0,1.0,1.0,1,1.0,809,809,0.4567901234567901,0.006963988749908306,1,1
"[0.28255014724985206,1.516218270915044], [24.6098997,151.4731003], [593.4333333333329,827.833333333333], [461.96222826086876,899.6002717391312], [447.013296884419,972.069296884419], [404.1201850536918,956.3343461931743], [0.7949854095049784,1.3991628497776616], [0.43733878229750844,1.1712204733782534], [1.8658514492747145,815.5716485507253], [-53.00579412958515,131.87282709576755], [133.5,228.5], [94.529416523852,272.029416523852], [0.8098759051502894,1.366785688536711], [0.4699883747036767,0.9840003855561194], [58.78062713647107,188.46937286352892], [-12.068564673475901,63.0064353265241], [5647.962003333299,16038.7046633333], [741.0572950000005,16778.942705], [0.47272424861604556,1.5866732948713347], [3805.8001050000003,14874.199895], [-420.77760000000035,10123.277600000001], [1188.82660264177,7087.232577641771], [-1640.5200430460395,5855.3510005104], [-5.373941526750514,140.6960584732495], [5.7703581012352885,168.07035810123529], [0.7065952735258635,1.2899467705331107], [-2.2250000000000085,154.825], [12.267464000000004,104.120036], [-46.121522311520245,80.68537400299124], [-2.5773150592295018,40.381664940770506], [0.634495059109553,1.2448181348323248], [0.0058573228544359646,1.17645771493825], [-14.640874999999998,47.990875], [-1.5833209137694002,25.783229086230598], [2.6634900947178437,111.70636864322636], [-103.09302590000001,129.09302590000001], [-62.78309999999999,129.9081], [2.6566666666666694,6.676666666666669], 1.0, [2.181053,4.068947], [-0.09859547920896805,1.041404520791032], [-0.04698729810778096,0.913012701892219]","wtd_entropy_atomic_mass, range_atomic_mass, mean_fie, wtd_mean_fie, gmean_fie, wtd_gmean_fie, entropy_fie, wtd_entropy_fie, wtd_range_fie, std_fie, mean_atomic_radius, wtd_gmean_atomic_radius, entropy_atomic_radius, wtd_entropy_atomic_radius, wtd_range_atomic_radius, std_atomic_radius, mean_Density, wtd_mean_Density, entropy_Density, range_Density, wtd_range_Density, std_Density, wtd_std_Density, gmean_ElectronAffinity, wtd_gmean_ElectronAffinity, entropy_ElectronAffinity, range_ElectronAffinity, wtd_range_ElectronAffinity, wtd_std_ElectronAffinity, gmean_FusionHeat, entropy_FusionHeat, wtd_entropy_FusionHeat, wtd_range_FusionHeat, std_FusionHeat, wtd_gmean_ThermalConductivity, range_ThermalConductivity, wtd_range_ThermalConductivity, mean_Valence, range_Valence, wtd_range_Valence, std_Valence, wtd_std_Valence",0.0,1.0,1.0,1,1.0,819,819,0.5185185185185185,0.006963988749908306,1,1
"[45.450149999999994,146.46985], [32.82545368306928,159.09454631693072], [-0.38684048117263187,0.38684048117263187], [-0.6070430449781103,0.6070430449781103], [-33.2755936,33.2755936], [431.64799999999997,937.952], [408.20799999999997,961.3919999999999], [-0.3668220173084148,0.3668220173084148], [-142.40650553844736,142.40650553844736], [127.5,252.5], [141.25,238.75], [103.74999999999999,276.25], [-0.27604348730964506,0.27604348730964506], [-18.48,18.48], [6214.057220000001,14345.94278], [5762.2858,14797.7142], [2486.6867543856615,18073.31324561434], [-0.42994524592309397,0.42994524592309397], [-0.5536116138466453,0.5536116138466453], [-0.3623850208681384,0.3623850208681384], [-129.13,129.13], [-31.711006999999995,31.711006999999995], [-0.41705410174389423,0.41705410174389423], [-30.90951,30.90951], [-29.262375000000002,29.262375000000002], [-16.00685,16.00685], [-6.9768651129824475,6.9768651129824475], [95.7784554,182.22154460000002], [-90.324,90.324], [-74.17022175000001,74.17022175000001], [-31.9950677936178,31.9950677936178], [-0.4391024830136004,0.4391024830136004], 0.0, [-1.328518,1.328518], [-1.08,1.08]","mean_atomic_mass, gmean_atomic_mass, entropy_atomic_mass, wtd_entropy_atomic_mass, range_atomic_mass, mean_fie, gmean_fie, entropy_fie, std_fie, mean_atomic_radius, gmean_atomic_radius, wtd_gmean_atomic_radius, wtd_entropy_atomic_radius, std_atomic_radius, mean_Density, wtd_mean_Density, wtd_gmean_Density, entropy_Density, wtd_entropy_Density, entropy_ElectronAffinity, range_ElectronAffinity, wtd_range_ElectronAffinity, entropy_FusionHeat, range_FusionHeat, wtd_range_FusionHeat, std_FusionHeat, wtd_std_FusionHeat, mean_ThermalConductivity, wtd_range_ThermalConductivity, std_ThermalConductivity, wtd_std_ThermalConductivity, entropy_Valence, range_Valence, wtd_range_Valence, std_Valence",0.0,1.0,1.0,1,1.0,994,823,0.43209876543209874,0.006963988749908306,2,2
"2.0, [13.758949300000012,134.9825893], [0.08666747780040412,0.8603484401456678], [0.12103135221155259,0.8259845657345194], [-11.203893650000012,105.98235505000001], [573.986,836.514], [-83.07,595.27], [79.25,171.75], [61.525695966935004,189.02569596693502], [-59.74601630291889,74.74601630291889], [-1739.2427350000007,11136.242735], [-152.48960456934037,8657.05308543066], [0.24796641326343904,0.951513179319411], [44.00007499999947,7949.999925], [-6.784588416376209,142.53141158362382], [-29.506588416376204,165.2534115836238], [0.12122208051237571,1.0934745755244544], [-29.92127250099231,90.62127250099232], [2.4524828108074708,58.247517189192536], [-23.2014712512252,52.238688748774806], [0.002208910163641997,1.29511083574875], [-11.765024999999998,20.765024999999998], [-8.678522991189068,17.67852299118907], [-0.08652357480671552,0.7038407966441835], [45.284000000000006,165.716], [47.45373949999999,163.54626050000002], [2.17,5.83], [2.4699999999999998,5.53], [2.7629833462074203,4.98298334620742], [0.09394295523796203,1.229183521078002]","number_of_elements, mean_atomic_mass, entropy_atomic_mass, wtd_entropy_atomic_mass, wtd_range_atomic_mass, mean_fie, range_fie, mean_atomic_radius, gmean_atomic_radius, wtd_range_atomic_radius, wtd_mean_Density, gmean_Density, entropy_Density, range_Density, gmean_ElectronAffinity, wtd_gmean_ElectronAffinity, entropy_ElectronAffinity, std_ElectronAffinity, wtd_std_ElectronAffinity, wtd_gmean_FusionHeat, wtd_entropy_FusionHeat, std_FusionHeat, wtd_std_FusionHeat, wtd_entropy_ThermalConductivity, wtd_range_ThermalConductivity, std_ThermalConductivity, mean_Valence, wtd_mean_Valence, wtd_gmean_Valence, entropy_Valence",0.0,1.0,1.0,1,1.0,828,828,0.37037037037037035,0.006963988749908306,1,1
"[88.55325599999998,193.613744], [87.84936237949901,179.49628445246296], [0.10546476477292888,1.176715328020217], [56.9714064,123.5225936], [-20.34255715951705,25.116307840482953], [445.35800000000006,998.542], [620.9917270202375,897.0988075899786], [-0.422813625805075,0.4333816804557944], [-206.16749999999988,354.76750000000004], [126.5,251.5], [123.00139999999999,253.0014], [130.247354478839,247.747354478839], [153.001392610746,223.001392610746], [0.09338418563307183,1.2928821806192103], [-0.33683580390614337,0.34851354389711336], [-44.08,48.08], [143.30499637128574,232.16580362871426], [-15.489617236483683,15.59541024192355], [0.25197659708863346,1.0141522603159365], [-0.6271904932651257,0.6333405659549282], [2688.906375,8051.0936249999995], [-35.89582000000001,67.97618], [-59.8644800150338,128.4035199849662], [0.1958310165278352,0.7438278773528249], [-48.57807699999999,80.452917], [20.354969999999998,48.645030000000006], [0.285319652480429,1.0990837534441251], [-0.21215166152027862,0.2246395295557714], [-5.038049999999998,70.94145], [-6.2452499999999995,9.245249999999999], [-19.300836115315786,19.45952562347559], [-64.76723854005621,160.8387170775476], [0.12021662767697977,1.0189040795215523], [-42.38630403730792,47.199885784821916], [0.33676172627615003,1.043609625761458], 1.0, [-0.3999999999999999,1.4]","mean_atomic_mass, gmean_atomic_mass, entropy_atomic_mass, range_atomic_mass, wtd_std_atomic_mass, mean_fie, wtd_gmean_fie, wtd_entropy_fie, range_fie, mean_atomic_radius, wtd_mean_atomic_radius, gmean_atomic_radius, wtd_gmean_atomic_radius, entropy_atomic_radius, wtd_entropy_atomic_radius, range_atomic_radius, wtd_range_atomic_radius, wtd_std_atomic_radius, entropy_Density, wtd_entropy_Density, std_Density, wtd_mean_ElectronAffinity, gmean_ElectronAffinity, entropy_ElectronAffinity, wtd_range_ElectronAffinity, mean_FusionHeat, entropy_FusionHeat, wtd_entropy_FusionHeat, wtd_range_FusionHeat, std_FusionHeat, wtd_std_FusionHeat, wtd_gmean_ThermalConductivity, entropy_ThermalConductivity, wtd_std_ThermalConductivity, entropy_Valence, range_Valence, std_Valence",0.0,1.0,1.0,1,1.0,829,829,0.4567901234567901,0.006963988749908306,1,1
"[58.84654703795289,156.6032639157811], [41.863369403255206,180.5664684966368], [0.2710925298585464,0.7998074400007715], [-56.962636400000015,84.45863640000002], [-1.8589225500000026,123.55092255], [-23.34265437438577,35.24877162561423], [0.4161978377036791,0.9556419808042891], [0.05866931749362314,1.1594918541147408], [-197.22427536231953,679.0742753623196], [-44.25949571324985,176.15516470961984], [107.48096351892599,214.980963518926], [0.17690572584387643,1.2050468644034236], [0.017568802014486073,1.1598177150199138], [4.053161977386125,140.94683802261386], [-8.057500000000001,30.0575], [5186.71435,11963.28565], [0.39827328792735156,0.9092993930165625], [-5013.272800000001,9793.2728], [-12.927000000000007,146.127], [0.6493167474069992,81.799316747407], [0.4149175036220091,0.9677994237387969], [-15.926505946804163,88.32650594680416], [-14.857840000000003,43.817840000000004], [37.8300502,164.16994979999998], [-38.718694399999976,221.71869439999998], [0.43842027580120124,0.9122736595010668], [-63.043929950000006,139.04392995], [-54.8096,117.8096], [-27.222022250000002,65.22202225000001], [2.4299999999999997,6.57], [-0.03820428121388997,1.3112326178035159], [0.06859269403218926,1.2774306399863247], [0.99,2.01]","gmean_atomic_mass, wtd_gmean_atomic_mass, wtd_entropy_atomic_mass, range_atomic_mass, wtd_range_atomic_mass, wtd_std_atomic_mass, entropy_fie, wtd_entropy_fie, wtd_range_fie, wtd_std_fie, wtd_gmean_atomic_radius, entropy_atomic_radius, wtd_entropy_atomic_radius, wtd_range_atomic_radius, std_atomic_radius, wtd_mean_Density, wtd_entropy_Density, wtd_range_Density, mean_ElectronAffinity, wtd_gmean_ElectronAffinity, wtd_entropy_ElectronAffinity, std_ElectronAffinity, mean_FusionHeat, mean_ThermalConductivity, wtd_mean_ThermalConductivity, entropy_ThermalConductivity, range_ThermalConductivity, wtd_range_ThermalConductivity, std_ThermalConductivity, mean_Valence, entropy_Valence, wtd_entropy_Valence, std_Valence",0.0,1.0,1.0,1,1.0,845,845,0.4074074074074074,0.006963988749908306,1,1
"[80.228094666667,173.166218666667], [70.30955133040663,180.28585781796338], [78.48947566670772,146.8059274589703], [-9.82752810000001,87.91952810000001], [-5.611755661927102,41.86750333807291], [481.7584229490343,814.9911063952737], [0.48570815248850674,1.694063033033873], [0.14464325093320873,1.2658513900843473], [123.5,248.5], [135.778615144605,225.778615144605], [0.39305595287941225,1.1926301919832119], [-14.436270008122488,23.448607231186326], [7399.7262483333,13498.6404183333], [5291.499585098385,14779.011362368014], [0.6448577810069613,1.4461193756818185], [-348.91229401515966,5978.4686609848395], [376.29082374169275,5061.210225964467], [-37.44000000000001,144.04000000000002], [-8.2985106666667,140.4151773333333], [-25.01510304216282,74.35104891893262], [-19.631756610799716,68.28769150059492], [-9.669538637270302,40.623901362729704], [1.9304583333333003,31.7062083333333], [-77.51030830979448,129.09677191848607], [-24.401469199460045,133.52269973286263], [0.3285796717425432,0.8024330554424087], [-0.16688817328129602,0.57508654277465], [-49.11080000000001,207.8108], [-8.20295614049661,110.03942635950341], [1.1177239792915756,101.36893639929403], [3.4033333333333307,5.26333333333333], [3.7833333333333297,6.78333333333333], [3.32016764610381,5.00016764610381], [1.227925,6.472075]","mean_atomic_mass, gmean_atomic_mass, wtd_gmean_atomic_mass, range_atomic_mass, std_atomic_mass, wtd_gmean_fie, entropy_fie, wtd_entropy_fie, mean_atomic_radius, wtd_gmean_atomic_radius, wtd_entropy_atomic_radius, wtd_std_atomic_radius, wtd_mean_Density, wtd_gmean_Density, entropy_Density, std_Density, wtd_std_Density, range_ElectronAffinity, wtd_range_ElectronAffinity, std_ElectronAffinity, wtd_std_ElectronAffinity, wtd_gmean_FusionHeat, wtd_range_FusionHeat, gmean_ThermalConductivity, wtd_gmean_ThermalConductivity, entropy_ThermalConductivity, wtd_entropy_ThermalConductivity, wtd_range_ThermalConductivity, std_ThermalConductivity, wtd_std_ThermalConductivity, mean_Valence, wtd_mean_Valence, gmean_Valence, wtd_range_Valence",0.0,1.0,1.0,1,1.0,852,852,0.41975308641975306,0.006963988749908306,1,1
"2.0, [-0.13084903316523128,0.7023458493604373], [-31.89625293809524,42.11611466190476], [547.1375,873.2625], [290.1426465964977,420.05735340350236], [12.286310293524679,290.20044734844737], [-10.75,166.75], [173.4,288.6], [86.625,144.375], [25.39402134183986,72.99296966815093], [-867.0142300000002,5006.014230000001], [-3021.7150063197996,7143.1419436802], [-2390.5914102822553,6871.027229433335], [0.200330320285182,1.177478606474032], [-3910.82849,4672.82849], [-4667.34323809524,8793.15276190476], [47.325,169.47500000000002], [89.994271761905,201.52953776190498], [72.333353809524,127.865693809524], [-12.952325124344002,42.580014875656005], [-0.3503012617973546,0.36603629156736744], [68.85714999999999,136.96285], [70.1247261904762,129.6762261904762], [7.703463130491063,36.12772840560474], [71.97293894761901,198.122299147619], [15.367974258812168,126.61794053557863], [1.508985821988773,260.9558347822332], [-9.943155050000016,217.94315505000003], [-50.37443274553578,94.66987458553157], [1.18,3.8200000000000003], [2.2671428571428596,5.44714285714286], 3.0, [2.04881576190476,5.47499376190476], [0.615,2.385], [-0.11112343500005994,1.38887656499994]","number_of_elements, entropy_atomic_mass, wtd_range_atomic_mass, range_fie, std_fie, wtd_std_fie, wtd_mean_atomic_radius, range_atomic_radius, std_atomic_radius, wtd_std_atomic_radius, mean_Density, gmean_Density, wtd_gmean_Density, entropy_Density, range_Density, wtd_range_Density, range_ElectronAffinity, wtd_range_ElectronAffinity, wtd_mean_FusionHeat, gmean_FusionHeat, wtd_entropy_FusionHeat, range_FusionHeat, wtd_range_FusionHeat, wtd_std_FusionHeat, wtd_mean_ThermalConductivity, gmean_ThermalConductivity, wtd_gmean_ThermalConductivity, range_ThermalConductivity, wtd_std_ThermalConductivity, mean_Valence, wtd_mean_Valence, range_Valence, wtd_range_Valence, std_Valence, wtd_std_Valence",0.0,1.0,1.0,1,1.0,976,855,0.43209876543209874,0.006963988749908306,2,2
"4.0, [-25.892916,101.391906], [-0.2931173679249353,0.9797148231581994], [3.506683023106696,61.0879120231067], [7.591487322150098,60.1217313221501], [494.6700029698253,1146.2644232596826], [788.233109866352,1191.401109866352], [601.6487690463628,963.4442539308513], [0.841539280523409,1.8341165038285312], [268.28,1207.52], [233.72035875504835,596.7583297695417], [148.33673838056006,493.11038336838], [111.80029871817868,452.0055354578254], [12.0,194.5], [57.84,242.16], [-493.00703770491964,13060.13556229508], [-3875.7040050528008,4030.2958449472003], [-0.14659408152478717,0.3985004305703712], [2695.7205399999993,14441.777460000001], [-1740.695860655741,13963.216139344262], [20.17009957117989,6991.01352457118], [4.129409836065591,172.9214098360656], [4.726614616129794,118.33661461612981], [41.515,226.485], [-2.952382245901596,126.0786117540984], [-12.0379,50.8289], [-0.10500269955361108,1.0306543972441191], [36.88075,63.075250000000004], [-0.9338053278688001,39.109444672131204], [8.9429149298422,32.6950149298422], [-5.901923525818447,32.341633389789045], [-92.8473418360656,192.00605216393438], [-58.857192879941664,61.92848479197619], [-35.55002164204347,58.452459865291466], [0.07239939712049243,0.9918028496245996], [-45.79695565573769,122.80784434426229], [-33.529262351745096,105.11603142059869], [1.7600000000000002,5.24], [1.6597509196468698,4.95975091964687], 3.0, [0.08455949652944006,2.00455949652944]","number_of_elements, mean_atomic_mass, wtd_entropy_atomic_mass, std_atomic_mass, wtd_std_atomic_mass, wtd_mean_fie, gmean_fie, wtd_gmean_fie, entropy_fie, range_fie, wtd_range_fie, std_fie, wtd_std_fie, mean_atomic_radius, range_atomic_radius, wtd_mean_Density, gmean_Density, wtd_entropy_Density, range_Density, wtd_range_Density, std_Density, wtd_mean_ElectronAffinity, gmean_ElectronAffinity, range_ElectronAffinity, wtd_range_ElectronAffinity, mean_FusionHeat, wtd_entropy_FusionHeat, range_FusionHeat, wtd_range_FusionHeat, std_FusionHeat, wtd_std_FusionHeat, wtd_mean_ThermalConductivity, gmean_ThermalConductivity, wtd_gmean_ThermalConductivity, wtd_entropy_ThermalConductivity, wtd_range_ThermalConductivity, wtd_std_ThermalConductivity, mean_Valence, gmean_Valence, range_Valence, wtd_std_Valence",0.0,1.0,1.0,1,1.0,871,871,0.5061728395061729,0.006963988749908306,1,1
"[0.5302285333332932,127.8150505333333], [0.3897143653432298,1.5998307423447962], [-1.6662081000000057,133.51589090000002], [4.335578272557498,47.256155580011935], [14.6473420259075,40.912464025907504], [352.83733333333305,981.029333333333], [344.04094566189644,943.8597758651275], [-58.5325,424.13250000000005], [105.6225,250.6225], [26.240000000000002,133.76], [11.612352422519688,57.26848653143031], [-1688.163347029319,11639.09354297068], [0.43468429023246713,1.568176302211533], [-0.13675077305413808,0.8682672336213101], [837.9782999999998,11830.7167], [1183.5464667707024,3786.279468005577], [24.47974999999999,131.59775], [22.260840961390095,132.6248409613901], [0.40610679128479554,1.6435190576638046], [0.04809525843265949,0.9695651252939725], [-4.666170000000001,50.866170000000004], [-13.528050000000007,59.81655000000001], [-15.482916716540402,58.9094632834596], [0.5250521507495924,1.5015690719060277], [0.224720372470727,0.6789832111898191], [-15.048410000000004,57.24841000000001], [1.0620000000000012,38.025000000000006], [-9.327832780718559,27.333017219281437], [0.16189462490440487,13.598820027685417], [1.6300034333330018,231.036663233333], [-21.52519752783637,204.15330549074696], [-0.6069000000000031,107.78190000000001], [3.04,4.96], [3.40276887719496,5.442768877194959], [0.1655306386040412,0.7114574529059088], [-0.144604382552169,1.835395617447831]","mean_atomic_mass, entropy_atomic_mass, range_atomic_mass, std_atomic_mass, wtd_std_atomic_mass, mean_fie, wtd_gmean_fie, range_fie, wtd_mean_atomic_radius, range_atomic_radius, wtd_std_atomic_radius, gmean_Density, entropy_Density, wtd_entropy_Density, wtd_range_Density, wtd_std_Density, wtd_mean_ElectronAffinity, gmean_ElectronAffinity, entropy_ElectronAffinity, wtd_entropy_ElectronAffinity, mean_FusionHeat, wtd_mean_FusionHeat, wtd_gmean_FusionHeat, entropy_FusionHeat, wtd_entropy_FusionHeat, range_FusionHeat, wtd_range_FusionHeat, std_FusionHeat, wtd_std_FusionHeat, mean_ThermalConductivity, gmean_ThermalConductivity, wtd_range_ThermalConductivity, mean_Valence, wtd_gmean_Valence, wtd_entropy_Valence, wtd_std_Valence",0.0,0.1,1.0,1,1.0,874,874,0.4444444444444444,0.006963988749908306,0,0
"2.0, [89.94439367780129,169.3717261410367], [32.467069450085944,158.74899549032887], [-0.39566588854145895,0.9554944373775609], [8.663854999999998,79.377645], [367.9888976581601,1052.43689765816], [0.23771519712217465,1.1439813575311992], [239.34292898550672,965.4188710144933], [107.75,290.25], [-32.495,34.495], [-29.222202630246244,30.033631000467544], [2818.5258300000005,15016.35417], [2154.423798042557,15482.118913730843], [0.10347759819375146,1.1783407130014865], [-0.26562597764999635,0.8245630465403204], [1573.393865,6506.606135], [-286.93711306677733,3565.1077287608373], [-42.399713712183605,149.1142862878164], [-0.03484367157367052,1.2025685948053386], [40.883345999999996,123.988054], [-18.875169358872466,73.97516935887246], [-20.946987933211176,43.301839532807975], [14.045009941482098,40.2395099414821], [0.17377524333568894,1.190980369540309], [-0.3668901542928721,0.8037102377909421], [-20.137840000000004,38.53784], [0.48434999999999917,47.71485], [-8.4698112121687,12.2023817151867], [-45.569687899999984,153.82768789999997], [3.3643501251206303,104.88703015304236], [0.398666012656697,0.986897799318599], [-25.039400000000008,123.49340000000001], [-40.42229925,43.42229925], [4.16,5.84], [3.11,6.890000000000001], [4.1,5.9], 0.0, [3.346365,5.793635], [-0.96,0.96]","number_of_elements, gmean_atomic_mass, wtd_gmean_atomic_mass, wtd_entropy_atomic_mass, std_atomic_mass, gmean_fie, entropy_fie, wtd_range_fie, mean_atomic_radius, std_atomic_radius, wtd_std_atomic_radius, wtd_mean_Density, wtd_gmean_Density, entropy_Density, wtd_entropy_Density, std_Density, wtd_std_Density, gmean_ElectronAffinity, entropy_ElectronAffinity, wtd_range_ElectronAffinity, std_ElectronAffinity, wtd_std_ElectronAffinity, wtd_gmean_FusionHeat, entropy_FusionHeat, wtd_entropy_FusionHeat, range_FusionHeat, wtd_range_FusionHeat, wtd_std_FusionHeat, wtd_mean_ThermalConductivity, wtd_gmean_ThermalConductivity, entropy_ThermalConductivity, wtd_range_ThermalConductivity, std_ThermalConductivity, wtd_mean_Valence, gmean_Valence, wtd_gmean_Valence, range_Valence, wtd_range_Valence, wtd_std_Valence",0.0,1.0,1.0,1,1.0,876,876,0.48148148148148145,0.006963988749908306,1,1
"[-57.581108879999995,88.25989367999999], [-27.082071891485903,56.418457108325704], [0.4424274128934952,1.6128678431081247], [0.12762906727572598,1.4200432920678319], [-22.187455027854842,34.383576972145164], [682.192,1066.608], [565.7192620635458,1003.6822174500321], [0.6632487041492541,1.5047815673862057], [-49.472500000000025,746.2725], [116.39328695652085,854.9877797101451], [16.6908384152523,286.5136910144157], [17.469569058226,187.469569058226], [0.3999824642931918,1.1234067758632962], [14.0,142.0], [-15.54899307564213,123.74632640897553], [-5917.61889333333,10346.152226666669], [0.44341591377372913,1.7332516515430112], [0.4227980469719237,0.9508583555641084], [-4360.428475,5804.428475], [-34.057,157.457], [-48.8896,93.93440000000001], [-78.64744021689921,116.1125597831008], [-86.30593826688042,108.4540617331196], [106.785,201.01500000000001], [-41.462482,76.633682], [13.391096871470303,120.9020153867539], [0.25902926888471006,0.7831786981759701], [70.10549999999999,122.4945], [9.385041666666698,49.428291666666695], [67.4408225,150.5591775], [-29.572022099999998,177.9640221], [0.3878309038055693,1.4499160741673367], [8.307490700000002,257.6925093], [1.6199999999999999,4.38], [0.6819999999999999,4.702], [0.04861723750928204,0.978617237509282]","wtd_mean_atomic_mass, gmean_atomic_mass, entropy_atomic_mass, wtd_entropy_atomic_mass, std_atomic_mass, mean_fie, wtd_gmean_fie, entropy_fie, range_fie, wtd_range_fie, std_fie, wtd_gmean_atomic_radius, wtd_entropy_atomic_radius, range_atomic_radius, wtd_range_atomic_radius, wtd_mean_Density, entropy_Density, wtd_entropy_Density, range_Density, mean_ElectronAffinity, wtd_mean_ElectronAffinity, gmean_ElectronAffinity, wtd_gmean_ElectronAffinity, range_ElectronAffinity, wtd_range_ElectronAffinity, std_ElectronAffinity, wtd_entropy_FusionHeat, range_FusionHeat, wtd_range_FusionHeat, mean_ThermalConductivity, wtd_mean_ThermalConductivity, entropy_ThermalConductivity, range_ThermalConductivity, mean_Valence, wtd_mean_Valence, wtd_std_Valence",0.0,1.0,1.0,1,1.0,877,877,0.4444444444444444,0.006963988749908306,1,1
"[45.10505753359199,176.76707373359199], [31.814430939906803,83.3344779399068], [316.729059474261,783.542972517741], [426.14611921925587,673.6903983507481], [-207.80000000000004,314.00000000000006], [217.7967953663755,593.3533171055066], [-72.7971594745652,117.07818124336461], [-87.37457010142693,118.66522116342954], [88.25,275.75], [117.00038419021499,227.000384190215], [0.08406916798797093,0.8265309614414991], [116.1346682048265,176.1757541895755], [7.607803503446007,59.09238026455799], [-1533.06653166667,12697.733198333332], [-2733.7887434903796,13304.09666650962], [-2676.1633791636186,12684.569974511018], [0.6256652923779299,1.4073839213290098], [2377.428625,8024.5713749999995], [-1110.5499459829202,5431.318499017079], [-42.66120865252592,139.11479134747412], [0.6810170836146556,1.5118510338977045], [-112.90500000000002,127.90500000000002], [-32.8800627123219,107.0857612876781], [-10.091887209714931,27.62819279028507], [-30.527459694656315,44.91270030534369], [0.43340794560464946,1.7150864046224705], [0.14167129385801303,1.172498504797491], [-9.22114,18.021140000000003], [-24.027680329917523,33.47031967008248], [-10.497854688289548,14.30877682453693], [-0.6930528071482058,137.6643099928518], [-39.247661998877376,103.78800892839378], [-0.22383533085602075,0.9689680143195027], [36.396976958251734,155.84523005442486], [1.71,4.29], [1.65,4.35], [0.7023490722899829,1.4948755050462372], 0.0, [-0.51,0.51]","wtd_mean_atomic_mass, std_atomic_mass, wtd_mean_fie, wtd_gmean_fie, range_fie, wtd_range_fie, std_fie, wtd_std_fie, mean_atomic_radius, wtd_gmean_atomic_radius, wtd_entropy_atomic_radius, wtd_range_atomic_radius, wtd_std_atomic_radius, mean_Density, wtd_mean_Density, wtd_gmean_Density, entropy_Density, range_Density, std_Density, gmean_ElectronAffinity, entropy_ElectronAffinity, range_ElectronAffinity, wtd_range_ElectronAffinity, gmean_FusionHeat, wtd_gmean_FusionHeat, entropy_FusionHeat, wtd_entropy_FusionHeat, range_FusionHeat, wtd_range_FusionHeat, wtd_std_FusionHeat, wtd_mean_ThermalConductivity, gmean_ThermalConductivity, entropy_ThermalConductivity, wtd_std_ThermalConductivity, gmean_Valence, wtd_gmean_Valence, entropy_Valence, range_Valence, std_Valence",0.0,1.0,1.0,1,1.0,882,882,0.48148148148148145,0.006963988749908306,1,1
"3.0, [51.8654283333333,142.7831583333333], [42.46769608148461,111.7120372032796], [0.4563209030079994,1.3291917323206046], [10.5655437666667,88.68970956666669], [37.9081128656066,86.3975688656066], [564.3108333333319,1235.3558333333342], [760.5259913966141,1027.1121381536057], [0.7468356490546497,1.4373241522234304], [0.623211042448564,1.5609487588295161], [-152.44999999999996,630.25], [-3.2697652211491146,206.59245346708911], [58.749999999999986,201.25], [58.968077440518,183.96807744051802], [0.3754780434326711,1.682074073685429], [24.679999999999993,201.32], [0.05247351447464399,1.498652978034142], [297.6638666666695,9495.66946666667], [4106.9740750523,8611.2113650523], [88.31799999999998,198.68200000000002], [99.679,187.321], [61.702464081178,155.836464081178], [4.897464081177986,212.64146408117801], [45.12184840028338,111.90893414462623], [33.71028790799408,123.32049463691553], [-22.295633333333306,51.04896666666671], [-1.3400333333332988,30.0933666666667], [0.1839566693881819,0.896000257731416], [6.060751411946571,24.66572504656643], [-95.4616632333333,133.9449965666667], [-69.61710521255063,73.26666667859848], [-0.15088174326431203,0.30075504042191603], [-57.3419333333333,95.2052666666667], [4.55666666666667,6.776666666666669], [3.63621617328617,7.65621617328617], [0.7523637290367143,1.4377919952042855], [0.021404520791032056,0.921404520791032]","number_of_elements, mean_atomic_mass, gmean_atomic_mass, entropy_atomic_mass, wtd_range_atomic_mass, wtd_std_atomic_mass, wtd_mean_fie, wtd_gmean_fie, entropy_fie, wtd_entropy_fie, range_fie, std_fie, mean_atomic_radius, gmean_atomic_radius, entropy_atomic_radius, range_atomic_radius, entropy_Density, wtd_range_Density, std_Density, mean_ElectronAffinity, wtd_mean_ElectronAffinity, gmean_ElectronAffinity, wtd_gmean_ElectronAffinity, std_ElectronAffinity, wtd_std_ElectronAffinity, mean_FusionHeat, wtd_mean_FusionHeat, entropy_FusionHeat, wtd_std_FusionHeat, mean_ThermalConductivity, wtd_gmean_ThermalConductivity, wtd_entropy_ThermalConductivity, wtd_range_ThermalConductivity, mean_Valence, wtd_gmean_Valence, entropy_Valence, std_Valence",0.0,1.0,1.0,1,1.0,891,891,0.4567901234567901,0.006963988749908306,1,1
"3.0, [51.980047199999994,146.9385652], [20.893040479999996,138.37607032], [20.47839066875858,132.4912954246034], [16.06807173957752,123.71823820011248], [483.44533333333305,727.2213333333331], [439.8925383184139,768.052538318414], [447.01217961227394,827.849532122262], [0.23482547090679995,1.1114063796976899], [-86.20750227117017,168.62519185026196], [105.53974116934299,243.039741169343], [28.560000000000002,151.44], [-0.14818008801810123,80.70181991198191], [12.080518923782183,57.736653032692814], [4917.990538333331,11468.676128333329], [1294.2786849999993,13266.221315], [-1378.766228563687,14433.753400219028], [0.15996342201683095,0.9435367831536212], [-33.537333333333294,122.2706666666667], [21.53524999999999,125.40725], [-84.30100194061211,120.19699805938791], [0.19682584909502832,1.1867556621982356], [13.97474096958371,56.3275270513621], [-33.95679390038088,81.01479209144287], [-13.946050000000007,59.39855000000001], [-16.456458066136804,58.9837019338632], [0.5425416761411224,1.5190585972975577], [4.791000000000002,31.4865], [-1.2172640163268689,15.82228598367313], [-6.747634964404703,20.643020664341204], [0.9332398000000097,207.06676019999998], [-23.99252599999997,220.16752599999998], [-3.595522727603239,136.26157773461745], [-70.5733,186.3483], [24.695964593420797,162.2871005934208], [14.206088851911744,144.31936454595746], [2.4699999999999998,5.53], [3.2238889609491497,5.5038889609491495], [0.2718861362163254,0.9152998816435265], 2.0, [1.9091770000000001,4.915823], [-0.08350341907227388,1.716496580927726], [0.26521312403361086,1.465213124033611]","number_of_elements, mean_atomic_mass, wtd_mean_atomic_mass, gmean_atomic_mass, wtd_gmean_atomic_mass, mean_fie, gmean_fie, wtd_gmean_fie, wtd_entropy_fie, std_fie, wtd_gmean_atomic_radius, range_atomic_radius, std_atomic_radius, wtd_std_atomic_radius, mean_Density, wtd_mean_Density, wtd_gmean_Density, wtd_entropy_Density, mean_ElectronAffinity, wtd_mean_ElectronAffinity, gmean_ElectronAffinity, entropy_ElectronAffinity, std_ElectronAffinity, wtd_std_ElectronAffinity, wtd_mean_FusionHeat, wtd_gmean_FusionHeat, entropy_FusionHeat, wtd_range_FusionHeat, std_FusionHeat, wtd_std_FusionHeat, mean_ThermalConductivity, wtd_mean_ThermalConductivity, gmean_ThermalConductivity, wtd_range_ThermalConductivity, std_ThermalConductivity, wtd_std_ThermalConductivity, mean_Valence, wtd_gmean_Valence, wtd_entropy_Valence, range_Valence, wtd_range_Valence, std_Valence, wtd_std_Valence",0.0,1.0,1.0,1,1.3333333333333333,968,897,0.5308641975308642,0.009285318333211074,3,3
"[55.11914900000001,121.792151], [1.1515729903875993,90.2766301103876], [-39.12373117396436,105.78995444598655], [1.1087177915704054,1.7038569933744545], [93.25778980000001,247.15741020000002], [-30.211982000000006,52.023982000000004], [679.1200000000001,913.52], [705.5253603477087,1191.0929847979432], [0.909866234569328,2.204532178010792], [444.4975,1083.7025], [239.91899561846884,1141.2546477923831], [100.28920768426258,440.0661331795054], [95.952926654008,190.952926654008], [1.1427629688875318,1.8924492157538682], [94.2,247.8], [-12.19082221909678,74.26834159894179], [28.7115744138193,96.85657441381929], [42.50973972373913,99.82275913705246], [3124.8573100000003,11708.51429], [-362.40502209301985,6414.166277906979], [1.3256617605052172,1.3719670644752795], [-1981.9361472868204,5870.019852713181], [2286.154067996143,6138.198909823757], [0.8064795734616355,2.0438918398406445], [0.4248146422930662,1.0279585551477437], [90.6,181.34], [33.71565632869277,79.32634903214642], [-4.955223210441488,111.7071213989091], [-11.478430000000005,37.767230000000005], [-14.310006046511631,25.50563395348837], [-21.09862797104759,33.38593202895241], [-35.29708450525081,38.047515494749206], [0.585651947297157,2.6922420442048556], [2.3923799999999993,63.163619999999995], [-19.86383333333333,25.31316666666667], [0.5426184588053005,21.1966184588053], [-3.533983905921377,16.621404198250136], [-76.51249795145547,101.48744809137087], [-45.790787265307266,48.21169424202767], [0.1986035062252005,1.2116693610318094], [243.03284794999996,556.9139920499999], [-61.72531178294581,235.3402882170542], [103.90084831057496,219.08309236759905], [-0.11566128955366972,4.32433871044633], [0.812744035660732,2.097922034724928], [0.7357251426491822,1.9445630886033176], 5.0, [0.08721531007751993,1.83526531007752], [1.0990719429665299,2.77907194296653], [-0.08586201579522801,1.414137984204772]","mean_atomic_mass, wtd_mean_atomic_mass, wtd_gmean_atomic_mass, entropy_atomic_mass, range_atomic_mass, wtd_range_atomic_mass, mean_fie, wtd_gmean_fie, entropy_fie, range_fie, wtd_range_fie, std_fie, gmean_atomic_radius, entropy_atomic_radius, range_atomic_radius, wtd_range_atomic_radius, std_atomic_radius, wtd_std_atomic_radius, mean_Density, wtd_mean_Density, entropy_Density, wtd_range_Density, wtd_std_Density, entropy_ElectronAffinity, wtd_entropy_ElectronAffinity, range_ElectronAffinity, std_ElectronAffinity, wtd_std_ElectronAffinity, mean_FusionHeat, wtd_mean_FusionHeat, gmean_FusionHeat, wtd_gmean_FusionHeat, entropy_FusionHeat, range_FusionHeat, wtd_range_FusionHeat, std_FusionHeat, wtd_std_FusionHeat, gmean_ThermalConductivity, wtd_gmean_ThermalConductivity, entropy_ThermalConductivity, range_ThermalConductivity, wtd_range_ThermalConductivity, wtd_std_ThermalConductivity, wtd_gmean_Valence, entropy_Valence, wtd_entropy_Valence, range_Valence, wtd_range_Valence, std_Valence, wtd_std_Valence",0.0,0.1,1.0,1,2.0,903,903,0.6172839506172839,0.013927977499816613,0,0
"7.0, [37.942555857143006,181.390529857143], [48.11903359578849,113.29017818100729], [1.462641886120916,1.9585912209576237], [1.075859986538549,2.152871840531971], [151.386508,234.575492], [425.749142857143,1044.565142857143], [412.01422738168503,993.3262273816849], [654.8815927745775,1197.5748201013105], [0.7415115941970157,1.5773212979278646], [449.2249637681157,837.3000362318844], [106.15478381553501,183.654783815535], [1.3686029452543382,2.1872146662415615], [123.64,218.36], [-59.430876939258646,103.88087693925866], [28.3917080873977,78.0567080873977], [-202.99574142857,11994.83259857143], [-2029.8212866235901,5424.40714337641], [0.9072925606561891,1.9293447708346112], [5578.485395,17098.656605], [-3132.7173000000003,6065.2883], [2335.475960118285,6291.630121995295], [-48.81000000000002,178.41000000000003], [-13.09212500000001,220.619875], [-68.06675860438932,139.6772413956107], [1.238223502188126,1.9453162258332741], [0.5722033821521799,1.3596412683791201], [14.735,262.525], [13.150276000000005,129.05947400000002], [29.80282670371775,72.07179214188824], [-9.245622857142862,24.283337142857143], [-11.180465000000002,21.300715], [1.418708340382599,2.1104078262017407], [1.291368232072261,1.798046013720479], [-26.41375,52.16975], [-27.735875000000004,30.788875], [-5.439615871428586,204.01863872857137], [0.8421693289823584,1.3977215719408216], [0.32730108644508343,1.3112240794757946], [324.72794024999996,475.21889975], [-52.380489999999995,152.35390999999998], [86.65472603289399,189.848078032894], [69.41496574373767,195.26223239863432], [0.8771428571428599,4.83714285714286], [1.1999999999999997,3.9], [0.47709661118171987,4.85709661118172], [0.8643348961995022,2.248649318179238], 3.0, [0.07485826771596993,2.17485826771597]","number_of_elements, mean_atomic_mass, gmean_atomic_mass, entropy_atomic_mass, wtd_entropy_atomic_mass, range_atomic_mass, mean_fie, gmean_fie, wtd_gmean_fie, wtd_entropy_fie, wtd_range_fie, gmean_atomic_radius, wtd_entropy_atomic_radius, range_atomic_radius, wtd_range_atomic_radius, std_atomic_radius, mean_Density, gmean_Density, wtd_entropy_Density, range_Density, wtd_range_Density, wtd_std_Density, mean_ElectronAffinity, wtd_mean_ElectronAffinity, gmean_ElectronAffinity, entropy_ElectronAffinity, wtd_entropy_ElectronAffinity, range_ElectronAffinity, wtd_range_ElectronAffinity, wtd_std_ElectronAffinity, mean_FusionHeat, wtd_mean_FusionHeat, entropy_FusionHeat, wtd_entropy_FusionHeat, range_FusionHeat, wtd_range_FusionHeat, mean_ThermalConductivity, entropy_ThermalConductivity, wtd_entropy_ThermalConductivity, range_ThermalConductivity, wtd_range_ThermalConductivity, std_ThermalConductivity, wtd_std_ThermalConductivity, mean_Valence, wtd_mean_Valence, gmean_Valence, wtd_entropy_Valence, range_Valence, std_Valence",0.0,1.0,1.0,1,1.0,908,908,0.6049382716049383,0.006963988749908306,2,2
"[0.5302285333332932,127.8150505333333], [0.3897143653432298,1.5998307423447962], [-1.6662081000000057,133.51589090000002], [4.335578272557498,50.8046402725575], [14.6473420259075,40.912464025907504], [352.83733333333305,981.029333333333], [344.04094566189644,943.8597758651275], [424.13250000000005,566.9926846980516], [105.6225,250.6225], [26.240000000000002,133.76], [11.612352422519688,57.26848653143031], [-1688.163347029319,11639.09354297068], [0.43468429023246713,1.568176302211533], [-0.13675077305413808,0.8682672336213101], [837.9782999999998,11830.7167], [1183.5464667707024,3786.279468005577], [24.47974999999999,131.59775], [0.40610679128479554,1.6435190576638046], [0.04809525843265949,0.9695651252939725], [-4.666170000000001,50.866170000000004], [-13.528050000000007,59.81655000000001], [-15.482916716540402,58.9094632834596], [0.5250521507495924,1.5015690719060277], [0.224720372470727,0.6789832111898191], [-15.048410000000004,57.24841000000001], [-9.327832780718559,27.333017219281437], [1.6300034333330018,231.036663233333], [-21.52519752783637,204.15330549074696], [-0.6069000000000031,107.78190000000001], [3.04,4.96], [3.40276887719496,5.442768877194959], [-0.144604382552169,1.2883793178797758]","mean_atomic_mass, entropy_atomic_mass, range_atomic_mass, std_atomic_mass, wtd_std_atomic_mass, mean_fie, wtd_gmean_fie, range_fie, wtd_mean_atomic_radius, range_atomic_radius, wtd_std_atomic_radius, gmean_Density, entropy_Density, wtd_entropy_Density, wtd_range_Density, wtd_std_Density, wtd_mean_ElectronAffinity, entropy_ElectronAffinity, wtd_entropy_ElectronAffinity, mean_FusionHeat, wtd_mean_FusionHeat, wtd_gmean_FusionHeat, entropy_FusionHeat, wtd_entropy_FusionHeat, range_FusionHeat, std_FusionHeat, mean_ThermalConductivity, gmean_ThermalConductivity, wtd_range_ThermalConductivity, mean_Valence, wtd_gmean_Valence, wtd_std_Valence",0.0,0.1,1.0,1,1.0,909,909,0.3950617283950617,0.006963988749908306,0,0
"[47.977875999999995,116.671272], [22.99559508642001,122.3649795115292], [0.9820506040355674,1.8549214333481725], [29.1373981925552,67.5248841925552], [-1.944026642157251,59.066701530345696], [495.568,1048.752], [586.7865828157347,868.8199886128372], [552.705689886271,899.617689886271], [0.7845647647981625,1.8038448912991973], [154.7882637244153,424.6111163235787], [77.94,260.44], [88.637140969359,191.137140969359], [0.8182808493893279,1.5417051609594323], [144.84,265.16], [35.13173979318515,98.27320185869985], [-5479.758518000001,9203.29542301252], [0.2818016694529929,1.5082643216670992], [-14.591571428571413,180.1684285714286], [-71.6689359459004,165.28906405409958], [0.7785941076061335,1.8215558749827268], [0.4640106624222222,1.5697745026557979], [20.180618857142896,81.4156668571429], [-24.196780000000004,40.76558], [-15.788115714285714,33.45754428571429], [-27.3739003617984,36.5406796382016], [-8.944038297687252,20.39380170231275], [1.069323464096978,1.6999906423438422], [0.604520811717423,1.250971774509977], [-32.97669642857143,44.029553571428565], [-5.657465415003547,14.497922689167968], [-0.16360726322782101,0.642886993354729], [155.25946250534918,227.78161617088284], [1.3199999999999998,3.48], [-0.8408804492305579,3.9529539150904602], [-1.5765947142857146,3.2480232857142863], [-0.695751730089343,1.404248269910657]","mean_atomic_mass, wtd_gmean_atomic_mass, entropy_atomic_mass, std_atomic_mass, wtd_std_atomic_mass, mean_fie, wtd_mean_fie, gmean_fie, wtd_entropy_fie, std_fie, wtd_mean_atomic_radius, gmean_atomic_radius, wtd_entropy_atomic_radius, range_atomic_radius, wtd_std_atomic_radius, wtd_gmean_Density, wtd_entropy_Density, wtd_mean_ElectronAffinity, gmean_ElectronAffinity, entropy_ElectronAffinity, wtd_entropy_ElectronAffinity, wtd_range_ElectronAffinity, mean_FusionHeat, wtd_mean_FusionHeat, gmean_FusionHeat, wtd_gmean_FusionHeat, entropy_FusionHeat, wtd_entropy_FusionHeat, wtd_range_FusionHeat, wtd_std_FusionHeat, wtd_entropy_ThermalConductivity, wtd_std_ThermalConductivity, mean_Valence, wtd_gmean_Valence, wtd_range_Valence, wtd_std_Valence",0.0,0.13168724279835387,0.6666666666666666,2,2.3333333333333335,999,910,0.4444444444444444,0.03249861416623876,2,3
"[41.867381828571396,122.8901610285714], [-0.5863507158304486,135.86573325947143], [0.7787112329875401,2.1298715589065598], [-50.235760907142904,95.7330751928571], [23.0396120903437,69.5086740903437], [515.1128312629392,972.2014544513468], [545.3296858191633,878.5623692654027], [-34.7697308488611,290.7125879917191], [83.34918846021,205.84918846021], [70.994079181697,235.994079181697], [-24.740769505277974,136.16934093384938], [-2150.281412857139,14565.26112714286], [-5253.784639673301,8977.48302623114], [0.7522870010572984,1.8254418217446415], [4688.456859999999,20048.68514], [-1590.52374285714,6710.11545714286], [238.17714539513736,8046.376149099762], [0.7413428256780007,1.9308766538080593], [11.768745211473806,86.7005975100048], [-3.264520000000001,26.073320000000002], [-13.986434285714301,36.3070057142857], [-11.071633470021682,22.457326529978324], [0.5467943362030512,2.0522579229858886], [3.4746200000000016,47.48138], [-8.850619346699274,23.19127969070159], [25.099859699999996,201.3107723], [59.582446042857,226.425148242857], [-76.8408826437061,104.3376338641707], [-100.53365598554251,151.39299445411513], [0.35766453668655424,1.2890315322345658], [273.13103985,526.81580015], [-30.236482857142988,258.800317142857], [110.94088606189747,221.85712107977253], [1.7999999999999998,4.2], [1.6819200770412301,3.72192007704123], [0.8855782195430322,2.2114004828475675], 4.0, [-0.3025964285714291,1.445453571428571], [0.99505138783324,1.7750513878332401]","wtd_mean_atomic_mass, gmean_atomic_mass, wtd_entropy_atomic_mass, wtd_range_atomic_mass, std_atomic_mass, wtd_mean_fie, wtd_gmean_fie, wtd_range_fie, gmean_atomic_radius, wtd_gmean_atomic_radius, wtd_range_atomic_radius, wtd_mean_Density, wtd_gmean_Density, wtd_entropy_Density, range_Density, wtd_range_Density, wtd_std_Density, wtd_entropy_ElectronAffinity, std_ElectronAffinity, mean_FusionHeat, wtd_mean_FusionHeat, gmean_FusionHeat, entropy_FusionHeat, range_FusionHeat, wtd_std_FusionHeat, mean_ThermalConductivity, wtd_mean_ThermalConductivity, gmean_ThermalConductivity, wtd_gmean_ThermalConductivity, entropy_ThermalConductivity, range_ThermalConductivity, wtd_range_ThermalConductivity, wtd_std_ThermalConductivity, mean_Valence, gmean_Valence, wtd_entropy_Valence, range_Valence, wtd_range_Valence, wtd_std_Valence",0.0,1.0,1.0,1,1.0,915,915,0.48148148148148145,0.006963988749908306,1,1
"[87.89255298,174.99204062], [66.81797924497019,168.25755917893582], [0.971133445823869,1.6456245412017911], [67.62866199999999,192.412138], [21.8781542371608,94.6123382371608], [36.226071821799195,88.7563158217992], [625.95056974957,907.23056974957], [-219.07500000000005,694.075], [237.85171014492715,751.112289855073], [63.284000000000006,183.284], [88.641241684861,153.641241684861], [0.5876353457350886,1.8060341862742115], [-9.621085984749001,110.461085984749], [2441.2301888411903,14864.944238841192], [3139.86384894147,10368.444250670711], [16.445540180109674,5056.90155518011], [21.864999999999995,265.315], [55.3688697744858,136.5188697744858], [0.6370014723395497,1.85673642062743], [0.5213140702729949,0.9736720049140032], [46.47500000000001,273.325], [2.537749640816571,113.30657477777542], [-16.530330000000006,32.71533], [-32.41043,46.17307], [-8.21163824657552,23.22176175342448], [0.9893312645334416,1.6403425453043983], [-28.04674,41.10674], [-14.927950000000001,19.981550000000002], [-8.85699903156638,14.895100968433619], [36.9240121,199.8359879], [-60.899485299999995,114.0818853], [-81.12818478517192,112.76461358290672], [-65.08491377325,70.27865959731231], [-0.07649351812083077,0.7895143900203028], [0.4596526627089055,1.1532377233698985], [332.73581175000004,526.22418825], [-61.65920000000001,98.91680000000001], [106.20021152552299,254.540655025523], [1.8399999999999999,6.16], [3.968,6.4879999999999995], [1.26975091964687,5.34975091964687], [3.18240308624428,6.78240308624428], [0.2626893893370106,1.5690142664164795], [1.7077939999999996,4.924206], [1.4808286933869699,2.26082869338697], [0.28462216121275996,2.0546221612127598]","wtd_mean_atomic_mass, wtd_gmean_atomic_mass, entropy_atomic_mass, range_atomic_mass, std_atomic_mass, wtd_std_atomic_mass, gmean_fie, range_fie, wtd_range_fie, wtd_mean_atomic_radius, wtd_gmean_atomic_radius, wtd_entropy_atomic_radius, wtd_range_atomic_radius, gmean_Density, wtd_gmean_Density, std_Density, wtd_mean_ElectronAffinity, gmean_ElectronAffinity, entropy_ElectronAffinity, wtd_entropy_ElectronAffinity, range_ElectronAffinity, std_ElectronAffinity, mean_FusionHeat, wtd_mean_FusionHeat, gmean_FusionHeat, entropy_FusionHeat, range_FusionHeat, wtd_range_FusionHeat, std_FusionHeat, mean_ThermalConductivity, wtd_mean_ThermalConductivity, gmean_ThermalConductivity, wtd_gmean_ThermalConductivity, entropy_ThermalConductivity, wtd_entropy_ThermalConductivity, range_ThermalConductivity, wtd_range_ThermalConductivity, std_ThermalConductivity, mean_Valence, wtd_mean_Valence, gmean_Valence, wtd_gmean_Valence, wtd_entropy_Valence, wtd_range_Valence, std_Valence, wtd_std_Valence",0.0,1.0,1.0,1,1.0,917,917,0.5679012345679012,0.006963988749908306,1,1
"[44.857545666666695,135.7752756666667], [18.818729660000002,142.37846794], [0.2937276197046379,1.622871837067014], [0.55068495424784,1.45145850486052], [-23.3589823,79.43597270000001], [13.903218621516203,75.5252356215162], [665.5285869565213,928.1114130434788], [490.681098985332,968.857098985332], [493.8922144512069,1055.627309403439], [0.6466688820061055,1.3193937654967884], [108.48173913043448,484.03826086956553], [17.028237492020963,371.795321464995], [112.0,202.0], [112.892748537508,187.892748537508], [111.52933453588199,174.029334535882], [26.599999999999994,167.4], [-51.857520378648616,116.25752037864862], [-1013.3903283333311,14572.72366166667], [0.19581309722252338,1.3711731389277086], [1190.1884,7247.4116], [32.73533333333329,117.1313333333333], [39.44499999999999,120.595], [-50.00414800328271,193.4458519967173], [-21.7610039143931,176.24499608560689], [0.8350008377460612,1.2769337900242788], [-12.38046303992483,56.03557601525563], [-7.58793,31.17993], [-25.164758962339704,34.558701037660306], [-19.145971794474402,28.0041282055256], [-23.345374999999997,43.393375], [-63.2469576,164.6357576], [-75.4756979351603,89.80996624746413], [-0.1794249278855805,0.6109394435653185], [18.38531708617684,95.17347979085956], [2.86666666666667,6.4666666666666694], [4.1,5.9], [2.3214047465571594,6.64140474655716], [0.7503595576835692,1.3715289238979307], [0.30059329636736776,1.6459129458969701], [-0.2976599999999998,3.89766]","mean_atomic_mass, wtd_mean_atomic_mass, entropy_atomic_mass, wtd_entropy_atomic_mass, wtd_range_atomic_mass, std_atomic_mass, wtd_mean_fie, gmean_fie, wtd_gmean_fie, wtd_entropy_fie, wtd_range_fie, std_fie, mean_atomic_radius, gmean_atomic_radius, wtd_gmean_atomic_radius, range_atomic_radius, wtd_range_atomic_radius, mean_Density, wtd_entropy_Density, wtd_range_Density, mean_ElectronAffinity, wtd_mean_ElectronAffinity, gmean_ElectronAffinity, wtd_gmean_ElectronAffinity, entropy_ElectronAffinity, std_ElectronAffinity, wtd_mean_FusionHeat, gmean_FusionHeat, wtd_gmean_FusionHeat, wtd_range_FusionHeat, wtd_mean_ThermalConductivity, gmean_ThermalConductivity, wtd_entropy_ThermalConductivity, wtd_std_ThermalConductivity, mean_Valence, wtd_mean_Valence, gmean_Valence, entropy_Valence, wtd_entropy_Valence, wtd_range_Valence",0.0,1.0,1.0,1,1.0,919,919,0.49382716049382713,0.006963988749908306,1,1
"2.0, [-0.06911163588860292,1.3790604218345828], [0.34640445920623086,0.9534475041843412], [-4.30215110000001,114.2421511], [-14.243644499999998,23.1336445], [2.730290719819898,52.2299437198199], [675.6481906530073,951.7552712227487], [-7.800781748388545,116.78141762105955], [42.75,205.25], [55.245967676372004,192.745967676372], [0.312339374760215,1.073838650097167], [-40.24,44.24], [-33.65,35.65], [-12.599877174347467,14.599521869258863], [1385.37078439378,10194.91347439378], [-2481.5376883404497,14008.11914165955], [0.25396459872058863,1.1227089773722474], [-3148.94278,4982.942779999999], [-2909.82103535405,4044.7685646459504], [-1646.730962653954,3085.9717525], [85.991389279972,202.847389279972], [104.050068457546,185.20006845754602], [0.3929130583125202,0.9409099191375099], [3.0357417880794983,45.9947217880795], [-0.11243500562235909,1.413372683684571], [-23.420080000000002,52.02008000000001], [-8.71587047885889,22.08662952114111], [-23.358114299999997,86.3581143], [-95.1865481775853,157.1121722224147], [-64.4585685287378,91.2913842587352], [-0.2905791876680082,0.6734673515834422], [-0.287274986357315,0.6805181215417451], [-71.99225100000001,185.992251], [-64.42493408048901,120.23746591951101], [-13.098651229215744,70.08852503419054], [4.13,5.87], [3.5077355006851203,6.327735500685121], [0.3731368005609445,0.9728865334575694], 2.0, [-0.9334944951604698,3.12198150483953]","number_of_elements, entropy_atomic_mass, wtd_entropy_atomic_mass, range_atomic_mass, std_atomic_mass, wtd_std_atomic_mass, wtd_gmean_fie, wtd_std_fie, mean_atomic_radius, gmean_atomic_radius, wtd_entropy_atomic_radius, range_atomic_radius, std_atomic_radius, wtd_std_atomic_radius, wtd_mean_Density, gmean_Density, wtd_entropy_Density, range_Density, wtd_range_Density, std_Density, gmean_ElectronAffinity, wtd_gmean_ElectronAffinity, entropy_ElectronAffinity, wtd_mean_FusionHeat, entropy_FusionHeat, range_FusionHeat, wtd_range_FusionHeat, mean_ThermalConductivity, wtd_mean_ThermalConductivity, gmean_ThermalConductivity, entropy_ThermalConductivity, wtd_entropy_ThermalConductivity, range_ThermalConductivity, wtd_range_ThermalConductivity, wtd_std_ThermalConductivity, mean_Valence, wtd_gmean_Valence, entropy_Valence, range_Valence, wtd_range_Valence",0.0,0.1,1.0,1,1.0,921,921,0.49382716049382713,0.006963988749908306,0,0
"2.0, [-0.06911163588860292,1.3790604218345828], [0.34640445920623086,0.9534475041843412], [-4.30215110000001,114.2421511], [-51.47335590326634,61.601094596733674], [2.730290719819898,52.2299437198199], [675.6481906530073,951.7552712227487], [-7.800781748388545,116.78141762105955], [42.75,205.25], [55.245967676372004,192.745967676372], [0.312339374760215,1.073838650097167], [-40.24,44.24], [-33.65,-5.036505145200138], [-12.599877174347467,14.599521869258863], [1385.37078439378,10194.91347439378], [-2481.5376883404497,14008.11914165955], [0.25396459872058863,1.1227089773722474], [-3148.94278,4982.942779999999], [-2168.9717525,3085.9717525], [0.3929130583125202,0.9409099191375099], [3.0357417880794983,45.9947217880795], [-0.11243500562235909,1.413372683684571], [-23.420080000000002,52.02008000000001], [-8.71587047885889,22.08662952114111], [-23.358114299999997,86.3581143], [-95.1865481775853,157.1121722224147], [-64.4585685287378,91.2913842587352], [-0.2905791876680082,0.6734673515834422], [-0.287274986357315,0.6805181215417451], [-71.99225100000001,185.992251], [-64.42493408048901,120.23746591951101], [-13.098651229215744,70.08852503419054], [4.13,5.87], [3.5077355006851203,6.327735500685121], [0.3731368005609445,0.9728865334575694], 2.0, [-0.9334944951604698,3.12198150483953]","number_of_elements, entropy_atomic_mass, wtd_entropy_atomic_mass, range_atomic_mass, wtd_range_atomic_mass, wtd_std_atomic_mass, wtd_gmean_fie, wtd_std_fie, mean_atomic_radius, gmean_atomic_radius, wtd_entropy_atomic_radius, range_atomic_radius, std_atomic_radius, wtd_std_atomic_radius, wtd_mean_Density, gmean_Density, wtd_entropy_Density, range_Density, std_Density, entropy_ElectronAffinity, wtd_mean_FusionHeat, entropy_FusionHeat, range_FusionHeat, wtd_range_FusionHeat, mean_ThermalConductivity, wtd_mean_ThermalConductivity, gmean_ThermalConductivity, entropy_ThermalConductivity, wtd_entropy_ThermalConductivity, range_ThermalConductivity, wtd_range_ThermalConductivity, wtd_std_ThermalConductivity, mean_Valence, wtd_gmean_Valence, entropy_Valence, range_Valence, wtd_range_Valence",0.0,0.1,1.0,1,1.0,921,921,0.4567901234567901,0.006963988749908306,0,0
"[16.590792436473677,62.92892008150768], [-29.970838030899817,92.17069699163022], [58.329387499999996,214.30873250000002], [-38.049828149999996,71.3427331374522], [16.441101657503097,73.0121336575031], [816.1861811594163,1195.4724855072438], [637.6393656336766,1246.9791296496574], [0.6239984458997866,1.6455441390948495], [614.9250000000001,1273.6975], [336.5199710144925,960.4868265637656], [177.77158254260488,387.6338012308431], [0.9570256829685742,1.8994883933148257], [52.53822886817561,113.6311036071445], [-1946.9426449999992,11380.314245], [-7170.483867225181,7300.194073857473], [-8.650827084927002,221.815172915073], [-17.501931664689018,111.5440816531692], [22.8353940538955,146.1833940538955], [0.9596892715096843,1.7551685856104757], [0.29458783700388935,1.2830736941823888], [4.8999999999999915,249.2], [17.546620346595297,148.5766943333333], [15.662649397510478,82.44973514185332], [-15.194707704667183,25.668712295332824], [-28.512512546485155,37.49762745351485], [0.924324734555245,1.9097769666226623], [-8.601490000000002,34.35749], [-12.196108412982824,23.463424386705242], [-37.636116499999986,141.1386961], [12.496821866667005,207.82486346666698], [0.02931141778285551,0.7927755645778688], [38.40769066666701,174.897290666667], [112.33237917300801,198.326839173008], [132.01136757291167,200.2675121992963], [0.020000000000000018,3.98], [0.9700000000000002,3.19], [-1.6944141073231251,4.05146187923103], [-0.26342076893649624,3.04107133333333]","gmean_atomic_mass, wtd_gmean_atomic_mass, range_atomic_mass, wtd_range_atomic_mass, wtd_std_atomic_mass, wtd_mean_fie, wtd_gmean_fie, wtd_entropy_fie, range_fie, wtd_range_fie, std_fie, entropy_atomic_radius, std_atomic_radius, mean_Density, wtd_gmean_Density, wtd_mean_ElectronAffinity, gmean_ElectronAffinity, wtd_gmean_ElectronAffinity, entropy_ElectronAffinity, wtd_entropy_ElectronAffinity, range_ElectronAffinity, wtd_range_ElectronAffinity, std_ElectronAffinity, wtd_mean_FusionHeat, gmean_FusionHeat, entropy_FusionHeat, range_FusionHeat, wtd_std_FusionHeat, mean_ThermalConductivity, wtd_mean_ThermalConductivity, entropy_ThermalConductivity, wtd_range_ThermalConductivity, std_ThermalConductivity, wtd_std_ThermalConductivity, mean_Valence, wtd_mean_Valence, gmean_Valence, wtd_range_Valence",1,0.0009765625,0.25,1,4.1792,973,925,0.4691358024691358,0.02910390178361679,2,8
"[11.314789099463031,70.37613887981757], [-38.41030892870811,102.36298567352992], [-0.1624702049112195,0.8753775816642595], [100.8982125,152.8913275], [41.223051,85.671719], [32.364676005566096,91.9662990055661], [571.2386594202887,1164.4813405797113], [447.68339656687306,1085.2513965668732], [578.9608964268407,1064.5285208770754], [-0.15157253174893048,1.4236043661048505], [0.2864639436458526,0.8368752119564115], [157.3754516707267,387.2245483292733], [62.72087878552399,142.720878785524], [0.022384633220012495,1.2598209556425597], [74.24000000000001,181.76], [-29.446016302918892,105.04601630291889], [28.7725,99.22749999999999], [43.27879524124488,82.13507958925392], [-1895.91417,10301.91417], [-816.2570550000005,8445.057055000001], [-1581.3905206355203,9035.23784936448], [0.26942979654502797,0.8948046997058919], [0.37823477903723685,0.9233292911323951], [-3907.056995000001,11679.056995], [-5291.3356,7496.135600000001], [550.322267448955,3257.164588733225], [69.219,156.86100000000002], [31.79303389071289,164.8790338907129], [-17.99499999999999,229.79500000000002], [2.4524473640334676,103.44755263596653], [6.8338133435917,61.3183733435917], [-0.5453852733166571,0.980422415990273], [-0.465955685655146,0.792002944643878], [64.12326,133.27674000000002], [-38.2033299,191.2033299], [-61.36536539999999,239.7653654], [-11.694648912084467,119.90882519818447], [-0.28932516112336226,0.8707986403487222], [35.5544829720112,88.87959596137419], [2.15,4.85], [2.2199999999999998,4.98], [2.20410161513775,4.72410161513775], [1.5852049159320099,5.545204915932009], [-0.026396963357454784,1.2994252999470808], 1.0, [-0.09355700000000011,2.493557], [-0.235,1.2349999999999999], [-0.18510205144336406,1.164897948556636]","gmean_atomic_mass, wtd_gmean_atomic_mass, wtd_entropy_atomic_mass, range_atomic_mass, std_atomic_mass, wtd_std_atomic_mass, wtd_mean_fie, gmean_fie, wtd_gmean_fie, entropy_fie, wtd_entropy_fie, std_fie, wtd_gmean_atomic_radius, wtd_entropy_atomic_radius, range_atomic_radius, wtd_range_atomic_radius, std_atomic_radius, wtd_std_atomic_radius, mean_Density, wtd_mean_Density, gmean_Density, entropy_Density, wtd_entropy_Density, range_Density, wtd_range_Density, wtd_std_Density, wtd_mean_ElectronAffinity, wtd_gmean_ElectronAffinity, range_ElectronAffinity, std_ElectronAffinity, wtd_gmean_FusionHeat, entropy_FusionHeat, wtd_entropy_FusionHeat, range_FusionHeat, mean_ThermalConductivity, wtd_mean_ThermalConductivity, wtd_gmean_ThermalConductivity, entropy_ThermalConductivity, wtd_std_ThermalConductivity, mean_Valence, wtd_mean_Valence, gmean_Valence, wtd_gmean_Valence, wtd_entropy_Valence, range_Valence, wtd_range_Valence, std_Valence, wtd_std_Valence",0.0,1.0,1.0,1,1.0,927,927,0.5925925925925926,0.006963988749908306,1,1
"[26.85651333333331,148.0801533333333], [45.89698925972492,119.21452691809607], [39.6338234859233,99.6694932427601], [-49.267889582967,76.141955517033], [613.770789145939,1091.946789145939], [0.5445510588263079,1.645017110751552], [-190.48250000000002,553.0825], [80.5550326485102,518.7043080108298], [-51.64125642991206,216.68963451966846], [74.833333333333,179.833333333333], [47.993811962421006,202.993811962421], [78.77966171472701,186.279661714727], [0.7198912189896337,1.4481578588026465], [0.5938857994888922,1.1840477378750298], [2849.5835893406597,10529.69772934066], [1566.0216748977573,11505.319727275462], [0.41972093476515904,1.3395679239257388], [-3022.96134505495,9988.85145494505], [-2004.5425264339474,4762.563276776727], [-8.160274725274704,202.82972527472532], [0.22938094223985483,1.449115890527735], [0.5311114635098619,1.201271366681726], [24.77216130067832,142.0567996809877], [-9.246156666666701,33.712823333333304], [0.35188818989184323,1.6539107514337568], [0.2990462568513369,1.469646648935151], [-24.40978434065934,36.16846565934066], [-6.29720171467793,16.422198285322068], [-85.5342961333333,140.5476294666667], [-80.13860518791208,168.0907810120879], [-0.0917877167765383,0.4801042980336443], [11.83400365,145.12599635], [0.9526439380836962,71.8980734380837], [-37.03669780324775,114.40662308654315], [3.32,6.68], [2.9622031559046,6.5622031559046], [2.29968183721249,5.89968183721249], [0.25168391857101735,1.8581564174012626], [0.37028409949902885,1.7156037490286313], [0.9192135623731,1.9092135623731], [0.5326459018907801,2.4526459018907802]","mean_atomic_mass, gmean_atomic_mass, wtd_gmean_atomic_mass, wtd_range_atomic_mass, gmean_fie, entropy_fie, range_fie, wtd_range_fie, wtd_std_fie, mean_atomic_radius, gmean_atomic_radius, wtd_gmean_atomic_radius, entropy_atomic_radius, wtd_entropy_atomic_radius, wtd_mean_Density, wtd_gmean_Density, wtd_entropy_Density, wtd_range_Density, wtd_std_Density, wtd_mean_ElectronAffinity, entropy_ElectronAffinity, wtd_entropy_ElectronAffinity, std_ElectronAffinity, mean_FusionHeat, entropy_FusionHeat, wtd_entropy_FusionHeat, wtd_range_FusionHeat, std_FusionHeat, mean_ThermalConductivity, wtd_mean_ThermalConductivity, entropy_ThermalConductivity, range_ThermalConductivity, std_ThermalConductivity, wtd_std_ThermalConductivity, mean_Valence, gmean_Valence, wtd_gmean_Valence, entropy_Valence, wtd_entropy_Valence, std_Valence, wtd_std_Valence",0.0,1.0,1.0,1,1.0,933,933,0.5061728395061729,0.006963988749908306,1,1
"3.0, [12.6577755333333,77.3103835333333], [0.28366523141145344,1.2755639010848685], [19.251528366666694,72.7049049666667], [12.315175835256102,60.8046318352561], [13.0747916731744,61.56424767317439], [511.51891304347754,919.9810869565224], [623.017235860856,885.545235860856], [398.6054020261065,998.4242322293376], [0.44600181407310446,1.6759344603424955], [-270.44000000000074,593.3400000000007], [156.34350988320625,281.26149719763373], [114.25,176.75], [0.5624652915363448,1.0955147842722113], [-6.228295643790204,173.8949623104568], [25.047903246171497,75.8679032461715], [-1922.45701,12082.45701], [-431.4370482468303,8378.105641753169], [0.425279948808648,1.2851704406548359], [0.12565704544622075,1.1136408486186953], [4518.771495,11521.228505], [-396.5234666666702,9923.19013333333], [430.5087785174751,7301.723901777545], [-0.6373333333333022,155.1706666666667], [-9.396420988684199,149.65757901131582], [0.6940735614592342,1.2420704222842238], [1.4650000000000034,221.335], [13.744929266364778,80.53201501070762], [29.611066666666694,71.5222666666667], [11.300496666666696,66.83283666666671], [0.45754541218742556,1.1085566929583823], [0.673228340380817,1.1973777696720769], [124.78705453333299,217.879612133333], [114.195987866667,228.137345466667], [65.86056158124218,266.1105008794218], [0.4938246131073475,1.6376086427277126], [0.4388594443896834,1.5518215184736026], [-31.309600000000003,141.3096], [3.0733333333333306,5.59333333333333], [2.9866666666666695,6.346666666666669], [0.5545440417368599,1.5612668076704803], [0.6289031567804155,1.1553325848572165], 3.0, [1.28450333333333,3.38216333333333]","number_of_elements, mean_atomic_mass, entropy_atomic_mass, wtd_range_atomic_mass, std_atomic_mass, wtd_std_atomic_mass, wtd_mean_fie, gmean_fie, wtd_gmean_fie, entropy_fie, wtd_range_fie, std_fie, wtd_mean_atomic_radius, wtd_entropy_atomic_radius, wtd_range_atomic_radius, std_atomic_radius, mean_Density, gmean_Density, entropy_Density, wtd_entropy_Density, range_Density, wtd_range_Density, wtd_std_Density, wtd_mean_ElectronAffinity, wtd_gmean_ElectronAffinity, entropy_ElectronAffinity, range_ElectronAffinity, std_ElectronAffinity, mean_FusionHeat, wtd_mean_FusionHeat, entropy_FusionHeat, wtd_entropy_FusionHeat, mean_ThermalConductivity, wtd_mean_ThermalConductivity, gmean_ThermalConductivity, entropy_ThermalConductivity, wtd_entropy_ThermalConductivity, wtd_range_ThermalConductivity, mean_Valence, wtd_mean_Valence, entropy_Valence, wtd_entropy_Valence, range_Valence, wtd_range_Valence",0.0,1.0,1.0,1,1.0,934,934,0.5432098765432098,0.006963988749908306,1,1
"2.0, [15.342467999999997,128.484532], [10.58350488,87.55514511999999], [-0.45202543263184225,136.00005854267005], [-2.218622,50.311622], [361.8536594202888,955.0963405797113], [478.956242194114,863.3722421941139], [-207.81,261.81], [173.56717391304284,1074.9028260869572], [144.25,221.75], [130.347531974128,197.847531974128], [120.087098756041,232.587098756041], [0.15692524221251147,1.2279055948787065], [-52.56,80.56], [94.80069681830119,238.8993031816988], [-24.527946189816777,28.899444788695657], [2966.70133617251,10646.81547617251], [-1272.349089314118,10474.094063495897], [-2.571000000000005,85.071], [-111.01750000000001,132.4325], [-22.845464794274204,74.5345352057258], [0.22350412106733156,0.6926160532876364], [-66.575,195.175], [14.25275,40.447250000000004], [0.23538254229870004,1.0491466432623962], [-0.2994993024554231,0.6789129655549291], [0.5355199999999982,34.06448], [-13.319987884393123,18.721911153007746], [17.330050200000002,143.66994979999998], [-0.15480131301350802,1.006550416465364], [-40.233799999999995,76.18379999999999], [-32.6470915,57.6470915], [2.7689794855663603,7.02897948556636], [0.3624269839020763,0.9835963501164376], [2.631248,4.868752000000001], [0.44500000000000006,1.555], [-0.51275010008008,1.13724989991992]","number_of_elements, mean_atomic_mass, wtd_mean_atomic_mass, gmean_atomic_mass, std_atomic_mass, wtd_mean_fie, gmean_fie, range_fie, wtd_range_fie, mean_atomic_radius, gmean_atomic_radius, wtd_gmean_atomic_radius, entropy_atomic_radius, range_atomic_radius, wtd_range_atomic_radius, wtd_std_atomic_radius, gmean_Density, wtd_gmean_Density, mean_ElectronAffinity, wtd_mean_ElectronAffinity, gmean_ElectronAffinity, wtd_entropy_ElectronAffinity, range_ElectronAffinity, mean_FusionHeat, entropy_FusionHeat, wtd_entropy_FusionHeat, range_FusionHeat, wtd_std_FusionHeat, mean_ThermalConductivity, wtd_entropy_ThermalConductivity, wtd_range_ThermalConductivity, std_ThermalConductivity, gmean_Valence, entropy_Valence, wtd_range_Valence, std_Valence, wtd_std_Valence",0.0,0.1,1.0,1,1.5,935,935,0.4567901234567901,0.01044598312486246,0,0
"2.0, [10.58350488,87.55514511999999], [-0.45202543263184225,136.00005854267005], [-2.218622,50.311622], [361.8536594202888,955.0963405797113], [478.956242194114,863.3722421941139], [-207.81,261.81], [144.25,221.75], [120.087098756041,232.587098756041], [0.15692524221251147,1.2279055948787065], [-52.56,80.56], [94.80069681830119,238.8993031816988], [-24.527946189816777,28.899444788695657], [2256.35725,13550.642749999999], [2966.70133617251,10646.81547617251], [-1272.349089314118,10474.094063495897], [-2.571000000000005,85.071], [-111.01750000000001,132.4325], [-22.845464794274204,74.5345352057258], [0.22350412106733156,0.6926160532876364], [-66.575,195.175], [14.25275,40.447250000000004], [0.23538254229870004,1.0491466432623962], [-0.2994993024554231,0.6789129655549291], [0.5355199999999982,34.06448], [-13.319987884393123,18.721911153007746], [17.330050200000002,143.66994979999998], [-65.2945757,115.2945757], [-40.233799999999995,76.18379999999999], [2.7689794855663603,7.02897948556636], [0.3624269839020763,0.9835963501164376], [2.631248,4.868752000000001], [-0.51275010008008,1.13724989991992]","number_of_elements, wtd_mean_atomic_mass, gmean_atomic_mass, std_atomic_mass, wtd_mean_fie, gmean_fie, range_fie, mean_atomic_radius, wtd_gmean_atomic_radius, entropy_atomic_radius, range_atomic_radius, wtd_range_atomic_radius, wtd_std_atomic_radius, wtd_mean_Density, gmean_Density, wtd_gmean_Density, mean_ElectronAffinity, wtd_mean_ElectronAffinity, gmean_ElectronAffinity, wtd_entropy_ElectronAffinity, range_ElectronAffinity, mean_FusionHeat, entropy_FusionHeat, wtd_entropy_FusionHeat, range_FusionHeat, wtd_std_FusionHeat, mean_ThermalConductivity, range_ThermalConductivity, wtd_range_ThermalConductivity, gmean_Valence, entropy_Valence, wtd_range_Valence, wtd_std_Valence",0.0,0.1,1.0,1,1.5,935,935,0.4074074074074074,0.01044598312486246,0,0
"3.0, [51.980047199999994,146.9385652], [20.893040479999996,138.37607032], [20.47839066875858,132.4912954246034], [16.06807173957752,123.71823820011248], [483.44533333333305,727.2213333333331], [439.8925383184139,768.052538318414], [447.01217961227394,827.849532122262], [0.23482547090679995,1.1114063796976899], [-86.20750227117017,168.62519185026196], [105.53974116934299,243.039741169343], [28.560000000000002,151.44], [86.09891401525098,206.181085984749], [-0.14818008801810123,80.70181991198191], [12.080518923782183,57.736653032692814], [4917.990538333331,11468.676128333329], [1294.2786849999993,13266.221315], [-1378.766228563687,14433.753400219028], [0.15996342201683095,0.9435367831536212], [-33.537333333333294,122.2706666666667], [21.53524999999999,125.40725], [-84.30100194061211,120.19699805938791], [0.19682584909502832,1.1867556621982356], [13.97474096958371,56.3275270513621], [-33.95679390038088,81.01479209144287], [-13.946050000000007,59.39855000000001], [-16.456458066136804,58.9837019338632], [0.5425416761411224,1.5190585972975577], [4.791000000000002,31.4865], [-1.2172640163268689,15.82228598367313], [-6.747634964404703,20.643020664341204], [0.9332398000000097,207.06676019999998], [-23.99252599999997,220.16752599999998], [-3.595522727603239,136.26157773461745], [-70.5733,186.3483], [24.695964593420797,162.2871005934208], [14.206088851911744,144.31936454595746], [2.4699999999999998,5.53], [4.598133456184622,5.5038889609491495], [0.2718861362163254,0.9152998816435265], 2.0, [1.9091770000000001,4.915823], [-0.08350341907227388,1.716496580927726], [0.26521312403361086,1.465213124033611]","number_of_elements, mean_atomic_mass, wtd_mean_atomic_mass, gmean_atomic_mass, wtd_gmean_atomic_mass, mean_fie, gmean_fie, wtd_gmean_fie, wtd_entropy_fie, std_fie, wtd_gmean_atomic_radius, range_atomic_radius, wtd_range_atomic_radius, std_atomic_radius, wtd_std_atomic_radius, mean_Density, wtd_mean_Density, wtd_gmean_Density, wtd_entropy_Density, mean_ElectronAffinity, wtd_mean_ElectronAffinity, gmean_ElectronAffinity, entropy_ElectronAffinity, std_ElectronAffinity, wtd_std_ElectronAffinity, wtd_mean_FusionHeat, wtd_gmean_FusionHeat, entropy_FusionHeat, wtd_range_FusionHeat, std_FusionHeat, wtd_std_FusionHeat, mean_ThermalConductivity, wtd_mean_ThermalConductivity, gmean_ThermalConductivity, wtd_range_ThermalConductivity, std_ThermalConductivity, wtd_std_ThermalConductivity, mean_Valence, wtd_gmean_Valence, wtd_entropy_Valence, range_Valence, wtd_range_Valence, std_Valence, wtd_std_Valence",0.0,0.1,1.0,1,1.0,936,936,0.5432098765432098,0.006963988749908306,0,0
"7.0, [49.578264,126.35323600000001], [1.0478587246751419,2.0465424438326782], [141.2872096,241.1139904], [21.893412155018797,85.5358231550188], [548.3315579710138,947.0684420289863], [425.300277127473,1053.492277127473], [425.59841757104016,1006.3753801487718], [168.0628370267175,317.9644218040305], [164.16548170663364,327.08066549745035], [53.742303239113,241.242303239113], [25.447598700274185,95.09525844258302], [23.86658283462164,87.97945200883656], [-614.0528864285707,11357.889743571432], [15.032814999999573,10631.661185], [-2274.5502948347294,5405.816382002589], [1.104298409496598,2.120532627133002], [0.868826215751157,1.771639001408763], [6256.142525,16420.999475], [-2824.4025428571404,7943.99425714286], [2641.8310274247096,5322.92465242471], [484.5586588599476,7459.883102169413], [-14.198999999999998,141.60899999999998], [-53.73345517335942,115.05854482664061], [0.7296693000065099,1.9494042482943903], [0.8190167783492346,1.4556686863625055], [65.965,216.035], [21.3252868315033,86.48341926500851], [28.71165051231267,84.50668489069773], [-19.05442285714286,35.43013714285714], [-31.245889533660584,41.05093046633942], [-31.368940460374695,41.97565953962532], [1.3816332777980405,2.1343650711894595], [1.122710594779748,1.681803319357092], [-13.555680668750814,22.103852130937252], [42.04152180000001,181.6803582], [1.5585714285714303,3.29857142857143], [1.37986162551737,3.29986162551737], [1.2949604935546468,2.515879592665633], 2.0, [0.14343135908468407,1.313431359084684], [0.15119830876588292,1.231198308765883]","number_of_elements, mean_atomic_mass, wtd_entropy_atomic_mass, range_atomic_mass, wtd_std_atomic_mass, wtd_mean_fie, gmean_fie, wtd_gmean_fie, std_fie, wtd_std_fie, wtd_gmean_atomic_radius, wtd_range_atomic_radius, wtd_std_atomic_radius, mean_Density, wtd_mean_Density, wtd_gmean_Density, entropy_Density, wtd_entropy_Density, range_Density, wtd_range_Density, std_Density, wtd_std_Density, wtd_mean_ElectronAffinity, wtd_gmean_ElectronAffinity, entropy_ElectronAffinity, wtd_entropy_ElectronAffinity, range_ElectronAffinity, std_ElectronAffinity, wtd_std_ElectronAffinity, wtd_mean_FusionHeat, gmean_FusionHeat, wtd_gmean_FusionHeat, entropy_FusionHeat, wtd_entropy_FusionHeat, wtd_std_FusionHeat, mean_ThermalConductivity, mean_Valence, gmean_Valence, entropy_Valence, range_Valence, std_Valence, wtd_std_Valence",0.0,1.0,1.0,1,1.0,942,942,0.5185185185185185,0.006963988749908306,1,1
"[93.83858000000001,154.4504], [63.69554450064142,181.6966885054586], [0.36104992512757295,1.8290599562442271], [-38.30426800000001,86.479208], [-12.171597686608301,33.2872673133917], [-12.942649715807889,31.50601828419211], [361.0917391304338,915.4332608695663], [0.6810551079995364,1.5010102055124637], [-44.26336956521794,631.7383695652179], [-79.7924086587228,230.0041998810574], [101.583333333333,229.083333333333], [0.43707056542548106,1.743666595678239], [0.43565108774640426,1.5969374826352558], [-12.719999999999999,112.72], [11.484561530370677,93.14043846962932], [-3.9572094537278986,46.8627905462721], [7.75754191910435,33.985533854010455], [2953.05722,11084.94278], [1478.1076750178909,12320.62175501789], [-3652.485600000001,9134.9856], [-2186.0006352992386,3283.430359700761], [-47.46400000000002,173.264], [9.486000000000004,149.06400000000002], [-44.87818096387221,185.5878190361278], [0.5649119822622573,1.3603912963630487], [0.20148265305700286,1.1564605150769092], [31.285000000000004,125.51500000000001], [-22.137292999999985,133.137293], [-8.973051710955886,75.73252045260088], [10.386344501272518,57.727585792023476], [-7.71326789702404,19.529012102975962], [0.54299722409601,1.5602023503006301], [0.3827613597756869,1.343701980142997], [-18.263379999999998,25.743380000000002], [-2.5204814000000013,110.5204814], [-88.14886409999997,200.77386409999997], [-71.34919728068627,154.32930573789707], [-66.618821758519,158.98713385908482], [0.5445827931250942,1.2798725264524717], [-70.74160525000002,208.74160525000002], [-41.55831692779108,92.82096780540368], [1.3833333333333298,5.28333333333333], [2.52192724889463,4.08192724889463], [2.2369499281301,4.8169499281301], [0.3713422592010438,1.8064576914893962], [0.044332999999999734,3.330667], [-0.548595479208968,1.491404520791032], [0.10607837082461097,0.8860783708246109]","mean_atomic_mass, wtd_gmean_atomic_mass, entropy_atomic_mass, range_atomic_mass, std_atomic_mass, wtd_std_atomic_mass, wtd_mean_fie, entropy_fie, wtd_range_fie, std_fie, mean_atomic_radius, entropy_atomic_radius, wtd_entropy_atomic_radius, range_atomic_radius, wtd_range_atomic_radius, std_atomic_radius, wtd_std_atomic_radius, wtd_mean_Density, gmean_Density, wtd_range_Density, std_Density, mean_ElectronAffinity, wtd_mean_ElectronAffinity, wtd_gmean_ElectronAffinity, entropy_ElectronAffinity, wtd_entropy_ElectronAffinity, range_ElectronAffinity, wtd_range_ElectronAffinity, std_ElectronAffinity, wtd_std_ElectronAffinity, wtd_gmean_FusionHeat, entropy_FusionHeat, wtd_entropy_FusionHeat, range_FusionHeat, mean_ThermalConductivity, wtd_mean_ThermalConductivity, gmean_ThermalConductivity, wtd_gmean_ThermalConductivity, entropy_ThermalConductivity, range_ThermalConductivity, wtd_std_ThermalConductivity, mean_Valence, gmean_Valence, wtd_gmean_Valence, entropy_Valence, wtd_range_Valence, std_Valence, wtd_std_Valence",0.0,1.0,1.0,1,1.0,944,944,0.5925925925925926,0.006963988749908306,1,1
"5.0, [-9.896283000000004,125.47011499999999], [-38.685738164547374,97.94716541997776], [1.022323401618225,1.6293664465963351], [-32.428530664381896,66.2546261356181], [843.3324670498325,1212.8934815425876], [434.289713740764,828.0817137407639], [631.09427791297,1268.9968433672], [0.39403660257588846,1.1279182936566334], [295.5470133722929,429.7124588470831], [130.65,228.15], [25.976438188493987,198.476438188494], [69.65590964191598,242.15590964191603], [0.9712232680077544,2.0207840136206254], [0.7693051794026252,2.1209663931257148], [164.51999999999998,269.48], [-30.765950164641744,96.52115212302616], [54.05744223872955,110.39905454334266], [-3307.2009659057503,7309.42740409425], [-2566.046373553209,3532.867796446791], [0.46494772145548047,1.5007249048156615], [0.13910717948542428,1.17819359316682], [-1680.38832851897,4825.51807148103], [1750.8868166252598,4431.98044162526], [-26.531000000000006,164.983], [0.7151959373687781,2.0233174761123016], [31.269999999999996,240.67000000000002], [54.6990297197062,118.1210437197062], [-8.19819,24.28299], [-35.08875741864495,41.399182581355056], [19.344183288282654,24.266836848721265], [0.2502956641403359,1.6947269433508962], [0.16529724620103103,1.213596104783551], [-8.522630000000003,61.67863], [-0.8621672842774597,20.308182715722538], [-76.60984939999999,169.42048139999997], [-24.352578034386397,101.79678216561359], [-71.96715205000001,241.91399205000002], [-46.30354614443085,66.09965385556916], [-36.3436374801726,92.6480525198274], [-26.568254800896234,77.94896665825524], [0.9805642030260799,2.6605642030260803], [0.28565366721360963,4.18565366721361], [0.8038195155692167,2.024738614680203], [0.95969384566991,1.97969384566991], [0.8407037424968801,1.6207037424968802]","number_of_elements, mean_atomic_mass, wtd_gmean_atomic_mass, wtd_entropy_atomic_mass, wtd_range_atomic_mass, wtd_mean_fie, gmean_fie, wtd_gmean_fie, wtd_entropy_fie, wtd_std_fie, mean_atomic_radius, wtd_mean_atomic_radius, gmean_atomic_radius, entropy_atomic_radius, wtd_entropy_atomic_radius, range_atomic_radius, wtd_range_atomic_radius, wtd_std_atomic_radius, wtd_mean_Density, gmean_Density, entropy_Density, wtd_entropy_Density, wtd_range_Density, std_Density, mean_ElectronAffinity, entropy_ElectronAffinity, range_ElectronAffinity, wtd_range_ElectronAffinity, mean_FusionHeat, gmean_FusionHeat, wtd_gmean_FusionHeat, entropy_FusionHeat, wtd_entropy_FusionHeat, range_FusionHeat, std_FusionHeat, mean_ThermalConductivity, wtd_mean_ThermalConductivity, range_ThermalConductivity, wtd_range_ThermalConductivity, std_ThermalConductivity, wtd_std_ThermalConductivity, gmean_Valence, wtd_gmean_Valence, entropy_Valence, std_Valence, wtd_std_Valence",0.0,0.1,1.0,1,1.0,945,945,0.5679012345679012,0.006963988749908306,0,0
"5.0, [-9.896283000000004,125.47011499999999], [-38.685738164547374,97.94716541997776], [1.022323401618225,1.6293664465963351], [-32.428530664381896,66.2546261356181], [843.3324670498325,1212.8934815425876], [434.289713740764,828.0817137407639], [631.09427791297,1268.9968433672], [0.39403660257588846,1.1279182936566334], [741.9250000000001,1133.275], [295.5470133722929,429.7124588470831], [130.65,228.15], [25.976438188493987,198.476438188494], [69.65590964191598,242.15590964191603], [0.7693051794026252,2.1209663931257148], [164.51999999999998,269.48], [-30.765950164641744,96.52115212302616], [54.05744223872955,110.39905454334266], [-3307.2009659057503,7309.42740409425], [-2566.046373553209,3532.867796446791], [0.46494772145548047,1.5007249048156615], [0.13910717948542428,1.17819359316682], [-1680.38832851897,4825.51807148103], [1750.8868166252598,4431.98044162526], [-26.531000000000006,164.983], [0.7151959373687781,2.0233174761123016], [31.269999999999996,240.67000000000002], [54.6990297197062,118.1210437197062], [-8.19819,24.28299], [-35.08875741864495,41.399182581355056], [-17.328116711717353,19.344183288282654], [0.2502956641403359,1.1293992383380038], [0.16529724620103103,1.213596104783551], [-8.522630000000003,61.67863], [-0.8621672842774597,20.308182715722538], [-76.60984939999999,169.42048139999997], [-71.96715205000001,241.91399205000002], [-46.30354614443085,66.09965385556916], [-36.3436374801726,92.6480525198274], [-26.568254800896234,77.94896665825524], [0.9805642030260799,2.6605642030260803], [0.28565366721360963,4.18565366721361], [0.8038195155692167,2.024738614680203], [0.8407037424968801,1.6207037424968802]","number_of_elements, mean_atomic_mass, wtd_gmean_atomic_mass, wtd_entropy_atomic_mass, wtd_range_atomic_mass, wtd_mean_fie, gmean_fie, wtd_gmean_fie, wtd_entropy_fie, range_fie, wtd_std_fie, mean_atomic_radius, wtd_mean_atomic_radius, gmean_atomic_radius, wtd_entropy_atomic_radius, range_atomic_radius, wtd_range_atomic_radius, wtd_std_atomic_radius, wtd_mean_Density, gmean_Density, entropy_Density, wtd_entropy_Density, wtd_range_Density, std_Density, mean_ElectronAffinity, entropy_ElectronAffinity, range_ElectronAffinity, wtd_range_ElectronAffinity, mean_FusionHeat, gmean_FusionHeat, wtd_gmean_FusionHeat, entropy_FusionHeat, wtd_entropy_FusionHeat, range_FusionHeat, std_FusionHeat, mean_ThermalConductivity, range_ThermalConductivity, wtd_range_ThermalConductivity, std_ThermalConductivity, wtd_std_ThermalConductivity, gmean_Valence, wtd_gmean_Valence, entropy_Valence, wtd_std_Valence",0.0,0.1,1.0,1,1.0,945,945,0.5432098765432098,0.006963988749908306,0,0
"[68.3036476666667,122.8542856666667], [-10.106014250000008,61.850454250000006], [855.1854739130463,1156.6694594202938], [750.2893828969761,1140.6476692197139], [1.4255637807889963,2.051318986785704], [0.5899462909605646,1.4869128022814755], [229.60708985507205,1155.979843478262], [163.06025273916163,503.2654894788083], [57.66688862570001,235.1668886257], [1.4070345543425153,2.0067835518355848], [108.2,261.8], [38.7376009308971,84.9376009308971], [35.056031613707646,99.16890078792257], [-2952.0965150000006,9019.846115], [-4837.25678653048,7360.57155346952], [0.8012155182227048,1.584788879359495], [6051.456785,13505.685215], [-4641.8145333333305,7248.2902666666705], [732.4952597459578,7291.382422857842], [28.924999999999997,110.075], [-8.146530292231603,79.49546970776841], [0.8342282255046886,2.0186085376103113], [54.870000000000005,222.39], [3.621142000000006,147.960898], [9.499590918964103,94.0375217953051], [-22.449176666666673,39.36984333333333], [-30.12773666666667,40.073523333333334], [-12.53267518659733,23.091844813402673], [-11.772729506877011,14.42177049312299], [-12.302816772751832,22.83991120375235], [37.5226447,180.4862153], [-45.12523821276729,72.4818689941001], [-66.74759000931917,68.61598336124314], [0.3104329089823475,1.1975765912231526], [273.13103985,526.81580015], [94.591313537009,199.934527037009], [70.85827467780088,203.10455489142112], [0.78288287167843,4.2028828716784306], 3.0, [-0.7893053333333302,2.84663866666667]","mean_atomic_mass, wtd_range_atomic_mass, wtd_mean_fie, wtd_gmean_fie, entropy_fie, wtd_entropy_fie, wtd_range_fie, wtd_std_fie, gmean_atomic_radius, entropy_atomic_radius, range_atomic_radius, std_atomic_radius, wtd_std_atomic_radius, wtd_mean_Density, gmean_Density, wtd_entropy_Density, range_Density, wtd_range_Density, wtd_std_Density, mean_ElectronAffinity, gmean_ElectronAffinity, entropy_ElectronAffinity, range_ElectronAffinity, wtd_range_ElectronAffinity, wtd_std_ElectronAffinity, mean_FusionHeat, wtd_mean_FusionHeat, gmean_FusionHeat, wtd_gmean_FusionHeat, wtd_std_FusionHeat, mean_ThermalConductivity, gmean_ThermalConductivity, wtd_gmean_ThermalConductivity, wtd_entropy_ThermalConductivity, range_ThermalConductivity, std_ThermalConductivity, wtd_std_ThermalConductivity, gmean_Valence, range_Valence, wtd_range_Valence",1.0,1.0,1.0,1,1.5,985,947,0.49382716049382713,0.01044598312486246,2,2
"5.0, [-2.781517000000001,80.05463700000001], [-8.732662951534401,80.39239416846561], [0.866539421438526,1.4344183989986938], [34.014808,117.203792], [-25.074622898941797,61.273139301058194], [16.9952092829554,45.2807252829554], [1.2207429416406719,1.8896536790854281], [617.69,1087.31], [443.64957211870245,981.9472532781235], [244.36818803425462,407.28337182507136], [58.25,155.75], [58.175882942913205,120.6758829429132], [41.633003283531096,111.6330032835311], [49.58485711170565,90.38395567711515], [-3909.00325018077,4222.88230981923], [-6181.653556808513,6242.46900866362], [0.4355912529181865,1.3541106419357056], [0.34315451928727414,1.501480357489486], [3537.4919600000003,14380.00604], [-1856.1615661375658,3752.378433862434], [-254.93777152316034,6823.14939847684], [36.253,136.87900000000002], [-34.8827094902383,120.9252905097617], [15.119055836512587,118.9910558365126], [0.46733238546287714,1.0704762983175549], [73.83500000000001,223.905], [35.98641241269841,127.83898441269841], [-12.383680000000002,63.05648000000001], [-23.88608525271455,31.646254747285454], [-0.0890751574220604,1.2739797116921303], [-22.522775793650787,38.05547420634921], [55.1652664,174.85569759999998], [1.1166234121693108,119.1273152121693], [0.5471450852569588,0.9883189252533853], [0.278157482984294,1.34272990167326], [307.52972345,492.41861655], [-58.032777671957696,142.6872223280423], [103.0797233886,199.8234908886], [87.39285250249841,157.7820016484576], [0.5898941798941799,3.7698941798941803], [0.6014618792310298,4.38146187923103], [1.029466417299385,2.100448083186215], [0.8313211348328127,1.7476982874109475], 2.0, [-0.3402389417989402,2.4566410582010603]","number_of_elements, mean_atomic_mass, wtd_mean_atomic_mass, wtd_entropy_atomic_mass, range_atomic_mass, wtd_range_atomic_mass, std_atomic_mass, entropy_fie, range_fie, wtd_range_fie, wtd_std_fie, mean_atomic_radius, gmean_atomic_radius, wtd_gmean_atomic_radius, wtd_std_atomic_radius, gmean_Density, wtd_gmean_Density, entropy_Density, wtd_entropy_Density, range_Density, wtd_range_Density, std_Density, mean_ElectronAffinity, gmean_ElectronAffinity, wtd_gmean_ElectronAffinity, wtd_entropy_ElectronAffinity, range_ElectronAffinity, wtd_range_ElectronAffinity, mean_FusionHeat, gmean_FusionHeat, entropy_FusionHeat, wtd_range_FusionHeat, mean_ThermalConductivity, wtd_mean_ThermalConductivity, entropy_ThermalConductivity, wtd_entropy_ThermalConductivity, range_ThermalConductivity, wtd_range_ThermalConductivity, std_ThermalConductivity, wtd_std_ThermalConductivity, wtd_mean_Valence, gmean_Valence, entropy_Valence, wtd_entropy_Valence, range_Valence, wtd_range_Valence",0.0,1.0,1.0,1,1.0,948,948,0.5679012345679012,0.006963988749908306,1,1
"4.0, [20.675548779999993,128.03073122], [0.8679423742108925,1.8598410438843074], [-18.184540797050605,51.51905220294941], [-0.6796827969216981,29.6262272030783], [538.6024359074004,1005.1281927321356], [0.8459953712443378,1.5594914597950624], [51.50749999999999,742.8924999999999], [84.60631167598241,213.9801340981016], [113.0,220.5], [79.764453606671,244.764453606671], [111.72106774481401,186.721067744814], [0.8565981841659485,1.8633197156721717], [0.6439875434973433,2.014686239103857], [-51.455055219563675,109.45505521956368], [14.252534273646496,61.6075342736465], [5.777675143207404,72.804765643523], [-586.4570100000001,13418.45701], [2097.2493688909503,9551.72290817423], [0.575093522238815,1.943101122903205], [-2650.6320000000005,6323.032], [-1213.488344512772,6594.710659191853], [-26.112000000000016,123.20400000000001], [-85.5961180757873,148.11588192421272], [7.2749999999999915,185.265], [-8.203870520549408,89.5333281297084], [-1.1078200000000002,38.70782], [0.928298914941033,1.6403425032842671], [0.5116564877900398,1.73467182280298], [3.4594099999999983,35.94059], [-5.921249999999999,24.88125], [8.5542528,114.9457472], [1.0713328311935066,1.4961668993382136], [-8.435950758716302,73.2587862412837], [3.0,4.8], [1.89284150148471,5.43284150148471], [0.5446993891686907,2.0654933547279892], [0.8806906470838995,1.5241043925111006]","number_of_elements, wtd_mean_atomic_mass, entropy_atomic_mass, std_atomic_mass, wtd_std_atomic_mass, wtd_gmean_fie, wtd_entropy_fie, range_fie, wtd_std_fie, mean_atomic_radius, gmean_atomic_radius, wtd_gmean_atomic_radius, entropy_atomic_radius, wtd_entropy_atomic_radius, wtd_range_atomic_radius, std_atomic_radius, wtd_std_atomic_radius, wtd_mean_Density, wtd_gmean_Density, entropy_Density, wtd_range_Density, wtd_std_Density, wtd_mean_ElectronAffinity, wtd_gmean_ElectronAffinity, range_ElectronAffinity, std_ElectronAffinity, mean_FusionHeat, entropy_FusionHeat, wtd_entropy_FusionHeat, range_FusionHeat, wtd_range_FusionHeat, mean_ThermalConductivity, entropy_ThermalConductivity, std_ThermalConductivity, wtd_mean_Valence, gmean_Valence, entropy_Valence, wtd_entropy_Valence",0.0,1.0,1.0,1,3.0,951,951,0.4691358024691358,0.02089196624972492,1,1
"2.0, [73.61355426,176.91759774], [50.43962913268089,195.0381061811351], [55.86997782667821,194.5730769200598], [0.4148589001939457,0.9703221552110581], [0.23097912187050712,0.740111998303761], [8.908956149999995,146.65419585], [-26.523023499999997,33.078599499999996], [671.1092391304337,1225.4507608695662], [666.887395866449,1023.175395866449], [658.6458947994419,1220.380989751674], [445.92536231884026,884.0746376811597], [68.75,191.25], [84.75,157.25], [96.63171570144999,161.63171570145], [86.706952829276,154.20695282927602], [0.21524417040872118,1.1577068807549729], [-2.0,62.0], [-19.085027478407234,43.085027478407234], [-797.8570250000002,11625.857025000001], [2067.3017388648377,8618.202727931963], [-3841.8570250000002,8581.857025000001], [-5698.4684,10678.4684], [108.616,296.884], [0.28105699539210005,0.8820858104904759], [-13.051710000000003,27.81171], [-22.491519690924694,37.23194030907531], [-11.782260477602438,26.98559952239756], [0.180412034633873,0.774448054497301], [-33.81674,35.33674], [-14.424937460740724,15.032937460740724], [-120.98139244552604,123.42505947354479], [6.354616199999995,126.74738380000001], [-113.41279999999999,139.49439999999998], [4.99,7.8100000000000005], [4.48879072460587,8.02879072460587], [0.07715167432250469,1.2338118734802812], 3.0, [2.9820279999999997,6.617972], [0.99,2.01]","number_of_elements, wtd_mean_atomic_mass, gmean_atomic_mass, wtd_gmean_atomic_mass, entropy_atomic_mass, wtd_entropy_atomic_mass, wtd_range_atomic_mass, wtd_std_atomic_mass, wtd_mean_fie, gmean_fie, wtd_gmean_fie, wtd_range_fie, mean_atomic_radius, wtd_mean_atomic_radius, gmean_atomic_radius, wtd_gmean_atomic_radius, entropy_atomic_radius, range_atomic_radius, wtd_std_atomic_radius, wtd_mean_Density, wtd_gmean_Density, range_Density, wtd_range_Density, mean_ElectronAffinity, entropy_ElectronAffinity, mean_FusionHeat, gmean_FusionHeat, wtd_gmean_FusionHeat, wtd_entropy_FusionHeat, range_FusionHeat, wtd_std_FusionHeat, wtd_gmean_ThermalConductivity, range_ThermalConductivity, wtd_range_ThermalConductivity, wtd_mean_Valence, wtd_gmean_Valence, entropy_Valence, range_Valence, wtd_range_Valence, std_Valence",0.0,1.0,1.0,1,1.0,952,952,0.49382716049382713,0.006963988749908306,1,1
"4.0, [28.627288000000007,172.075262], [35.561797108344436,94.62314688869897], [0.7149002430747047,1.4092293118460952], [0.6006337681877743,1.5209893525094256], [-3.7123053500000083,80.57955775], [41.4354916384955,116.19006963849549], [387.159809830507,940.343809830507], [0.9797504069685183,1.5839278472412015], [72.14,142.14], [57.07634217532798,229.57634217532802], [-2425.929365,7287.156165], [-4065.037656403749,4970.390743596251], [-3691.9635694440367,3762.5099698392432], [0.2733565995589575,1.2700478514715845], [0.1120983819398293,1.0489795746033828], [880.4119152849598,6778.81789028496], [2062.804656924685,5602.5215386041145], [-28.73450000000001,179.0095], [2.9746999999999844,217.2107], [-63.6107861152486,176.5932138847514], [0.4460296482655923,0.9318955780651936], [-9.458984180571356,104.56774757806275], [-13.777993346011613,15.55984665398839], [0.6442640849726129,1.356307673315847], [0.37316829333546897,1.491353742490157], [-15.921325,20.014925], [-13.3772667,76.39055669999999], [0.03373688709867151,1.2428800041259147], [0.3304624015499605,1.3143853945806716], [35.4772945,164.4695455], [0.40944172216655894,1.6962692130209611]","number_of_elements, mean_atomic_mass, gmean_atomic_mass, entropy_atomic_mass, wtd_entropy_atomic_mass, wtd_range_atomic_mass, wtd_std_atomic_mass, gmean_fie, entropy_fie, wtd_mean_atomic_radius, gmean_atomic_radius, wtd_mean_Density, gmean_Density, wtd_gmean_Density, entropy_Density, wtd_entropy_Density, std_Density, wtd_std_Density, mean_ElectronAffinity, wtd_mean_ElectronAffinity, gmean_ElectronAffinity, wtd_entropy_ElectronAffinity, std_ElectronAffinity, wtd_gmean_FusionHeat, entropy_FusionHeat, wtd_entropy_FusionHeat, wtd_range_FusionHeat, mean_ThermalConductivity, entropy_ThermalConductivity, wtd_entropy_ThermalConductivity, range_ThermalConductivity, wtd_entropy_Valence",1,0.0,0.0,1,2.0,954,954,0.3950617283950617,0.013927977499816613,0,1
"[11.669654999999992,142.99526500000002], [0.5532792233398585,1.5650158664067417], [0.510952698334961,1.685874720873239], [-14.232771100000008,104.31153110000001], [-14.765092089600802,58.979288910399205], [430.654666666667,890.078666666667], [350.2904100502617,969.1511078789922], [0.5922423413484346,1.4892088526693454], [131.5,246.5], [125.407165389896,260.407165389896], [0.6252027035830543,1.5676654139293058], [0.5756311745825131,1.546542750637127], [-8.332047068104224,85.33204706810423], [-4.063301606372999,29.431698393627], [-4.66689681530408,31.275166206604283], [656.3048733333299,12402.36179333333], [-752.8212999999996,12800.3213], [-3861.0820000000003,5112.582], [-539.7333106941201,3857.26023430588], [-555.9515913869623,3920.7491707370223], [0.9893333333332919,91.87733333333331], [-60.28000000000001,134.48000000000002], [-80.29442568053972,127.44957431946031], [0.4744369565937248,1.3791528258757413], [-60.287292999999984,94.987293], [-26.12674714290599,90.53559746644459], [-10.566663238768903,54.3956967612311], [-12.466488747602206,54.591431252397804], [0.8327122198875752,1.341314782989885], [0.47638060032197194,1.664452640048828], [-19.51525,27.715249999999997], [-10.12558126482132,16.7482695407407], [-28.556840438042656,84.24613737075926], [-127.0904429,191.0904429], [2.5633333333333304,6.10333333333333], [2.9288693800637704,5.68886938006377], 1.0, [-0.503323,2.503323], [-0.346987298107781,1.213012701892219]","mean_atomic_mass, entropy_atomic_mass, wtd_entropy_atomic_mass, range_atomic_mass, wtd_std_atomic_mass, mean_fie, wtd_gmean_fie, wtd_entropy_fie, wtd_mean_atomic_radius, gmean_atomic_radius, entropy_atomic_radius, wtd_entropy_atomic_radius, wtd_range_atomic_radius, std_atomic_radius, wtd_std_atomic_radius, mean_Density, wtd_mean_Density, wtd_range_Density, std_Density, wtd_std_Density, mean_ElectronAffinity, wtd_mean_ElectronAffinity, wtd_gmean_ElectronAffinity, wtd_entropy_ElectronAffinity, wtd_range_ElectronAffinity, wtd_std_ElectronAffinity, gmean_FusionHeat, wtd_gmean_FusionHeat, entropy_FusionHeat, wtd_entropy_FusionHeat, wtd_range_FusionHeat, wtd_std_FusionHeat, wtd_gmean_ThermalConductivity, range_ThermalConductivity, mean_Valence, gmean_Valence, range_Valence, wtd_range_Valence, wtd_std_Valence",0.0,1.0,1.0,1,1.0,957,957,0.48148148148148145,0.006963988749908306,1,1
"[-4.884721333333289,144.6244346666667], [-33.632680410000006,98.62158690000001], [25.069128959996796,56.371941039989], [430.37049637301516,1077.7939956399948], [0.6018048730565676,1.9064834349778925], [72.67302082852734,287.53195900934264], [93.75,198.25], [0.9240464067596079,1.716571867732592], [1.0317390480064625,1.466399184596696], [69.12,192.12], [-18.373008151459445,95.03451222718917], [-2673.6712850000004,12460.671285], [-570.0307466800796,10065.46114446867], [-3591.0813833437387,12928.915524790293], [162.21004343469986,4979.05310617716], [46.082333333333,148.6535], [26.77592321050699,189.075923210507], [0.6624573843923304,1.596889088190257], [-5.803251999999993,90.42325199999999], [2.6917866996899775,80.88154561989623], [-9.688940000000002,38.50894], [-20.92033048660332,33.56422951339668], [0.4637501180979451,1.5623316543989347], [-5.410951632182799,28.668148367817196], [-125.4277838896287,149.0594621117893], [0.4232765766623885,1.4363424314689974], [-23.17915505000002,271.04134695000005], [-1.494799999999998,134.9948], [-4.03864389710796,112.71846334774273], [1.0499999999999998,4.95], [1.61069756244244,4.37069756244244], [1.3691620812506202,4.249162081250621], [-1.1326209999999999,3.7375040000000004], [0.12649658092772598,1.5064965809277262], [-0.26584380241115,1.92415619758885]","mean_atomic_mass, wtd_range_atomic_mass, wtd_std_atomic_mass, wtd_gmean_fie, wtd_entropy_fie, std_fie, mean_atomic_radius, entropy_atomic_radius, wtd_entropy_atomic_radius, range_atomic_radius, wtd_range_atomic_radius, wtd_mean_Density, gmean_Density, wtd_gmean_Density, std_Density, mean_ElectronAffinity, wtd_gmean_ElectronAffinity, entropy_ElectronAffinity, wtd_range_ElectronAffinity, std_ElectronAffinity, mean_FusionHeat, wtd_gmean_FusionHeat, entropy_FusionHeat, std_FusionHeat, wtd_gmean_ThermalConductivity, entropy_ThermalConductivity, range_ThermalConductivity, wtd_range_ThermalConductivity, wtd_std_ThermalConductivity, mean_Valence, gmean_Valence, wtd_gmean_Valence, wtd_range_Valence, std_Valence, wtd_std_Valence",0.0,1.0,1.0,1,3.0,965,958,0.43209876543209874,0.02089196624972492,1,1
"3.0, [123.18323880000001,214.6911212], [719.7223550724632,1176.8109782608708], [747.24844111474,1128.085793624728], [0.6130440555456234,1.5624657474026968], [0.7921636647888599,1.3833461381594603], [51.65500000000003,599.5450000000001], [-298.31956521739227,515.3862318840582], [56.223787463683635,219.13897125450038], [33.0,203.0], [22.746585987661007,187.746585987661], [0.5862774449869688,1.3788029059599531], [0.5256406102712898,1.439439740675632], [57.480000000000004,208.51999999999998], [-15.707752651415703,104.3744193180823], [29.6798176213253,87.4298176213253], [29.412604360318518,87.69703088233209], [-211.1142526724998,8598.4284373275], [-3599.656153286838,11986.970337941839], [-2394.43533333333,12187.76866666667], [0.5294304231193863,1.3001143117670297], [39.5645536177811,103.09373274044869], [0.05018754079716392,1.203316285237936], [79.17106,127.36894], [28.7475334883357,57.1467834883357], [-40.6564944,172.1264944], [-86.8650325,218.3350325], [-0.0036275309695952274,1.2218553579093672], [0.18973690004695992,1.028490926892812], [75.29887449999998,204.2911255], [-0.18679190728624917,114.99545214973784], [4.01,5.99], [3.55242414866094,6.31242414866094], [0.7342356609164494,1.4361415650188505], 2.0, [-0.5919293333333331,1.925262666666667], [0.411496580927726,1.221496580927726], [-0.2185034190722741,1.8514965809277262]","number_of_elements, range_atomic_mass, wtd_mean_fie, wtd_gmean_fie, entropy_fie, wtd_entropy_fie, range_fie, wtd_range_fie, wtd_std_fie, wtd_mean_atomic_radius, gmean_atomic_radius, entropy_atomic_radius, wtd_entropy_atomic_radius, range_atomic_radius, wtd_range_atomic_radius, std_atomic_radius, wtd_std_atomic_radius, gmean_Density, wtd_gmean_Density, wtd_range_Density, wtd_entropy_ElectronAffinity, std_ElectronAffinity, wtd_entropy_FusionHeat, range_FusionHeat, std_FusionHeat, mean_ThermalConductivity, wtd_mean_ThermalConductivity, entropy_ThermalConductivity, wtd_entropy_ThermalConductivity, range_ThermalConductivity, wtd_std_ThermalConductivity, wtd_mean_Valence, wtd_gmean_Valence, wtd_entropy_Valence, range_Valence, wtd_range_Valence, std_Valence, wtd_std_Valence",0.0,1.0,1.0,1,1.0,960,960,0.4691358024691358,0.006963988749908306,1,1
"5.0, [30.745754000000005,147.928606], [41.02997165593074,100.09132143628527], [-42.447001990576865,112.81766117365626], [1.0081017534526975,1.8809725827653025], [0.8755168164303417,1.8742005355878781], [85.3934826,164.4230174], [-13.3479050680031,52.4408661319969], [581.1279999999999,899.912], [676.0830519984813,1327.6774722883388], [345.62933113198307,1039.453331131983], [816.1304321655138,1054.1537774842564], [1.267237488061115,1.806681631161725], [107.25,254.75], [0.8786925367223669,2.121029745815153], [62.3557288681756,91.2307288681756], [56.53161660453438,103.15915782214523], [1554.28586,7879.08574], [-1646.2962122860404,7615.01789771396], [-5943.0485277464795,8061.865492253521], [-7839.019416841052,7973.500211941663], [0.7864986859595926,1.8613618007673276], [0.46120930317126546,1.3129194783199505], [1730.2282799999994,16186.91372], [-39.89700000000002,184.07700000000003], [-24.787918346830793,131.0200816531692], [-12.057707943290197,185.94829205670982], [0.7829160905983973,1.9319417665217626], [-4.934704220508891,156.90077977949107], [21.604357759971773,78.61772363928883], [-22.03238485736315,32.452175142636854], [-15.41526254648515,24.40037745351485], [1.1163569681830587,1.645303633809461], [0.5436924054320579,1.626934559300662], [-12.450980146491899,18.351519853508098], [-12.584245135010399,21.4948548649896], [-21.43511257100998,214.58627102898998], [-102.83105467740663,119.66887787612629], [-29.932281156515003,214.946118843485], [0.5703880080577002,3.5703880080577], [0.9330780673695702,2.1968364331160295], [-1.2089766291441804,3.2660313708558206], [0.10999999999999999,1.4900000000000002]","number_of_elements, mean_atomic_mass, gmean_atomic_mass, wtd_gmean_atomic_mass, entropy_atomic_mass, wtd_entropy_atomic_mass, range_atomic_mass, wtd_range_atomic_mass, mean_fie, wtd_mean_fie, gmean_fie, wtd_gmean_fie, entropy_fie, mean_atomic_radius, entropy_atomic_radius, std_atomic_radius, wtd_std_atomic_radius, mean_Density, wtd_mean_Density, gmean_Density, wtd_gmean_Density, entropy_Density, wtd_entropy_Density, range_Density, mean_ElectronAffinity, gmean_ElectronAffinity, wtd_gmean_ElectronAffinity, entropy_ElectronAffinity, wtd_range_ElectronAffinity, std_ElectronAffinity, wtd_mean_FusionHeat, gmean_FusionHeat, entropy_FusionHeat, wtd_entropy_FusionHeat, wtd_range_FusionHeat, std_FusionHeat, wtd_mean_ThermalConductivity, gmean_ThermalConductivity, wtd_range_ThermalConductivity, wtd_gmean_Valence, entropy_Valence, wtd_range_Valence, std_Valence",1.0,0.004115226337448558,0.3333333333333333,1,4.0,964,964,0.5308641975308642,0.027855954999633226,1,3
"[-4.884721333333289,144.6244346666667], [-7.6278421399999985,144.28986886], [75.157369,137.549107], [533.310396701409,927.1023967014089], [405.5494865625559,1091.0567210805343], [72.67302082852734,287.53195900934264], [93.75,218.75], [0.9240464067596079,1.716571867732592], [1.0317390480064625,1.466399184596696], [117.88,192.12], [-18.373008151459445,95.03451222718917], [31.5574787052772,85.8424787052772], [-2673.6712850000004,12460.671285], [-570.0307466800796,8917.169073319921], [-3591.0813833437387,12928.915524790293], [12.3215,148.6535], [0.8367644102717231,1.596889088190257], [-5.803251999999993,90.42325199999999], [-9.688940000000002,38.50894], [-21.015505833937304,35.564614166062704], [-20.92033048660332,33.56422951339668], [0.2504899999999992,62.06951], [-8.75769619565228,28.45225107358744], [-75.71906409999998,160.33706409999996], [-125.4277838896287,149.0594621117893], [0.4232765766623885,1.4363424314689974], [0.418904216782377,0.967320311258511], [1.61069756244244,4.37069756244244], [0.9681211938817561,1.5140480081836238], [-1.1326209999999999,3.7375040000000004], [0.12649658092772598,1.5064965809277262], [-0.26584380241115,1.92415619758885]","mean_atomic_mass, wtd_mean_atomic_mass, range_atomic_mass, gmean_fie, wtd_gmean_fie, std_fie, mean_atomic_radius, entropy_atomic_radius, wtd_entropy_atomic_radius, range_atomic_radius, wtd_range_atomic_radius, std_atomic_radius, wtd_mean_Density, gmean_Density, wtd_gmean_Density, mean_ElectronAffinity, entropy_ElectronAffinity, wtd_range_ElectronAffinity, mean_FusionHeat, gmean_FusionHeat, wtd_gmean_FusionHeat, range_FusionHeat, wtd_std_FusionHeat, mean_ThermalConductivity, wtd_gmean_ThermalConductivity, entropy_ThermalConductivity, wtd_entropy_ThermalConductivity, gmean_Valence, wtd_entropy_Valence, wtd_range_Valence, std_Valence, wtd_std_Valence",0.0,0.1,1.0,1,2.0,965,965,0.3950617283950617,0.013927977499816613,0,0
"3.0, [12.847822333333298,99.7247643333333], [26.421817059999995,89.21447094], [-12.129527688644473,112.10296667692887], [-13.187229563444824,119.30528300336744], [0.33970819322264323,1.6291764637980828], [0.25206893844590805,1.603229264364928], [11.4663512082836,42.7824582082836], [-1.172278718256301,49.3375712817437], [477.44266666666704,927.490666666667], [376.26936956521627,988.9626304347837], [503.173135266892,896.9651352668919], [0.6743688203722042,1.515901683609156], [0.5527269171325735,1.5108502360435463], [-269.6725,526.0725], [-200.01762318840642,601.1696231884064], [113.4,228.4], [109.476127924081,204.476127924081], [85.31248962268299,250.312489622683], [0.6212651684879882,1.5208886647275919], [0.5243375718868606,1.3810242566409314], [10.298092295556025,132.781907704444], [10.370379004718796,63.500379004718795], [-0.45405193050010695,59.77318880891391], [0.43407438194061854,1.5089374967483535], [387.46743624089004,4784.460981240891], [-79.39214613208742,4605.527256090687], [0.5734013445781844,1.2770692429086417], [10.829999999999998,241.17000000000002], [28.33582046773487,75.57546648202614], [16.026153698219687,85.34725701681931], [11.468289999999996,52.33171], [13.17886,40.42114], [-2.655552556096602,61.2590274439034], [-9.692479293561501,59.4610007064385], [0.32221980718661825,1.7056187788249015], [0.5714470555832499,1.6197459141657697], [-25.524874999999998,28.892875], [6.9015225737312,19.8102725737312], [-61.333783545860285,173.88043086787448], [0.38336047325249295,1.298387696948785], [23.216549728323,85.56253322832299], [20.1450326335785,73.4701456229415], [2.05,6.55], [2.5388693800637703,6.07886938006377], [2.2669383999647494,6.28693839996475], [0.35385320406657705,1.8318079029904029], 1.0, [-0.21324500000000013,2.9332450000000003]","number_of_elements, mean_atomic_mass, wtd_mean_atomic_mass, gmean_atomic_mass, wtd_gmean_atomic_mass, entropy_atomic_mass, wtd_entropy_atomic_mass, std_atomic_mass, wtd_std_atomic_mass, mean_fie, wtd_mean_fie, gmean_fie, entropy_fie, wtd_entropy_fie, range_fie, wtd_range_fie, wtd_mean_atomic_radius, gmean_atomic_radius, wtd_gmean_atomic_radius, entropy_atomic_radius, wtd_entropy_atomic_radius, wtd_range_atomic_radius, std_atomic_radius, wtd_std_atomic_radius, entropy_Density, std_Density, wtd_std_Density, wtd_entropy_ElectronAffinity, range_ElectronAffinity, std_ElectronAffinity, wtd_std_ElectronAffinity, mean_FusionHeat, wtd_mean_FusionHeat, gmean_FusionHeat, wtd_gmean_FusionHeat, entropy_FusionHeat, wtd_entropy_FusionHeat, wtd_range_FusionHeat, std_FusionHeat, gmean_ThermalConductivity, entropy_ThermalConductivity, std_ThermalConductivity, wtd_std_ThermalConductivity, wtd_mean_Valence, gmean_Valence, wtd_gmean_Valence, entropy_Valence, range_Valence, wtd_range_Valence",0.0,1.0,1.0,1,1.0,966,966,0.6049382716049383,0.006963988749908306,1,1
"3.0, [51.980047199999994,146.9385652], [20.47839066875858,132.4912954246034], [16.06807173957752,123.71823820011248], [439.8925383184139,768.052538318414], [447.01217961227394,827.849532122262], [0.23482547090679995,1.1114063796976899], [-361.65250000000003,538.4525000000001], [-86.20750227117017,168.62519185026196], [-151.78482559257782,198.00365725241102], [105.53974116934299,243.039741169343], [-0.14818008801810123,80.70181991198191], [12.080518923782183,57.736653032692814], [4917.990538333331,11468.676128333329], [1294.2786849999993,13266.221315], [-1378.766228563687,14433.753400219028], [0.15996342201683095,0.9435367831536212], [-33.537333333333294,122.2706666666667], [21.53524999999999,125.40725], [0.19682584909502832,1.1867556621982356], [13.97474096958371,56.3275270513621], [-33.95679390038088,81.01479209144287], [-13.946050000000007,59.39855000000001], [-16.456458066136804,58.9837019338632], [0.5425416761411224,1.5190585972975577], [-15.536666541486088,20.643020664341204], [0.9332398000000097,207.06676019999998], [-23.99252599999997,220.16752599999998], [-3.595522727603239,136.26157773461745], [24.695964593420797,162.2871005934208], [14.206088851911744,144.31936454595746], [2.4699999999999998,5.53], [3.2238889609491497,5.5038889609491495], [0.6920029273475412,1.4631097267860589], [0.2718861362163254,1.0716660684424042], 2.0, [-0.08350341907227388,1.716496580927726]","number_of_elements, mean_atomic_mass, gmean_atomic_mass, wtd_gmean_atomic_mass, gmean_fie, wtd_gmean_fie, wtd_entropy_fie, range_fie, std_fie, wtd_std_fie, wtd_gmean_atomic_radius, std_atomic_radius, wtd_std_atomic_radius, mean_Density, wtd_mean_Density, wtd_gmean_Density, wtd_entropy_Density, mean_ElectronAffinity, wtd_mean_ElectronAffinity, entropy_ElectronAffinity, std_ElectronAffinity, wtd_std_ElectronAffinity, wtd_mean_FusionHeat, wtd_gmean_FusionHeat, entropy_FusionHeat, wtd_std_FusionHeat, mean_ThermalConductivity, wtd_mean_ThermalConductivity, gmean_ThermalConductivity, std_ThermalConductivity, wtd_std_ThermalConductivity, mean_Valence, wtd_gmean_Valence, entropy_Valence, wtd_entropy_Valence, range_Valence, std_Valence",0.0,0.1,1.0,1,2.0,968,968,0.4567901234567901,0.013927977499816613,0,0
"3.0, [20.893040479999996,138.37607032], [106.79438249999998,196.2225403], [2.0948895249572033,61.6965125249572], [483.44533333333305,727.2213333333331], [439.8925383184139,768.052538318414], [0.23482547090679995,1.1114063796976899], [-86.20750227117017,168.62519185026196], [105.53974116934299,243.039741169343], [28.560000000000002,151.44], [-0.14818008801810123,80.70181991198191], [12.080518923782183,57.736653032692814], [0.15996342201683095,0.9435367831536212], [2619.3060000000005,9349.554], [21.53524999999999,125.40725], [-84.30100194061211,120.19699805938791], [0.19682584909502832,1.1867556621982356], [13.97474096958371,56.3275270513621], [-16.456458066136804,58.9837019338632], [0.5425416761411224,1.5190585972975577], [4.791000000000002,31.4865], [0.9332398000000097,207.06676019999998], [-3.595522727603239,136.26157773461745], [-70.5733,186.3483], [24.695964593420797,162.2871005934208], [14.206088851911744,144.31936454595746], [3.2238889609491497,5.5038889609491495], [0.2718861362163254,0.9152998816435265], 2.0, [-0.08350341907227388,1.716496580927726], [0.26521312403361086,1.465213124033611]","number_of_elements, wtd_mean_atomic_mass, range_atomic_mass, wtd_std_atomic_mass, mean_fie, gmean_fie, wtd_entropy_fie, std_fie, wtd_gmean_atomic_radius, range_atomic_radius, std_atomic_radius, wtd_std_atomic_radius, wtd_entropy_Density, wtd_range_Density, wtd_mean_ElectronAffinity, gmean_ElectronAffinity, entropy_ElectronAffinity, std_ElectronAffinity, wtd_gmean_FusionHeat, entropy_FusionHeat, wtd_range_FusionHeat, mean_ThermalConductivity, gmean_ThermalConductivity, wtd_range_ThermalConductivity, std_ThermalConductivity, wtd_std_ThermalConductivity, wtd_gmean_Valence, wtd_entropy_Valence, range_Valence, std_Valence, wtd_std_Valence",0.0,0.1,1.0,1,1.3333333333333333,968,968,0.38271604938271603,0.009285318333211074,0,0
"2.0, [45.769589,173.05441100000002], [72.24920729029347,143.53014668037653], [-41.613672500000014,114.36567250000002], [481.1524999999987,1152.1975000000011], [625.888098326354,888.416098326354], [0.30613409317418006,1.061355893515034], [0.16672716788270753,0.8394520513733905], [-97.2575,515.8575000000001], [255.23181159420253,718.4181884057974], [-45.93169849508429,227.19081550716731], [80.0,207.5], [72.42510409714299,207.425104097143], [0.13619784458063544,1.1857585901935064], [39.48,126.52000000000001], [18.4,64.6], [2580.635785,10034.864215], [-1306.0542093121803,14054.17407068782], [0.2922905162168625,1.0935521108917194], [-1419.5343025,1690.5343025], [-15.126753364359303,195.8632466356407], [-10.167550487319204,48.5081295126808], [4.694974939361899,31.9372549393619], [0.161478397509207,1.0350607796613072], [-14.25685,17.75685], [-93.40763101869695,110.02087874453312], [-0.05086713643976548,0.7661214561462095], [0.03764898568287933,1.1506110597667987], [-17.9481995,37.9481995], [-25.46781827534793,42.78832635103671], [0.27674845063112985,1.0692748833873842], 2.0, [1.017769,5.9822310000000005], [-0.25897459621556096,1.991025403784439]","number_of_elements, mean_atomic_mass, gmean_atomic_mass, range_atomic_mass, wtd_mean_fie, gmean_fie, entropy_fie, wtd_entropy_fie, range_fie, wtd_range_fie, wtd_std_fie, wtd_mean_atomic_radius, wtd_gmean_atomic_radius, entropy_atomic_radius, range_atomic_radius, std_atomic_radius, wtd_mean_Density, gmean_Density, entropy_Density, std_Density, gmean_ElectronAffinity, gmean_FusionHeat, wtd_gmean_FusionHeat, wtd_entropy_FusionHeat, std_FusionHeat, gmean_ThermalConductivity, entropy_ThermalConductivity, wtd_entropy_ThermalConductivity, std_ThermalConductivity, wtd_std_ThermalConductivity, entropy_Valence, range_Valence, wtd_range_Valence, wtd_std_Valence",0.0,1.0,1.0,1,1.0,969,969,0.41975308641975306,0.006963988749908306,1,1
"6.0, [58.76161133333329,111.2918553333333], [-18.486966783196806,91.2333951861946], [1.3204489258292837,1.875912180846396], [0.7235337324122488,2.113858125749211], [77.81899969999999,204.68220029999998], [-14.851913079820708,57.10455542017931], [21.230909918571903,79.8223359185719], [811.2756110298105,1180.8366255225656], [1.075616662114316,2.391860371279804], [180.83578834587473,355.7209705860733], [30.742797433646793,103.5077974336468], [-5229.5378774378705,11711.890372562131], [1.1014733042997542,1.805020070355726], [822.4634264099195,6935.3568914099205], [1801.65292513762,5966.02572711342], [9.341999999999992,126.19800000000001], [20.460581944007984,198.990581944008], [-80.492794531564,159.711205468436], [0.8127923719044482,2.120913910647972], [0.49326592400253194,1.163425827174396], [40.90999999999998,236.35000000000002], [3.046345655237502,147.3861016552375], [27.073884689175067,74.31353070346634], [-15.195308910663044,111.61158740384845], [-19.3136233333333,44.600956666666704], [-35.276577652677595,38.06802234732242], [0.91567838189265,1.93288350809727], [-13.43814469959107,19.41785530040893], [2.1100032017070003,20.182253201707], [43.22370790000002,212.7851521], [-83.3748177280866,85.8296489851163], [0.5604073664977081,1.736870939821512], [-48.1559397986788,236.86646020132122], [104.82028398969467,230.66755064459133], [0.5718189471033699,3.57181894710337], 4.0, [-1.4844773098458601,3.54990669015414], [0.56249406456535,2.36249406456535]","number_of_elements, mean_atomic_mass, wtd_gmean_atomic_mass, entropy_atomic_mass, wtd_entropy_atomic_mass, range_atomic_mass, wtd_range_atomic_mass, std_atomic_mass, wtd_mean_fie, entropy_fie, std_fie, std_atomic_radius, wtd_mean_Density, entropy_Density, std_Density, wtd_std_Density, mean_ElectronAffinity, wtd_mean_ElectronAffinity, gmean_ElectronAffinity, entropy_ElectronAffinity, wtd_entropy_ElectronAffinity, range_ElectronAffinity, wtd_range_ElectronAffinity, std_ElectronAffinity, wtd_std_ElectronAffinity, mean_FusionHeat, wtd_gmean_FusionHeat, entropy_FusionHeat, wtd_range_FusionHeat, std_FusionHeat, mean_ThermalConductivity, wtd_gmean_ThermalConductivity, entropy_ThermalConductivity, wtd_range_ThermalConductivity, wtd_std_ThermalConductivity, wtd_gmean_Valence, range_Valence, wtd_range_Valence, std_Valence",1.0,1.0,1.0,1,1.0,970,970,0.48148148148148145,0.006963988749908306,1,1
"[16.590792436473677,62.92892008150768], [-29.970838030899817,92.17069699163022], [0.7928622906821998,1.6062191998144002], [58.329387499999996,214.30873250000002], [-38.049828149999996,71.3427331374522], [16.441101657503097,73.0121336575031], [816.1861811594163,1195.4724855072438], [637.6393656336766,1637.4937283235229], [0.6239984458997866,1.6455441390948495], [614.9250000000001,1273.6975], [336.5199710144925,960.4868265637656], [177.77158254260488,387.6338012308431], [0.9570256829685742,1.8994883933148257], [52.53822886817561,113.6311036071445], [-1946.9426449999992,11380.314245], [-7170.483867225181,7300.194073857473], [0.292317391321241,1.7384968548807391], [-8.650827084927002,221.815172915073], [-17.501931664689018,111.5440816531692], [22.8353940538955,146.1833940538955], [0.9596892715096843,1.7551685856104757], [0.29458783700388935,1.2830736941823888], [4.8999999999999915,249.2], [17.546620346595297,148.5766943333333], [15.662649397510478,82.44973514185332], [-15.194707704667183,25.668712295332824], [-28.512512546485155,37.49762745351485], [0.924324734555245,1.9097769666226623], [-8.601490000000002,34.35749], [-12.196108412982824,23.463424386705242], [-37.636116499999986,141.1386961], [12.496821866667005,207.82486346666698], [0.02931141778285551,0.7927755645778688], [38.40769066666701,174.897290666667], [112.33237917300801,198.326839173008], [132.01136757291167,200.2675121992963], [0.020000000000000018,3.98], [0.9700000000000002,3.19], [-1.6944141073231251,4.05146187923103], [-0.26342076893649624,3.04107133333333]","gmean_atomic_mass, wtd_gmean_atomic_mass, entropy_atomic_mass, range_atomic_mass, wtd_range_atomic_mass, wtd_std_atomic_mass, wtd_mean_fie, wtd_gmean_fie, wtd_entropy_fie, range_fie, wtd_range_fie, std_fie, entropy_atomic_radius, std_atomic_radius, mean_Density, wtd_gmean_Density, entropy_Density, wtd_mean_ElectronAffinity, gmean_ElectronAffinity, wtd_gmean_ElectronAffinity, entropy_ElectronAffinity, wtd_entropy_ElectronAffinity, range_ElectronAffinity, wtd_range_ElectronAffinity, std_ElectronAffinity, wtd_mean_FusionHeat, gmean_FusionHeat, entropy_FusionHeat, range_FusionHeat, wtd_std_FusionHeat, mean_ThermalConductivity, wtd_mean_ThermalConductivity, entropy_ThermalConductivity, wtd_range_ThermalConductivity, std_ThermalConductivity, wtd_std_ThermalConductivity, mean_Valence, wtd_mean_Valence, gmean_Valence, wtd_range_Valence",1,0.0,0.0,1,6.0,973,973,0.49382716049382713,0.04178393249944984,0,3
"[-20.498621795023197,123.3168112849768], [16.590792436473677,62.92892008150768], [-29.970838030899817,92.17069699163022], [58.329387499999996,214.30873250000002], [-38.049828149999996,71.3427331374522], [16.441101657503097,73.0121336575031], [816.1861811594163,1195.4724855072438], [637.6393656336766,1246.9791296496574], [0.6239984458997866,1.6455441390948495], [614.9250000000001,1273.6975], [336.5199710144925,960.4868265637656], [177.77158254260488,387.6338012308431], [0.9570256829685742,1.8994883933148257], [52.53822886817561,113.6311036071445], [-1946.9426449999992,11380.314245], [-3735.214757190611,5074.3279328093895], [-7170.483867225181,7300.194073857473], [-8.650827084927002,221.815172915073], [-17.501931664689018,111.5440816531692], [22.8353940538955,146.1833940538955], [0.9596892715096843,1.7551685856104757], [0.29458783700388935,1.2830736941823888], [4.8999999999999915,249.2], [15.662649397510478,82.44973514185332], [-15.194707704667183,25.668712295332824], [-28.512512546485155,37.49762745351485], [0.924324734555245,1.9097769666226623], [-12.196108412982824,23.463424386705242], [-37.636116499999986,141.1386961], [12.496821866667005,207.82486346666698], [0.02931141778285551,0.7927755645778688], [38.40769066666701,174.897290666667], [112.33237917300801,198.326839173008], [132.01136757291167,200.2675121992963], [0.020000000000000018,3.98], [0.9700000000000002,3.19], [-1.6944141073231251,4.05146187923103], [-0.26342076893649624,3.04107133333333]","wtd_mean_atomic_mass, gmean_atomic_mass, wtd_gmean_atomic_mass, range_atomic_mass, wtd_range_atomic_mass, wtd_std_atomic_mass, wtd_mean_fie, wtd_gmean_fie, wtd_entropy_fie, range_fie, wtd_range_fie, std_fie, entropy_atomic_radius, std_atomic_radius, mean_Density, gmean_Density, wtd_gmean_Density, wtd_mean_ElectronAffinity, gmean_ElectronAffinity, wtd_gmean_ElectronAffinity, entropy_ElectronAffinity, wtd_entropy_ElectronAffinity, range_ElectronAffinity, std_ElectronAffinity, wtd_mean_FusionHeat, gmean_FusionHeat, entropy_FusionHeat, wtd_std_FusionHeat, mean_ThermalConductivity, wtd_mean_ThermalConductivity, entropy_ThermalConductivity, wtd_range_ThermalConductivity, std_ThermalConductivity, wtd_std_ThermalConductivity, mean_Valence, wtd_mean_Valence, gmean_Valence, wtd_range_Valence",1,0.0,0.0,1,6.0,973,973,0.4691358024691358,0.04178393249944984,0,3
"[46.872261,101.422899], [40.88645254,99.62796746000001], [-2.3837369499999994,57.23733695], [2.9193314938952994,47.3679994938953], [392.98,955.54], [408.9576304347812,1138.3543695652188], [606.1659880732866,891.7940024557774], [0.5258296733498876,1.8305082352712123], [273.32250000000005,782.0775000000001], [54.494057971014,642.865942028986], [69.27692696124501,231.776926961245], [0.9204815525332432,2.205657975732677], [1.0885062795418317,1.7738556273450885], [-14.484372863528932,115.20437286352893], [17.975082590772168,80.14513754758664], [2645.097205,9195.782795], [-2638.0776146501494,10915.06498534985], [-837.7758758974678,11134.560414466589], [0.980657210671299,1.879633633965041], [-5439.4284,10937.508399999999], [17.200000000000003,191.7], [-0.20726000000000155,35.41726], [-16.485572849716,45.333447150284], [1.0877427145682441,1.698065790291016], [0.5227070791231239,1.378817813632182], [6.5099599999999995,44.23004], [-2.668400786518969,19.53464921348103], [74.54188570000001,184.2581143], [-62.11736280000001,214.59736279999998], [0.8623954285078583,1.4179476714663215], [0.9417177519024864,1.8611212044065935], [63.91902475384599,212.25946825384602], [16.436068193297594,123.0862941720236], [2.32,4.6], [1.00793315526605,3.52793315526605], [0.9757714244628297,1.9824941903964501], [-0.037816000000000294,3.877816]","mean_atomic_mass, wtd_mean_atomic_mass, wtd_range_atomic_mass, wtd_std_atomic_mass, mean_fie, wtd_mean_fie, wtd_gmean_fie, wtd_entropy_fie, range_fie, wtd_range_fie, wtd_gmean_atomic_radius, entropy_atomic_radius, wtd_entropy_atomic_radius, wtd_range_atomic_radius, wtd_std_atomic_radius, wtd_mean_Density, gmean_Density, wtd_gmean_Density, entropy_Density, wtd_range_Density, range_ElectronAffinity, wtd_mean_FusionHeat, wtd_gmean_FusionHeat, entropy_FusionHeat, wtd_entropy_FusionHeat, range_FusionHeat, std_FusionHeat, mean_ThermalConductivity, wtd_mean_ThermalConductivity, entropy_ThermalConductivity, wtd_entropy_ThermalConductivity, std_ThermalConductivity, wtd_std_ThermalConductivity, wtd_mean_Valence, gmean_Valence, entropy_Valence, wtd_range_Valence",0.0,1.0,1.0,1,1.0,974,974,0.4567901234567901,0.006963988749908306,1,1
"[64.269764808889,149.343682968889], [0.7691869308637064,1.5031919464220334], [11.53773049444439,153.3947683944444], [44.314122142791206,100.88515414279121], [558.535,839.8149999999999], [0.9014631026175755,1.8293070287506246], [0.6498853311982455,1.2614534070988666], [11.87835323120737,271.7077668452166], [-57.74802432503111,253.7074740985891], [0.6607956206590364,1.4984448235296837], [1814.3072950000005,17852.192705], [7064.9921577778,17003.9633977778], [3980.51834704442,10079.43251704442], [5146.390689101179,10508.57793910118], [-54.277,185.92700000000002], [-20.14166666666671,190.8483333333333], [7.4086799293048955,95.0506799293049], [-5.389578746070299,130.9424212539297], [0.7823269374172003,1.4717423429712198], [32.843138111111095,100.63908411111109], [-6.986846527576468,108.66883854189527], [7.966070000000002,46.73393], [12.293838888888896,59.443938888888894], [0.7286073095039475,1.7865006407567523], [0.6102603739143609,1.0994665079195372], [-3.9489536425628007,32.1955463574372], [2.0681981197889154,23.774000693512086], [-9.007582699999993,114.0075827], [-20.04932420735865,84.84350113930685], [-59.98368769839051,169.38236717950673], [-16.49095950000003,284.49095950000003], [-64.36800000000002,196.568], [-6.965179377447001,119.876649122553], [3.4033333333333307,5.26333333333333], [2.0123700005231298,6.15237000052313], [0.5932016907482071,2.0711563896720326], 3.0, [0.4690066666666701,4.664326666666669], [0.5940381056766599,2.00403810567666]","wtd_mean_atomic_mass, entropy_atomic_mass, wtd_range_atomic_mass, std_atomic_mass, mean_fie, entropy_fie, wtd_entropy_fie, std_fie, wtd_std_fie, wtd_entropy_atomic_radius, mean_Density, wtd_mean_Density, gmean_Density, std_Density, mean_ElectronAffinity, wtd_mean_ElectronAffinity, gmean_ElectronAffinity, wtd_gmean_ElectronAffinity, entropy_ElectronAffinity, wtd_range_ElectronAffinity, std_ElectronAffinity, mean_FusionHeat, wtd_mean_FusionHeat, entropy_FusionHeat, wtd_entropy_FusionHeat, std_FusionHeat, wtd_std_FusionHeat, mean_ThermalConductivity, gmean_ThermalConductivity, wtd_gmean_ThermalConductivity, range_ThermalConductivity, wtd_range_ThermalConductivity, std_ThermalConductivity, wtd_mean_Valence, wtd_gmean_Valence, entropy_Valence, range_Valence, wtd_range_Valence, std_Valence",0.0,1.0,1.0,1,1.0,975,975,0.48148148148148145,0.006963988749908306,1,1
"2.0, [-0.13084903316523128,0.7023458493604373], [-31.89625293809524,42.11611466190476], [547.1375,873.2625], [290.1426465964977,420.05735340350236], [12.286310293524679,290.20044734844737], [-10.75,166.75], [173.4,288.6], [86.625,144.375], [25.39402134183986,72.99296966815093], [-867.0142300000002,5006.014230000001], [-3021.7150063197996,7143.1419436802], [-2390.5914102822553,6871.027229433335], [0.200330320285182,1.177478606474032], [-3910.82849,4672.82849], [-4667.34323809524,8793.15276190476], [47.325,169.47500000000002], [89.994271761905,201.52953776190498], [72.333353809524,127.865693809524], [-12.952325124344002,42.580014875656005], [-0.3503012617973546,0.36603629156736744], [68.85714999999999,136.96285], [70.1247261904762,129.6762261904762], [7.703463130491063,36.12772840560474], [71.97293894761901,198.122299147619], [15.367974258812168,126.61794053557863], [-74.31665925526674,260.9558347822332], [-9.943155050000016,217.94315505000003], [-50.37443274553578,94.66987458553157], [1.18,3.8200000000000003], [2.2671428571428596,5.44714285714286], [-0.30392872402247706,0.4369719525300575], 3.0, [2.04881576190476,5.47499376190476], [0.615,2.385], [-0.11112343500005994,1.38887656499994]","number_of_elements, entropy_atomic_mass, wtd_range_atomic_mass, range_fie, std_fie, wtd_std_fie, wtd_mean_atomic_radius, range_atomic_radius, std_atomic_radius, wtd_std_atomic_radius, mean_Density, gmean_Density, wtd_gmean_Density, entropy_Density, range_Density, wtd_range_Density, range_ElectronAffinity, wtd_range_ElectronAffinity, wtd_mean_FusionHeat, gmean_FusionHeat, wtd_entropy_FusionHeat, range_FusionHeat, wtd_range_FusionHeat, wtd_std_FusionHeat, wtd_mean_ThermalConductivity, gmean_ThermalConductivity, wtd_gmean_ThermalConductivity, range_ThermalConductivity, wtd_std_ThermalConductivity, mean_Valence, wtd_mean_Valence, wtd_entropy_Valence, range_Valence, wtd_range_Valence, std_Valence, wtd_std_Valence",0.0,0.1,1.0,1,1.0,976,976,0.4444444444444444,0.006963988749908306,0,0
"2.0, [-0.13084903316523128,0.7023458493604373], [-31.89625293809524,42.11611466190476], [-0.5715339981889691,0.7535301662623763], [547.1375,873.2625], [290.1426465964977,420.05735340350236], [12.286310293524679,290.20044734844737], [-10.75,166.75], [-9.716163064411703,152.78383693558828], [173.4,288.6], [86.625,144.375], [25.39402134183986,72.99296966815093], [5006.014230000001,7869.535029738339], [-3021.7150063197996,7143.1419436802], [-2390.5914102822553,6871.027229433335], [0.200330320285182,1.177478606474032], [-3910.82849,4672.82849], [-4667.34323809524,8793.15276190476], [-2291.5349747207974,2601.6030676007676], [47.325,169.47500000000002], [89.994271761905,201.52953776190498], [72.333353809524,127.865693809524], [-12.952325124344002,42.580014875656005], [-0.3503012617973546,0.36603629156736744], [70.1247261904762,129.6762261904762], [7.703463130491063,36.12772840560474], [71.97293894761901,364.10265335083534], [15.367974258812168,126.61794053557863], [1.508985821988773,260.9558347822332], [-9.943155050000016,217.94315505000003], [-50.37443274553578,94.66987458553157], [1.18,3.8200000000000003], [2.2671428571428596,5.44714285714286], 3.0, [2.04881576190476,5.47499376190476], [0.615,2.385], [-0.11112343500005994,1.38887656499994]","number_of_elements, entropy_atomic_mass, wtd_range_atomic_mass, wtd_entropy_fie, range_fie, std_fie, wtd_std_fie, wtd_mean_atomic_radius, wtd_gmean_atomic_radius, range_atomic_radius, std_atomic_radius, wtd_std_atomic_radius, mean_Density, gmean_Density, wtd_gmean_Density, entropy_Density, range_Density, wtd_range_Density, wtd_std_Density, range_ElectronAffinity, wtd_range_ElectronAffinity, wtd_mean_FusionHeat, gmean_FusionHeat, wtd_entropy_FusionHeat, wtd_range_FusionHeat, wtd_std_FusionHeat, wtd_mean_ThermalConductivity, gmean_ThermalConductivity, wtd_gmean_ThermalConductivity, range_ThermalConductivity, wtd_std_ThermalConductivity, mean_Valence, wtd_mean_Valence, range_Valence, wtd_range_Valence, std_Valence, wtd_std_Valence",0.0,0.1,1.0,1,1.0,976,976,0.4567901234567901,0.006963988749908306,0,0
"[-20.833045859136888,128.22103077852688], [0.5080927083157368,1.321449617447937], [0.58308381501183,1.48385736562451], [-53.11156940000001,86.68956940000001], [9.3741160775185,84.1286940775185], [10.612244357937506,71.2240643579375], [568.478666666667,812.254666666667], [0.26744267154432444,1.7555916562358354], [55.55776188562001,218.05776188562], [0.5632961369241165,1.5914372754836636], [39.44,108.56], [-24.631225348409245,66.63122534840925], [14.073456592569997,46.41345659257], [1.1771170778308964,53.6331009476431], [1110.2000900000003,10597.39991], [-3282.6136820336305,13658.81456796637], [-151.5637020864724,10013.627487845273], [-1161.8072000000002,6465.8072], [-16.312333333333,220.645666666667], [-27.587949461969714,215.8620505380303], [-26.242911999999997,113.72291200000001], [-3.5098213307826143,65.81128198781701], [-7.108960000000003,59.94896000000001], [-21.8460419892467,52.5463380107533], [19.029390000000003,70.37061], [4.605499999999999,33.3545], [7.136097694964203,31.9208976949642], [120.50531600000001,253.494684], [266.45736155,511.54263845], [1.1733333333333298,5.4933333333333305], [1.13,5.2700000000000005], [1.1414331330207999,4.9214331330208], [0.34807226850083206,1.761768067471448], [0.6400243532260528,1.4394171884537874], [0.35780904158206306,1.527809041582063], [-0.08520410288672897,2.044795897113271]","wtd_gmean_atomic_mass, entropy_atomic_mass, wtd_entropy_atomic_mass, wtd_range_atomic_mass, std_atomic_mass, wtd_std_atomic_mass, mean_fie, wtd_entropy_fie, wtd_gmean_atomic_radius, entropy_atomic_radius, range_atomic_radius, wtd_range_atomic_radius, std_atomic_radius, wtd_std_atomic_radius, wtd_mean_Density, gmean_Density, wtd_gmean_Density, wtd_range_Density, mean_ElectronAffinity, gmean_ElectronAffinity, wtd_range_ElectronAffinity, wtd_std_ElectronAffinity, wtd_mean_FusionHeat, gmean_FusionHeat, range_FusionHeat, wtd_range_FusionHeat, std_FusionHeat, mean_ThermalConductivity, range_ThermalConductivity, mean_Valence, wtd_mean_Valence, wtd_gmean_Valence, entropy_Valence, wtd_entropy_Valence, std_Valence, wtd_std_Valence",0.0,1.0,1.0,1,1.0,978,978,0.4444444444444444,0.006963988749908306,1,1
"1.0, [-0.6943290687713906,0.6943290687713906], [-0.5287149101422252,0.5287149101422252], [-77.09621625,77.09621625], [463.1120000000001,941.288], [337.5016304347813,1066.8983695652187], [486.552,917.8480000000001], [-0.3668220173084148,0.3668220173084148], [-437.00750000000005,437.00750000000005], [-187.77826086956551,187.77826086956551], [-112.42618858298476,112.42618858298476], [-179.68586447516552,179.68586447516552], [124.25,241.75], [-38.4,38.4], [-16.7475,16.7475], [-24.770881271855764,24.770881271855764], [6756.40009,16243.59991], [4384.600135,18615.399865], [5739.914395,17260.085605], [7772.76323035836,15227.23676964164], [-0.684003800332195,0.684003800332195], [-0.5025090033377241,0.5025090033377241], [-42.88000000000001,151.88], [-41.257000000000005,150.257], [-26.650000000000006,135.65], [-56.861116,56.861116], [-57.48579299591188,57.48579299591188], [-0.576564372220386,0.576564372220386], [-38.243970000000004,38.243970000000004], [6.116088300000001,95.8839117], [-44.629353699999996,146.6293537], [-0.4084942962929875,0.4084942962929875], [-0.2500132195405905,0.2500132195405905], [5.16,6.84], [4.17,7.83], [3.75,8.25], [-0.46499999999999997,0.46499999999999997], [-0.645,0.645]","number_of_elements, entropy_atomic_mass, wtd_entropy_atomic_mass, wtd_range_atomic_mass, mean_fie, wtd_mean_fie, gmean_fie, entropy_fie, range_fie, wtd_range_fie, std_fie, wtd_std_fie, gmean_atomic_radius, range_atomic_radius, std_atomic_radius, wtd_std_atomic_radius, mean_Density, wtd_mean_Density, gmean_Density, wtd_gmean_Density, entropy_Density, wtd_entropy_Density, mean_ElectronAffinity, gmean_ElectronAffinity, wtd_gmean_ElectronAffinity, wtd_range_ElectronAffinity, wtd_std_ElectronAffinity, wtd_entropy_FusionHeat, range_FusionHeat, mean_ThermalConductivity, wtd_mean_ThermalConductivity, entropy_ThermalConductivity, wtd_entropy_ThermalConductivity, mean_Valence, gmean_Valence, wtd_gmean_Valence, std_Valence, wtd_std_Valence",0.0,1.0,1.0,1,1.0,980,980,0.4691358024691358,0.006963988749908306,1,1
"[26.889398999999997,178.418949], [25.254499064787908,127.0844124791923], [-13.986308176005494,85.3830762491037], [0.7139379268035778,2.0629201175594223], [1.316011308216309,1.8055621509405912], [36.477592679447596,75.8752756794476], [655.48,889.8799999999999], [629.4359519538941,1276.8594512208738], [1.00956919025018,2.0884574764514], [0.5894174683548168,1.3029135569055412], [387.1725,1156.8274999999999], [15.667582722392197,153.16758272239218], [1.124604050902128,1.9171295118751122], [0.8535032979561313,2.2432394754460687], [39.6056059525491,77.7206059525491], [-2956.4429721978,9241.3853678022], [-4234.240279606363,4349.69894744711], [0.6606978850932246,1.8919047256911756], [0.7593733811543202,1.6792203703149], [5126.713975,17550.428025], [-4581.10099120879,7533.3454087912105], [1971.4897714503577,6031.753253376763], [-42.60400000000001,184.616], [37.32690109890099,180.150901098901], [-1.2394433850788005,92.8945566149212], [-0.7568551057403994,171.28114489425963], [0.19540542213500411,1.4184472454236559], [69.66,202.28], [49.764530428571405,108.8126124285714], [20.635642337175124,82.53586814900507], [-21.06680791208791,29.226632087912094], [-25.107871303174296,32.52002869682572], [0.766180124890225,1.727120745257535], [-2.8386999999999993,28.5947], [-33.387951923076926,37.45779807692308], [-4.060318024221649,12.46288197577835], [-12.436520270087566,22.189402883232727], [-21.42274809999998,214.63338009999998], [-77.90211726813189,223.2286135318681], [-79.4786232246455,101.69989328323129], [-100.70337796335608,102.3419820924874], [0.3157718064891058,0.9530229087061663], [1.05146187923103,3.93146187923103], [1.211533300500146,1.9183811999854539], 2.0, [0.10999999999999999,1.4900000000000002], [-0.13351934088989403,1.216480659110106]","mean_atomic_mass, gmean_atomic_mass, wtd_gmean_atomic_mass, entropy_atomic_mass, wtd_entropy_atomic_mass, wtd_std_atomic_mass, mean_fie, wtd_gmean_fie, entropy_fie, wtd_entropy_fie, range_fie, wtd_gmean_atomic_radius, entropy_atomic_radius, wtd_entropy_atomic_radius, std_atomic_radius, wtd_mean_Density, wtd_gmean_Density, entropy_Density, wtd_entropy_Density, range_Density, wtd_range_Density, wtd_std_Density, mean_ElectronAffinity, wtd_mean_ElectronAffinity, gmean_ElectronAffinity, wtd_gmean_ElectronAffinity, wtd_entropy_ElectronAffinity, range_ElectronAffinity, wtd_range_ElectronAffinity, std_ElectronAffinity, wtd_mean_FusionHeat, gmean_FusionHeat, wtd_entropy_FusionHeat, range_FusionHeat, wtd_range_FusionHeat, std_FusionHeat, wtd_std_FusionHeat, mean_ThermalConductivity, wtd_mean_ThermalConductivity, gmean_ThermalConductivity, wtd_gmean_ThermalConductivity, entropy_ThermalConductivity, gmean_Valence, entropy_Valence, range_Valence, std_Valence, wtd_std_Valence",0.0,1.0,1.0,1,1.0,982,982,0.5802469135802469,0.006963988749908306,1,1
"3.0, [70.8049315,121.4441685], [39.66526911378679,149.3856310831782], [0.6580594910962615,1.5110923470153983], [0.8303369342256333,1.339469810658887], [-56.35966985,81.38556985000001], [-14.538836812564199,48.0933771874358], [-7.162477208321601,42.337175791678405], [0.5870966228132473,1.3821351214840547], [34.64683001058259,174.5549758027414], [0.7162525741871336,1.4445192140001462], [-12.239999999999995,136.24], [-25.577938469629323,56.07793846962932], [11.401873431411381,42.486900909818615], [-707.6712850000004,14426.671285], [-1181.757493122599,15533.7850468774], [1865.2753886137243,11126.894028329316], [136.80010500000026,11205.199895], [63.090999999999994,251.35899999999998], [0.588212389566345,1.542787566487295], [14.41000000000001,160.99], [1.0670879999999983,141.032912], [17.413060634891824,58.13689340583258], [7.679943754582126,71.92877122060128], [-18.2945,34.094500000000004], [-11.85285889952803,26.91500110047197], [0.4502102602506943,1.6505123091721459], [-16.355456741192686,21.33809325880731], [-11.798240552147877,16.6260247229658], [-81.83029742936915,131.13392372901234], [347.7849077,511.1750923], [3.05,5.45], [2.17410161513775,4.75410161513775], [0.14535808610095335,1.6875716849779887], [0.2850374133642882,1.2209119521674898], [0.8621059999999998,4.637894], [1.30480466765633,2.80480466765633]","number_of_elements, wtd_mean_atomic_mass, wtd_gmean_atomic_mass, entropy_atomic_mass, wtd_entropy_atomic_mass, wtd_range_atomic_mass, std_atomic_mass, wtd_std_atomic_mass, wtd_entropy_fie, std_fie, entropy_atomic_radius, range_atomic_radius, wtd_range_atomic_radius, wtd_std_atomic_radius, wtd_mean_Density, gmean_Density, wtd_gmean_Density, range_Density, wtd_mean_ElectronAffinity, entropy_ElectronAffinity, range_ElectronAffinity, wtd_range_ElectronAffinity, std_ElectronAffinity, wtd_std_ElectronAffinity, mean_FusionHeat, gmean_FusionHeat, entropy_FusionHeat, std_FusionHeat, wtd_std_FusionHeat, gmean_ThermalConductivity, range_ThermalConductivity, wtd_mean_Valence, wtd_gmean_Valence, entropy_Valence, wtd_entropy_Valence, wtd_range_Valence, std_Valence",0.0,1.0,1.0,1,1.0,983,983,0.4567901234567901,0.006963988749908306,1,1
"5.0, [63.78596099999999,118.336599], [-1.124947680736227,139.40033283114184], [-24.29420041782172,97.84733460470832], [126.89859329999999,187.2106067], [-8.985060026923101,50.6360138730769], [40.253561100229405,72.5798651002294], [19.401207587789195,89.10480058778921], [876.9826164994375,1129.8401527313226], [1.281723472231865,1.821167615332475], [530.1325,1091.0675], [239.68685395763606,1166.059607580826], [163.4218109669815,522.7935399173125], [117.0,207.0], [70.88806872703199,210.888068727032], [16.2450470040295,163.74504700402952], [1.1347362329727537,1.8630028727857662], [138.44,271.56], [57.0691430480413,85.9441430480413], [1960.943005,8511.628594999998], [-2566.2479592096997,4887.9804707903], [-6369.691386104107,6506.217454476104], [2294.9425550000005,15622.199444999998], [22.348999999999997,109.99100000000001], [0.5319044342728114,1.0680323568103025], [-8.005906094288463,103.58416266248166], [-8.4423,22.9911], [-14.42298628483538,17.01041371516462], [0.7429889117228795,2.024667370740701], [0.4636279859877849,1.599285082785515], [-21.69874,47.45474], [-11.959182692307689,17.81656730769231], [57.2224675,173.5881645], [0.5608673811911664,1.1817787115565075], [-0.002999928567422039,0.609935706435316], [91.94027686181731,236.98458419288465], [0.42692307692308007,3.7269230769230806], [1.0889435423954001,3.2489435423954003], [0.6833622330614497,3.4433622330614497], 1.0, [-0.29578669230769017,2.43117130769231], [0.025000000000000022,0.775], [-0.7085306449894041,1.241469355010596]","number_of_elements, mean_atomic_mass, gmean_atomic_mass, wtd_gmean_atomic_mass, range_atomic_mass, wtd_range_atomic_mass, std_atomic_mass, wtd_std_atomic_mass, wtd_mean_fie, entropy_fie, range_fie, wtd_range_fie, wtd_std_fie, mean_atomic_radius, gmean_atomic_radius, wtd_gmean_atomic_radius, entropy_atomic_radius, range_atomic_radius, std_atomic_radius, mean_Density, gmean_Density, wtd_gmean_Density, range_Density, mean_ElectronAffinity, wtd_entropy_ElectronAffinity, wtd_std_ElectronAffinity, mean_FusionHeat, wtd_gmean_FusionHeat, entropy_FusionHeat, wtd_entropy_FusionHeat, range_FusionHeat, wtd_range_FusionHeat, mean_ThermalConductivity, entropy_ThermalConductivity, wtd_entropy_ThermalConductivity, wtd_std_ThermalConductivity, wtd_mean_Valence, gmean_Valence, wtd_gmean_Valence, range_Valence, wtd_range_Valence, std_Valence, wtd_std_Valence",0.0,1.0,1.0,1,2.0,984,984,0.5308641975308642,0.013927977499816613,1,1
"[68.3036476666667,122.8542856666667], [-10.106014250000008,61.850454250000006], [855.1854739130463,1156.6694594202938], [750.2893828969761,1140.6476692197139], [1.4255637807889963,2.051318986785704], [0.5899462909605646,1.4869128022814755], [229.60708985507205,1155.979843478262], [163.06025273916163,503.2654894788083], [57.66688862570001,235.1668886257], [1.4070345543425153,2.0067835518355848], [108.2,261.8], [38.7376009308971,84.9376009308971], [35.056031613707646,99.16890078792257], [-2952.0965150000006,9019.846115], [-4837.25678653048,7360.57155346952], [0.8012155182227048,1.584788879359495], [6051.456785,13505.685215], [-4641.8145333333305,7248.2902666666705], [732.4952597459578,7291.382422857842], [28.924999999999997,110.075], [-8.146530292231603,79.49546970776841], [0.8342282255046886,2.0186085376103113], [0.2580352974490445,1.3973071328412134], [54.870000000000005,222.39], [3.621142000000006,147.960898], [9.499590918964103,94.0375217953051], [-22.449176666666673,89.89195323932165], [-30.12773666666667,40.073523333333334], [-12.53267518659733,23.091844813402673], [-11.772729506877011,14.42177049312299], [-12.302816772751832,22.83991120375235], [37.5226447,180.4862153], [-45.12523821276729,72.4818689941001], [-66.74759000931917,68.61598336124314], [0.3104329089823475,1.1975765912231526], [273.13103985,526.81580015], [94.591313537009,199.934527037009], [70.85827467780088,203.10455489142112], [0.78288287167843,4.2028828716784306], 3.0, [-0.7893053333333302,2.84663866666667], [0.4049999999999999,1.995]","mean_atomic_mass, wtd_range_atomic_mass, wtd_mean_fie, wtd_gmean_fie, entropy_fie, wtd_entropy_fie, wtd_range_fie, wtd_std_fie, gmean_atomic_radius, entropy_atomic_radius, range_atomic_radius, std_atomic_radius, wtd_std_atomic_radius, wtd_mean_Density, gmean_Density, wtd_entropy_Density, range_Density, wtd_range_Density, wtd_std_Density, mean_ElectronAffinity, gmean_ElectronAffinity, entropy_ElectronAffinity, wtd_entropy_ElectronAffinity, range_ElectronAffinity, wtd_range_ElectronAffinity, wtd_std_ElectronAffinity, mean_FusionHeat, wtd_mean_FusionHeat, gmean_FusionHeat, wtd_gmean_FusionHeat, wtd_std_FusionHeat, mean_ThermalConductivity, gmean_ThermalConductivity, wtd_gmean_ThermalConductivity, wtd_entropy_ThermalConductivity, range_ThermalConductivity, std_ThermalConductivity, wtd_std_ThermalConductivity, gmean_Valence, range_Valence, wtd_range_Valence, std_Valence",1.0,0.1,1.0,1,1.5,985,985,0.5185185185185185,0.01044598312486246,0,0
"[68.3036476666667,122.8542856666667], [-10.106014250000008,61.850454250000006], [855.1854739130463,1156.6694594202938], [750.2893828969761,1140.6476692197139], [1.4255637807889963,2.051318986785704], [0.5899462909605646,1.4869128022814755], [229.60708985507205,1155.979843478262], [163.06025273916163,503.2654894788083], [57.66688862570001,235.1668886257], [1.4070345543425153,2.0067835518355848], [108.2,261.8], [38.7376009308971,84.9376009308971], [35.056031613707646,99.16890078792257], [-2952.0965150000006,9019.846115], [-4837.25678653048,7360.57155346952], [0.8012155182227048,1.584788879359495], [6051.456785,13505.685215], [-4641.8145333333305,7248.2902666666705], [947.8264989774093,7060.71996397741], [-2272.077205317453,7291.382422857842], [28.924999999999997,110.075], [-8.146530292231603,79.49546970776841], [0.8342282255046886,2.0186085376103113], [54.870000000000005,222.39], [3.621142000000006,147.960898], [9.499590918964103,94.0375217953051], [-22.449176666666673,39.36984333333333], [-30.12773666666667,40.073523333333334], [-12.53267518659733,23.091844813402673], [-11.772729506877011,14.42177049312299], [-12.302816772751832,22.83991120375235], [37.5226447,180.4862153], [-45.12523821276729,72.4818689941001], [-66.74759000931917,68.61598336124314], [0.3104329089823475,1.1975765912231526], [273.13103985,526.81580015], [94.591313537009,199.934527037009], [70.85827467780088,203.10455489142112], [0.78288287167843,4.2028828716784306], 3.0, [-0.7893053333333302,2.84663866666667]","mean_atomic_mass, wtd_range_atomic_mass, wtd_mean_fie, wtd_gmean_fie, entropy_fie, wtd_entropy_fie, wtd_range_fie, wtd_std_fie, gmean_atomic_radius, entropy_atomic_radius, range_atomic_radius, std_atomic_radius, wtd_std_atomic_radius, wtd_mean_Density, gmean_Density, wtd_entropy_Density, range_Density, wtd_range_Density, std_Density, wtd_std_Density, mean_ElectronAffinity, gmean_ElectronAffinity, entropy_ElectronAffinity, range_ElectronAffinity, wtd_range_ElectronAffinity, wtd_std_ElectronAffinity, mean_FusionHeat, wtd_mean_FusionHeat, gmean_FusionHeat, wtd_gmean_FusionHeat, wtd_std_FusionHeat, mean_ThermalConductivity, gmean_ThermalConductivity, wtd_gmean_ThermalConductivity, wtd_entropy_ThermalConductivity, range_ThermalConductivity, std_ThermalConductivity, wtd_std_ThermalConductivity, gmean_Valence, range_Valence, wtd_range_Valence",1.0,0.1,1.0,1,1.5,985,985,0.5061728395061729,0.01044598312486246,0,0
"5.0, [-19.637210330523693,124.1782227494763], [1.7402244112317646,73.02116380131484], [-30.64248365117662,91.49905137135342], [39.5323214276568,70.8484284276568], [31.3935602414753,75.8422282414753], [466.6298570602465,1108.4989874950315], [1.155834344613142,2.018944973574118], [1.0409962786564495,1.6525643545570705], [114.30500000000006,923.095], [50.34999999999998,222.85000000000002], [40.401080631753985,215.401080631754], [44.655588033773,204.655588033773], [82.095897598456,152.09589759845602], [17.191769120017018,79.63449854415599], [41.6404498702464,71.6704498702464], [-3540.417203666715,12723.888700224075], [0.8861680645977786,2.0392030423006213], [-693.2855749999999,13989.285575], [-762.8758913628699,7065.91749363713], [17.840000000000003,147.68], [-35.3009709060681,198.41102909393192], [-26.692813175362517,158.3291868246375], [0.998260950202926,1.8539124148875157], [13.775000000000006,240.625], [-19.730359557772204,93.9918724422278], [-15.295243590300629,106.87625472252162], [17.372729999999997,62.42727], [-5.852843584652707,61.20507641534731], [14.555037751131298,47.0362177511313], [0.7722991278006424,1.7488160489570777], [0.8295190880661332,1.475970050858687], [20.371118424500605,50.3194184245006], [24.332327933792484,40.35327745249292], [13.744295068578609,115.4776500685786], [-6.8535986316921935,110.75350857517519], [-70.60783432276551,162.51831981542512], [1.1095637406639578,1.6160966680672622], [0.604300015363387,1.668872434052353], [11.408167494880999,84.503458494881], [1.33369114783072,4.87369114783072], [0.9168099030094654,2.2448271687091346], [0.8895347886771392,1.8839014861555408], 2.0, [-0.12166852264521189,1.6183314773547879]","number_of_elements, wtd_mean_atomic_mass, gmean_atomic_mass, wtd_gmean_atomic_mass, std_atomic_mass, wtd_std_atomic_mass, wtd_mean_fie, entropy_fie, wtd_entropy_fie, range_fie, mean_atomic_radius, wtd_mean_atomic_radius, gmean_atomic_radius, wtd_gmean_atomic_radius, wtd_range_atomic_radius, std_atomic_radius, wtd_gmean_Density, entropy_Density, range_Density, std_Density, mean_ElectronAffinity, wtd_mean_ElectronAffinity, wtd_gmean_ElectronAffinity, entropy_ElectronAffinity, range_ElectronAffinity, wtd_range_ElectronAffinity, std_ElectronAffinity, mean_FusionHeat, gmean_FusionHeat, wtd_gmean_FusionHeat, entropy_FusionHeat, wtd_entropy_FusionHeat, std_FusionHeat, wtd_std_FusionHeat, wtd_mean_ThermalConductivity, gmean_ThermalConductivity, wtd_gmean_ThermalConductivity, entropy_ThermalConductivity, wtd_entropy_ThermalConductivity, std_ThermalConductivity, gmean_Valence, entropy_Valence, wtd_entropy_Valence, range_Valence, std_Valence",1,0.1,1.0,1,1.75,986,986,0.5555555555555556,0.012186980312339536,0,0
"5.0, [-19.637210330523693,124.1782227494763], [1.7402244112317646,73.02116380131484], [-30.64248365117662,91.49905137135342], [39.5323214276568,70.8484284276568], [31.3935602414753,75.8422282414753], [466.6298570602465,1108.4989874950315], [1.155834344613142,2.018944973574118], [1.0409962786564495,1.6525643545570705], [114.30500000000006,923.095], [50.34999999999998,222.85000000000002], [40.401080631753985,215.401080631754], [44.655588033773,204.655588033773], [82.095897598456,152.09589759845602], [17.191769120017018,79.63449854415599], [41.6404498702464,71.6704498702464], [-3540.417203666715,12723.888700224075], [0.8861680645977786,2.0392030423006213], [-693.2855749999999,13989.285575], [-762.8758913628699,7065.91749363713], [17.840000000000003,147.68], [-35.3009709060681,198.41102909393192], [-26.692813175362517,158.3291868246375], [1.0584331007867243,1.8539124148875157], [13.775000000000006,240.625], [-19.730359557772204,93.9918724422278], [-15.295243590300629,106.87625472252162], [17.372729999999997,62.42727], [-5.852843584652707,61.20507641534731], [14.555037751131298,47.0362177511313], [0.7722991278006424,1.7488160489570777], [0.8295190880661332,1.475970050858687], [20.371118424500605,50.3194184245006], [24.332327933792484,40.35327745249292], [13.744295068578609,115.4776500685786], [-6.8535986316921935,110.75350857517519], [-70.60783432276551,162.51831981542512], [1.1095637406639578,1.6160966680672622], [0.604300015363387,1.668872434052353], [11.408167494880999,84.503458494881], [18.483945769244404,71.8090587586074], [1.33369114783072,4.87369114783072], [0.9168099030094654,2.2448271687091346], [0.8895347886771392,1.8839014861555408], [-0.12166852264521189,1.6183314773547879]","number_of_elements, wtd_mean_atomic_mass, gmean_atomic_mass, wtd_gmean_atomic_mass, std_atomic_mass, wtd_std_atomic_mass, wtd_mean_fie, entropy_fie, wtd_entropy_fie, range_fie, mean_atomic_radius, wtd_mean_atomic_radius, gmean_atomic_radius, wtd_gmean_atomic_radius, wtd_range_atomic_radius, std_atomic_radius, wtd_gmean_Density, entropy_Density, range_Density, std_Density, mean_ElectronAffinity, wtd_mean_ElectronAffinity, wtd_gmean_ElectronAffinity, entropy_ElectronAffinity, range_ElectronAffinity, wtd_range_ElectronAffinity, std_ElectronAffinity, mean_FusionHeat, gmean_FusionHeat, wtd_gmean_FusionHeat, entropy_FusionHeat, wtd_entropy_FusionHeat, std_FusionHeat, wtd_std_FusionHeat, wtd_mean_ThermalConductivity, gmean_ThermalConductivity, wtd_gmean_ThermalConductivity, entropy_ThermalConductivity, wtd_entropy_ThermalConductivity, std_ThermalConductivity, wtd_std_ThermalConductivity, gmean_Valence, entropy_Valence, wtd_entropy_Valence, std_Valence",0.0,0.1,1.0,1,1.75,986,986,0.5555555555555556,0.012186980312339536,0,0
"4.0, [-22.97704600000001,114.40974600000001], [27.774362279999995,84.49030772], [22.3554767,75.80885330000001], [23.875701503566503,57.2122025035665], [489.92600000000004,939.974], [555.9921739130432,857.4761594202907], [364.5006325939964,1021.4450656737256], [0.6386993073715803,2.1059873766052393], [0.6691839138985557,1.5049936176294043], [-14.151230269713622,245.67818334429563], [94.55159036430601,182.051590364306], [118.97234618841901,181.472346188419], [-13.511628977123507,166.6116289771235], [-6.590921703368203,73.1040782966318], [2706.1572050000004,9256.842795], [3020.7298283333303,10023.186838333331], [0.36805887382024194,1.696980543037078], [0.23991411939955964,0.7679744279917443], [148.39326666666966,10916.79006666667], [2254.1735717713,7080.1420967713], [-39.372000000000014,168.372], [-29.168212052920808,133.1317879470792], [0.796958307262375,1.7515334841833248], [-35.10500000000002,205.705], [-15.982887999999996,62.747887999999996], [-6.041170000000001,49.491170000000004], [-18.0169486959537,40.658731304046306], [-29.57304166666667,45.379708333333326], [-2.3912614948478783,33.78507612802407], [-24.76135326666669,162.4280199333333], [-39.66013680524524,163.76837295798484], [-16.273140146107437,145.41112804650865], [1.0623693441350475,1.5525624996866325], [0.46559245615265143,1.5462947599732686], [-17.9622544657599,68.0322055342401], [1.75,3.25], 3.0, [0.39155859912271995,2.28155859912272]","number_of_elements, mean_atomic_mass, wtd_mean_atomic_mass, wtd_range_atomic_mass, std_atomic_mass, mean_fie, wtd_mean_fie, wtd_gmean_fie, entropy_fie, wtd_entropy_fie, std_fie, gmean_atomic_radius, wtd_gmean_atomic_radius, wtd_range_atomic_radius, std_atomic_radius, mean_Density, wtd_mean_Density, entropy_Density, wtd_entropy_Density, wtd_range_Density, std_Density, mean_ElectronAffinity, wtd_gmean_ElectronAffinity, entropy_ElectronAffinity, range_ElectronAffinity, wtd_range_ElectronAffinity, mean_FusionHeat, wtd_gmean_FusionHeat, wtd_range_FusionHeat, wtd_std_FusionHeat, wtd_mean_ThermalConductivity, gmean_ThermalConductivity, wtd_gmean_ThermalConductivity, entropy_ThermalConductivity, wtd_entropy_ThermalConductivity, std_ThermalConductivity, mean_Valence, range_Valence, wtd_std_Valence",0.0,1.0,1.0,1,1.0,987,987,0.48148148148148145,0.006963988749908306,1,1
"4.0, [-40.32415711128403,112.87031054409263], [0.6739771642766141,1.3006022429636959], [-27.062411085714302,98.3474340142857], [33.907632326838,72.29511832683801], [617.12,945.2800000000001], [822.6698498964824,1192.2308643892375], [0.9967590104123163,1.6225142164090238], [0.1731909236389484,1.3759414729101695], [134.1740468405953,503.9312892913007], [193.95990466126375,524.5818952955683], [110.0,202.5], [-22.984878103752862,149.93344953232426], [59.65170091415508,113.07909189266752], [-1316.9069049999998,12462.121405], [-887.1783514285698,7244.70720857143], [-2632.833376604164,4369.623633395836], [-6269.378274723099,6380.637428303074], [0.7469260024697326,1.4309298028019275], [-242.3626058524501,6942.968309147551], [-13.710109493779001,177.80389050622102], [29.289320739309986,178.60532073931], [0.37265858655466705,1.260620458257387], [22.627900999999994,138.537099], [-21.059568188360117,100.67505227357091], [-19.62833571428571,27.52176428571429], [-4.192266763011211,13.36363323698879], [36.18722680000002,175.8260632], [-41.43419958853786,53.922914362976236], [-0.06394362341420004,0.548992011588538], [-13.12433142857141,127.37966857142861], [106.5805389066602,170.5706744938958], [1.1784271247461897,4.47842712474619], [0.8480273084089498,4.02802730840895], [0.547844732757374,2.111477964952146], [0.6143152800630258,1.5111950464160941], [-0.006648142857139883,2.16093385714286]","number_of_elements, wtd_gmean_atomic_mass, wtd_entropy_atomic_mass, wtd_range_atomic_mass, std_atomic_mass, mean_fie, wtd_mean_fie, entropy_fie, wtd_entropy_fie, std_fie, wtd_std_fie, mean_atomic_radius, wtd_range_atomic_radius, wtd_std_atomic_radius, mean_Density, wtd_mean_Density, gmean_Density, wtd_gmean_Density, entropy_Density, std_Density, gmean_ElectronAffinity, wtd_gmean_ElectronAffinity, wtd_entropy_ElectronAffinity, wtd_range_ElectronAffinity, wtd_std_ElectronAffinity, wtd_mean_FusionHeat, std_FusionHeat, mean_ThermalConductivity, gmean_ThermalConductivity, wtd_entropy_ThermalConductivity, wtd_range_ThermalConductivity, wtd_std_ThermalConductivity, gmean_Valence, wtd_gmean_Valence, entropy_Valence, wtd_entropy_Valence, wtd_range_Valence",0.0,1.0,1.0,1,1.0,988,988,0.4567901234567901,0.006963988749908306,1,1
"[32.04247599999999,116.899024], [40.10700236833779,101.20495041698041], [4.424145699999997,89.69285430000001], [-7.331473449999997,113.96657345], [-5.205306665892099,48.335134334107906], [490.9670014148221,881.3252877375598], [0.2716384021350792,1.1131712653720307], [-0.09635947740804984,1.2898614946333578], [-56.395871627522155,108.49587162752215], [-71.9572416827017,119.70768042414151], [95.56416406326301,263.064164063263], [0.17014500051911857,1.0268316852731896], [-75.04,99.04], [3219.3715550000006,16546.628445], [2961.1650443381504,13803.679124338149], [-0.031438768429274955,0.990613441749147], [533.4572349999999,10246.542765], [1169.3140000000003,11264.686], [-861.4899419994399,5801.50654116184], [-26.240510155012103,132.81348984498788], [-32.250382679135306,139.7876173208647], [0.16710952346827634,1.0383173975916997], [-67.39999999999999,72.2], [-43.08897999999999,88.12897999999998], [-41.967262737197196,44.3672627371972], [9.802749999999998,35.99725], [1.4605099999999993,44.41949], [-0.04588176137429001,1.2644918118538602], [-17.197725000000002,17.397724999999998], [-38.421351099999995,128.42135109999998], [0.13205824003483124,1.1941434103965989], [0.07399973541293492,0.945013532522089], [-108.99225100000001,148.992251], [-70.61980625000001,90.61980625000001], [3.2800000000000002,7.72], [4.03063488599444,7.33063488599444], [0.14280858887437564,1.2352098880789422], [-0.11582308323311785,1.268491338746618], [1.4414040000000001,3.958596], [-0.28,1.28], [-0.021742430504415988,0.9382575694955839]","mean_atomic_mass, gmean_atomic_mass, range_atomic_mass, wtd_range_atomic_mass, wtd_std_atomic_mass, wtd_gmean_fie, entropy_fie, wtd_entropy_fie, std_fie, wtd_std_fie, wtd_gmean_atomic_radius, wtd_entropy_atomic_radius, range_atomic_radius, wtd_mean_Density, gmean_Density, wtd_entropy_Density, range_Density, wtd_range_Density, wtd_std_Density, gmean_ElectronAffinity, wtd_gmean_ElectronAffinity, wtd_entropy_ElectronAffinity, range_ElectronAffinity, wtd_range_ElectronAffinity, std_ElectronAffinity, mean_FusionHeat, wtd_mean_FusionHeat, wtd_entropy_FusionHeat, std_FusionHeat, wtd_mean_ThermalConductivity, entropy_ThermalConductivity, wtd_entropy_ThermalConductivity, range_ThermalConductivity, std_ThermalConductivity, mean_Valence, wtd_gmean_Valence, entropy_Valence, wtd_entropy_Valence, wtd_range_Valence, std_Valence, wtd_std_Valence",0.0,1.0,1.0,1,1.0,989,989,0.5061728395061729,0.006963988749908306,1,1
"[60.981005,131.694795], [17.905829159999996,151.59341484], [36.3585106021296,96.3941803589664], [1.1095556192636273,2.2204821292978525], [-24.22090595,76.51814995], [44.3667817837326,78.7134797837326], [528.1232028985501,917.13479710145], [1.237998577558233,2.236893101529247], [95.64467743337863,380.45768851027333], [73.42857142857099,233.428571428571], [105.61000000000001,215.61], [109.850875213221,172.350875213221], [105.111282861358,195.111282861358], [0.9385380511435214,2.328274228633459], [107.0,235.0], [-29.26765974230883,110.02765974230883], [2492.004205,9042.689794999998], [1418.8001200000003,9550.68568], [-5701.857675041349,9884.768816187328], [0.8756994274803722,1.9147858411617678], [2112.1267470659172,5755.952948794742], [-35.740285714285704,165.5117142857143], [3.925999999999995,130.52], [0.6674734803324808,1.8570073084625394], [-45.72174199999999,116.11374199999999], [4.9801680909464565,96.20155349785375], [-21.38850562989825,33.096054370101754], [-26.202448328466804,39.807691671533206], [-16.113825,23.929425000000002], [-11.751711236998128,24.90913876300187], [-93.11132816571366,129.38860438781927], [-92.1287701489469,174.83827733188429], [0.5105764783185509,1.123512113321289], [58.673382168762004,215.613271668762], [1.82285714285714,4.46285714285714], [1.39900579917019,4.33900579917019], [1.3520113425142297,2.35873410844785], [1.211395509474039,2.381238682978041], 3.0","mean_atomic_mass, wtd_mean_atomic_mass, wtd_gmean_atomic_mass, entropy_atomic_mass, wtd_range_atomic_mass, wtd_std_atomic_mass, wtd_mean_fie, wtd_entropy_fie, std_fie, mean_atomic_radius, wtd_mean_atomic_radius, gmean_atomic_radius, wtd_gmean_atomic_radius, wtd_entropy_atomic_radius, range_atomic_radius, wtd_range_atomic_radius, mean_Density, wtd_mean_Density, wtd_gmean_Density, wtd_entropy_Density, wtd_std_Density, mean_ElectronAffinity, wtd_mean_ElectronAffinity, wtd_entropy_ElectronAffinity, wtd_range_ElectronAffinity, std_ElectronAffinity, gmean_FusionHeat, wtd_gmean_FusionHeat, wtd_range_FusionHeat, std_FusionHeat, gmean_ThermalConductivity, wtd_gmean_ThermalConductivity, wtd_entropy_ThermalConductivity, std_ThermalConductivity, mean_Valence, gmean_Valence, entropy_Valence, wtd_entropy_Valence, range_Valence",1.0,1.0,1.0,1,1.0,991,991,0.48148148148148145,0.006963988749908306,1,1
"2.0, [-38.087911000000005,89.196911], [-5.823867767104186,49.16428547667418], [-25.94428784891316,69.28470555848315], [-48.133173,75.220773], [-0.5989580000000014,27.686557999999998], [453.730354300524,894.402354300524], [211.4136121568875,455.78638784311255], [110.0,200.0], [81.25,228.75], [71.34702190882,183.84702190882], [0.1697713464069867,0.8741581760936672], [109.44,242.56], [56.77863528793051,119.22136471206949], [-2788.0010244014097,5569.770245598589], [0.17748629415356804,0.998290854552202], [-3672.6612000000005,5076.6612000000005], [-1174.7655375000002,2578.7655375000004], [-2889.7715417041277,4293.771541704127], [-9.808068848492333,115.30806884849233], [-0.6481150289363329,0.8573485578465048], [6.959037199999997,233.0409628], [0.19716999636580074,1.1612165356172512], [0.11464728638374089,1.243739245599311], [-120.50400000000002,160.50400000000002], [-12.247922500000001,52.2479225], 3.0, [0.54,2.46]","number_of_elements, mean_atomic_mass, gmean_atomic_mass, wtd_gmean_atomic_mass, wtd_range_atomic_mass, wtd_std_atomic_mass, gmean_fie, wtd_std_fie, mean_atomic_radius, wtd_mean_atomic_radius, gmean_atomic_radius, wtd_entropy_atomic_radius, range_atomic_radius, wtd_range_atomic_radius, gmean_Density, entropy_Density, wtd_range_Density, std_Density, wtd_std_Density, wtd_std_ElectronAffinity, entropy_FusionHeat, mean_ThermalConductivity, entropy_ThermalConductivity, wtd_entropy_ThermalConductivity, wtd_range_ThermalConductivity, std_ThermalConductivity, range_Valence, std_Valence",0.0,1.0,1.0,1,1.0,993,993,0.345679012345679,0.006963988749908306,1,1
"[45.450149999999994,146.46985], [32.82545368306928,159.09454631693072], [-0.38684048117263187,0.38684048117263187], [-0.6070430449781103,0.6070430449781103], [-33.2755936,33.2755936], [431.64799999999997,937.952], [408.20799999999997,961.3919999999999], [-0.3668220173084148,0.3668220173084148], [-0.3567480442753623,0.3567480442753623], [-142.40650553844736,142.40650553844736], [127.5,252.5], [141.25,238.75], [103.74999999999999,276.25], [-0.27604348730964506,0.27604348730964506], [-72.96000000000001,72.96000000000001], [-18.48,18.48], [6214.057220000001,14345.94278], [5762.2858,14797.7142], [2486.6867543856615,18073.31324561434], [-0.42994524592309397,0.42994524592309397], [-0.5536116138466453,0.5536116138466453], [-0.3623850208681384,0.3623850208681384], [-129.13,129.13], [-31.711006999999995,31.711006999999995], [-0.41705410174389423,0.41705410174389423], [-30.90951,30.90951], [-29.262375000000002,29.262375000000002], [-6.9768651129824475,6.9768651129824475], [95.7784554,182.22154460000002], [-90.324,90.324], [-74.17022175000001,74.17022175000001], [-31.9950677936178,31.9950677936178], [-0.4391024830136004,0.4391024830136004], [-1.328518,1.328518]","mean_atomic_mass, gmean_atomic_mass, entropy_atomic_mass, wtd_entropy_atomic_mass, range_atomic_mass, mean_fie, gmean_fie, entropy_fie, wtd_entropy_fie, std_fie, mean_atomic_radius, gmean_atomic_radius, wtd_gmean_atomic_radius, wtd_entropy_atomic_radius, range_atomic_radius, std_atomic_radius, mean_Density, wtd_mean_Density, wtd_gmean_Density, entropy_Density, wtd_entropy_Density, entropy_ElectronAffinity, range_ElectronAffinity, wtd_range_ElectronAffinity, entropy_FusionHeat, range_FusionHeat, wtd_range_FusionHeat, wtd_std_FusionHeat, mean_ThermalConductivity, wtd_range_ThermalConductivity, std_ThermalConductivity, wtd_std_ThermalConductivity, entropy_Valence, wtd_range_Valence",0.0,0.1,1.0,1,1.0,994,994,0.41975308641975306,0.006963988749908306,0,0
"[45.450149999999994,146.46985], [32.82545368306928,159.09454631693072], [-0.38684048117263187,0.38684048117263187], [-0.6070430449781103,0.6070430449781103], [-33.2755936,33.2755936], [431.64799999999997,937.952], [408.20799999999997,961.3919999999999], [-0.3668220173084148,0.3668220173084148], [-142.40650553844736,142.40650553844736], [-179.68586447516552,179.68586447516552], [127.5,252.5], [141.25,238.75], [103.74999999999999,276.25], [-0.27604348730964506,0.27604348730964506], [-18.48,18.48], [6214.057220000001,14345.94278], [5762.2858,14797.7142], [2486.6867543856615,18073.31324561434], [-0.42994524592309397,0.42994524592309397], [-0.5536116138466453,0.5536116138466453], [-0.3623850208681384,0.3623850208681384], [-129.13,129.13], [-31.711006999999995,31.711006999999995], [-29.324520000000003,41.92452], [-0.41705410174389423,0.41705410174389423], [-30.90951,30.90951], [-29.262375000000002,29.262375000000002], [-16.00685,16.00685], [-6.9768651129824475,6.9768651129824475], [95.7784554,182.22154460000002], [-90.324,90.324], [-74.17022175000001,74.17022175000001], [-31.9950677936178,31.9950677936178], [-0.4391024830136004,0.4391024830136004], 0.0, [-1.328518,1.328518], [-1.08,1.08]","mean_atomic_mass, gmean_atomic_mass, entropy_atomic_mass, wtd_entropy_atomic_mass, range_atomic_mass, mean_fie, gmean_fie, entropy_fie, std_fie, wtd_std_fie, mean_atomic_radius, gmean_atomic_radius, wtd_gmean_atomic_radius, wtd_entropy_atomic_radius, std_atomic_radius, mean_Density, wtd_mean_Density, wtd_gmean_Density, entropy_Density, wtd_entropy_Density, entropy_ElectronAffinity, range_ElectronAffinity, wtd_range_ElectronAffinity, wtd_mean_FusionHeat, entropy_FusionHeat, range_FusionHeat, wtd_range_FusionHeat, std_FusionHeat, wtd_std_FusionHeat, mean_ThermalConductivity, wtd_range_ThermalConductivity, std_ThermalConductivity, wtd_std_ThermalConductivity, entropy_Valence, range_Valence, wtd_range_Valence, std_Valence",0.0,0.1,1.0,1,1.0,994,994,0.4567901234567901,0.006963988749908306,0,0
"3.0, [5.352751239999996,74.22211356], [-22.84006523755417,105.46562566459536], [-30.472788800000007,85.99178880000001], [396.77956521739003,1097.00043478261], [370.40090294876603,1073.600902948766], [0.5519254923747345,1.4488920036956454], [-14.38500000000002,324.78499999999997], [-91.73393954411614,210.13831277416193], [84.083333333333,216.583333333333], [0.3604657828689892,1.7955794554416906], [2.5999999999999943,143.4], [9.327374540657853,50.12647310606735], [1300.6286249999998,6947.771375], [-2926.7141250000004,14014.714125], [-100.27212927355959,5047.42763072644], [20.703189196237417,4913.841231517803], [-41.40711908230612,140.36888091769393], [0.02201959499538153,1.3124638156477766], [-0.15821177033525063,1.0480760553741046], [0.9849999999999994,234.815], [2.3949519999999964,124.865048], [17.89770360407732,99.05411724536468], [-2.6606300000000047,67.54063], [0.26164061997414095,1.117751354483199], [26.808552366666703,136.5247809666667], [34.75598570000001,169.04401430000001], [-9.301380458140066,124.19857907397966], [0.39928880223943297,0.947704896715567], [60.9043911,207.0956089], [13.5912,130.0088], [2.52192724889463,4.08192724889463], [0.5319895090840683,1.6458104416063717], [-0.12859547920896808,1.071404520791032]","number_of_elements, wtd_mean_atomic_mass, gmean_atomic_mass, range_atomic_mass, wtd_mean_fie, gmean_fie, wtd_entropy_fie, range_fie, wtd_std_fie, mean_atomic_radius, entropy_atomic_radius, range_atomic_radius, wtd_std_atomic_radius, wtd_mean_Density, range_Density, std_Density, wtd_std_Density, wtd_gmean_ElectronAffinity, entropy_ElectronAffinity, wtd_entropy_ElectronAffinity, range_ElectronAffinity, wtd_range_ElectronAffinity, wtd_std_ElectronAffinity, wtd_mean_FusionHeat, wtd_entropy_FusionHeat, mean_ThermalConductivity, wtd_mean_ThermalConductivity, gmean_ThermalConductivity, wtd_entropy_ThermalConductivity, range_ThermalConductivity, wtd_range_ThermalConductivity, gmean_Valence, entropy_Valence, std_Valence",0.0,1.0,1.0,1,1.0,995,995,0.41975308641975306,0.006963988749908306,1,1
"[-5.5797770799999995,79.49414108], [0.6238698079006275,1.6029714933491925], [8.673412799999994,141.7757872], [-60.11956025,94.07287224999999], [-5.972237027866701,67.7721439721333], [6.370095659583601,50.818763659583595], [693.7088999999987,1364.753900000001], [352.01179999999925,1215.7918000000006], [174.47244095297157,524.2609237979605], [15.480000000000004,200.48000000000002], [0.8382228657153201,1.7164267549016], [105.72,236.28], [51.610435967910405,83.95043596791041], [46.03538811365584,103.34840752696917], [0.64636202580737,1.4280806547584501], [-267.0002999999997,13286.1423], [-210.2726887568499,3954.1001132189504], [-69.9195,170.2845], [-2.285148798837902,91.84885120116209], [67.91499999999999,204.025], [4.326658000000009,166.162142], [33.1755323863908,77.1572717790068], [16.76310592034752,114.82710573690306], [-8.975100000000005,32.9361], [-24.722761381061776,35.00069861893824], [-29.805176187744042,32.01384381225596], [0.54389925496496,1.5611043811695802], [0.44293820553059,1.176747406538354], [5.061299999999999,36.494699999999995], [-60.502759955580416,69.81862911148886], [0.4894742439128079,1.665937817236612], [0.48,4.32], [0.9384271247461897,4.71842712474619], [0.7673967099940702,3.82739670999407], [0.976237399112106,1.6830852985974138], 2.0, [-1.4460750000000002,3.798075], [0.1449999999999999,1.855]","wtd_mean_atomic_mass, wtd_entropy_atomic_mass, range_atomic_mass, wtd_range_atomic_mass, std_atomic_mass, wtd_std_atomic_mass, wtd_mean_fie, wtd_range_fie, wtd_std_fie, wtd_mean_atomic_radius, entropy_atomic_radius, range_atomic_radius, std_atomic_radius, wtd_std_atomic_radius, entropy_Density, range_Density, wtd_std_Density, mean_ElectronAffinity, wtd_gmean_ElectronAffinity, range_ElectronAffinity, wtd_range_ElectronAffinity, std_ElectronAffinity, wtd_std_ElectronAffinity, mean_FusionHeat, gmean_FusionHeat, wtd_gmean_FusionHeat, entropy_FusionHeat, wtd_entropy_FusionHeat, range_FusionHeat, gmean_ThermalConductivity, entropy_ThermalConductivity, wtd_mean_Valence, gmean_Valence, wtd_gmean_Valence, entropy_Valence, range_Valence, wtd_range_Valence, std_Valence",0.0,1.0,1.0,1,1.0,996,996,0.4691358024691358,0.006963988749908306,1,1
"5.0, [23.54577100381276,94.82671039389584], [1.1383060135801415,1.7532831887776585], [0.5078541037967949,1.5652839240812453], [77.1521288,168.66001119999999], [-31.349714464285704,102.28372703571429], [14.252511830600703,90.01728683060071], [579.984,973.776], [692.7995320249588,1187.8880902879432], [248.3586031573942,459.1900174749218], [104.94999999999999,197.45], [54.56,154.56], [0.6870207356467735,1.7531197211185063], [-3.331869952293424,102.34044138086483], [30.369015151319502,86.9640151513195], [-4404.05598200355,6664.34380799645], [0.596656085958468,2.0037496180704117], [4102.028235,13815.113765], [2190.1331425011003,4871.2267675011], [31.203999999999986,141.568], [5.949857142856999,216.93985714285702], [22.317555595260387,171.63355559526042], [0.2256213483727746,1.3648931837649436], [59.19,212.75], [29.848299000000004,132.635701], [-16.023200320210805,102.3299029066666], [-15.519501428571429,23.248358571428568], [-29.86730848726397,31.951711512736033], [0.4628017377773399,1.6858170727902801], [-11.09280357142857,14.575946428571429], [-2.7844179677491816,12.202921904583482], [-19.1753997571429,139.5286340428571], [-59.6567717538742,86.5574696384474], [-0.20124485080476456,0.8794574530158525], [101.42222844641444,171.8113775923736], [0.7225753572281362,1.443978647555604], [-0.10999999999999999,0.91], [-0.07294118454919002,0.9470588154508099]","number_of_elements, gmean_atomic_mass, entropy_atomic_mass, wtd_entropy_atomic_mass, range_atomic_mass, wtd_range_atomic_mass, wtd_std_atomic_mass, mean_fie, wtd_gmean_fie, wtd_std_fie, mean_atomic_radius, wtd_mean_atomic_radius, wtd_entropy_atomic_radius, wtd_range_atomic_radius, std_atomic_radius, gmean_Density, entropy_Density, range_Density, std_Density, mean_ElectronAffinity, wtd_mean_ElectronAffinity, wtd_gmean_ElectronAffinity, wtd_entropy_ElectronAffinity, range_ElectronAffinity, wtd_range_ElectronAffinity, wtd_std_ElectronAffinity, wtd_mean_FusionHeat, wtd_gmean_FusionHeat, wtd_entropy_FusionHeat, wtd_range_FusionHeat, wtd_std_FusionHeat, wtd_mean_ThermalConductivity, gmean_ThermalConductivity, wtd_entropy_ThermalConductivity, wtd_std_ThermalConductivity, wtd_entropy_Valence, std_Valence, wtd_std_Valence",0.0,1.0,1.0,1,4.0,997,997,0.4691358024691358,0.027855954999633226,1,1
"3.0, [0.6087413055913715,1.4703507887861087], [-29.449948028571406,77.45680517142861], [674.6887008281568,1073.4255848861294], [570.134260779056,1141.3902895440378], [-196.78380952381002,379.06952380952424], [85.25,172.75], [47.529189212526006,197.529189212526], [47.55831701734601,215.058317017346], [0.5740631853204143,1.5165258956666658], [15.36,176.64], [1.709721643826704,84.8697216438267], [31.24544218489543,58.444841228501765], [-1042.3998650000003,13188.399865], [-2057.5934148109254,14206.712489079866], [1338.6908327304998,4770.4906727305], [1467.4822997581578,4694.8712212894025], [69.26528571428598,273.763285714286], [80.323770432115,206.917770432115], [0.5559603455411923,1.3514396596419838], [196.85999999999999,308.53999999999996], [69.78217563217858,136.5692613765214], [-21.462856666666703,52.9295233333333], [-9.166170000000001,46.366170000000004], [-3.7368510296120014,24.553208970388003], [0.03797300810437898,1.103743514329941], [-6.072300000000006,67.2723], [2.7137528055061004,25.9495028055061], [-104.87716663131201,113.20859046570502], [-0.5322554443399158,0.5951888134287299], [-0.5800685966168896,0.6296727882569354], [57.1849077,220.5750923], [-10.706285714285713,129.7977142857143], [3.8366666666666696,7.49666666666667], [4.626216173286171,6.66621617328617], [0.3289259617683954,1.7522351561982643], 1.0, [-0.309674096675855,1.1303259033241448]","number_of_elements, wtd_entropy_atomic_mass, wtd_range_atomic_mass, wtd_mean_fie, wtd_gmean_fie, wtd_range_fie, mean_atomic_radius, gmean_atomic_radius, wtd_gmean_atomic_radius, entropy_atomic_radius, range_atomic_radius, std_atomic_radius, wtd_std_atomic_radius, mean_Density, wtd_gmean_Density, std_Density, wtd_std_Density, wtd_mean_ElectronAffinity, wtd_gmean_ElectronAffinity, entropy_ElectronAffinity, range_ElectronAffinity, std_ElectronAffinity, mean_FusionHeat, wtd_mean_FusionHeat, gmean_FusionHeat, wtd_entropy_FusionHeat, range_FusionHeat, std_FusionHeat, wtd_gmean_ThermalConductivity, entropy_ThermalConductivity, wtd_entropy_ThermalConductivity, range_ThermalConductivity, wtd_range_ThermalConductivity, mean_Valence, gmean_Valence, wtd_entropy_Valence, range_Valence, wtd_std_Valence",0.0,1.0,1.0,1,1.0,998,998,0.4691358024691358,0.006963988749908306,1,1
"[47.977875999999995,116.671272], [22.99559508642001,122.3649795115292], [0.9820506040355674,1.8549214333481725], [29.1373981925552,67.5248841925552], [-1.944026642157251,59.066701530345696], [495.568,1048.752], [586.7865828157347,868.8199886128372], [552.705689886271,899.617689886271], [0.7845647647981625,1.8038448912991973], [-34.52948240165654,591.3980538302285], [240.57296486997015,424.6111163235787], [88.637140969359,191.137140969359], [0.8182808493893279,1.5417051609594323], [144.84,265.16], [35.13173979318515,98.27320185869985], [-1846.7140650000001,12384.085665], [-5479.758518000001,9203.29542301252], [0.2818016694529929,1.5082643216670992], [-14.591571428571413,180.1684285714286], [-71.6689359459004,165.28906405409958], [0.4640106624222222,1.5697745026557979], [20.180618857142896,81.4156668571429], [-24.196780000000004,40.76558], [-15.788115714285714,33.45754428571429], [-27.3739003617984,36.5406796382016], [-8.944038297687252,20.39380170231275], [1.069323464096978,1.6999906423438422], [0.604520811717423,1.250971774509977], [-32.97669642857143,44.029553571428565], [-5.657465415003547,14.497922689167968], [-0.16360726322782101,0.642886993354729], [155.25946250534918,227.78161617088284], [1.3199999999999998,3.48], [-0.8408804492305579,3.9529539150904602], [-1.5765947142857146,3.2480232857142863], [-0.695751730089343,1.404248269910657]","mean_atomic_mass, wtd_gmean_atomic_mass, entropy_atomic_mass, std_atomic_mass, wtd_std_atomic_mass, mean_fie, wtd_mean_fie, gmean_fie, wtd_entropy_fie, wtd_range_fie, std_fie, gmean_atomic_radius, wtd_entropy_atomic_radius, range_atomic_radius, wtd_std_atomic_radius, mean_Density, wtd_gmean_Density, wtd_entropy_Density, wtd_mean_ElectronAffinity, gmean_ElectronAffinity, wtd_entropy_ElectronAffinity, wtd_range_ElectronAffinity, mean_FusionHeat, wtd_mean_FusionHeat, gmean_FusionHeat, wtd_gmean_FusionHeat, entropy_FusionHeat, wtd_entropy_FusionHeat, wtd_range_FusionHeat, wtd_std_FusionHeat, wtd_entropy_ThermalConductivity, wtd_std_ThermalConductivity, mean_Valence, wtd_gmean_Valence, wtd_range_Valence, wtd_std_Valence",0.0,0.013168724279835387,0.6666666666666666,1,2.3333333333333335,999,999,0.4444444444444444,0.01624930708311938,0,0
